{"type":"FeatureCollection","features":[{"type":"Feature","properties":{"code":"C13006","name":"Kannur","type":"Corporation","leading":"UDF","seats":{"LDF":15,"UDF":36,"NDA":4,"OTHERS":1}},"geometry":{"type":"MultiPolygon","coordinates":[[[[75.3340672473,11.893560418],[75.3353179898,11.8942315838],[75.3415109841,11.8899602464],[75.3470472557,11.8926118422],[75.3530630046,11.8926402819],[75.3553944906,11.8984698159],[75.3576322223,11.8997912445],[75.3571941816,11.9012423673],[75.3615459434,11.9032697513],[75.360963362,11.9052587726],[75.3661414415,11.9056405985],[75.3674846134,11.9099926122],[75.3733378386,11.9117608248],[75.3779198928,11.909232947],[75.38605601,11.9124484455],[75.3881059117,11.9175405009],[75.4068161504,11.9155950233],[75.4189607541,11.9258990874],[75.4230870004,11.925928146],[75.4258068051,11.9239962037],[75.4254362423,11.9141171128],[75.4357647589,11.9131376565],[75.438045471,11.9107183007],[75.4369456572,11.9063250794],[75.4384139729,11.9043800716],[75.4401183376,11.9057533692],[75.4450341781,11.9039745679],[75.4448303471,11.9015569507],[75.4431920964,11.9011598008],[75.4444080979,11.899182634],[75.4493565125,11.9008823019],[75.4562360818,11.8989381741],[75.454210194,11.8953663083],[75.4569464992,11.892837022],[75.4573434351,11.8892342907],[75.4462641138,11.8849348659],[75.4460395393,11.8819926147],[75.4416578533,11.8800756434],[75.4406288115,11.8764252075],[75.4367346795,11.8743611385],[75.4361709833,11.8659510221],[75.4320871666,11.8575925385],[75.4313100988,11.8490981251],[75.4282807029,11.8447778386],[75.4307563024,11.8349547314],[75.4285639091,11.8314890067],[75.4317992434,11.8276214559],[75.4331782961,11.8303235495],[75.4382688764,11.8335724878],[75.4470450189,11.8329189409],[75.448416934,11.8309363041],[75.4455409771,11.8251755744],[75.4434658248,11.8253917052],[75.4433005566,11.8165964569],[75.4403687231,11.8142691224],[75.4340032015,11.8153537701],[75.4346258152,11.8097197464],[75.4323230261,11.8105073324],[75.4317878123,11.8070672209],[75.4286344027,11.807497122],[75.4255129126,11.8121491786],[75.4238948788,11.8121391845],[75.4223864076,11.8161056946],[75.4175844886,11.8196399564],[75.4166261903,11.8234857838],[75.4071297226,11.8346245873],[75.3969449567,11.8424099218],[75.3841850972,11.8566831186],[75.3770003142,11.8584141763],[75.3760540389,11.8547495691],[75.3760099794,11.8581222565],[75.374748865,11.8581232081],[75.3724771178,11.8548297128],[75.3768458083,11.8534067955],[75.3734990962,11.8528583299],[75.3714349141,11.8565821866],[75.3729405181,11.8580866007],[75.3709631854,11.8587040702],[75.3737551095,11.8611405184],[75.3724458519,11.8662460739],[75.3674611636,11.8649834647],[75.3661572322,11.8665943513],[75.3588737131,11.8612940174],[75.3593115227,11.8634879651],[75.3556202126,11.8647144434],[75.3544341628,11.8676312807],[75.3522508368,11.8673710727],[75.3492325897,11.8740898283],[75.3341821571,11.8933358993],[75.3340672473,11.893560418]]]]}},{"type":"Feature","properties":{"code":"G13017","name":"Alakode","type":"Grama Panchayat","leading":"UDF","seats":{"LDF":5,"UDF":14,"NDA":1,"OTHERS":1}},"geometry":{"type":"MultiPolygon","coordinates":[[[[75.4446348084,12.1722715771],[75.436459557,12.1753861114],[75.4368894855,12.1814676178],[75.4408973567,12.1841935613],[75.4367502027,12.1875616152],[75.4359427025,12.1906967361],[75.4269262165,12.1964321207],[75.4265787705,12.1921142378],[75.4222611771,12.1930754718],[75.4179196528,12.1911799588],[75.4110783576,12.1986013376],[75.4081939508,12.1965737046],[75.4064223918,12.1973792598],[75.4060646638,12.1945430506],[75.4014460547,12.1945491699],[75.3909073319,12.1865912446],[75.391170923,12.1823175963],[75.3875508445,12.1819141942],[75.3838397092,12.1791153435],[75.3803405227,12.1806354772],[75.3786605298,12.1794816652],[75.3729554592,12.1929566053],[75.3726869392,12.2055912887],[75.3754819461,12.2144490242],[75.3746497933,12.2192463176],[75.3721583822,12.2225343465],[75.3764459712,12.2296732027],[75.3726702333,12.2331093336],[75.3733347946,12.2391498525],[75.3718031385,12.2398676979],[75.3710089228,12.2470340593],[75.3816072777,12.2496185193],[75.3872454209,12.2439630641],[75.3976634818,12.2412055714],[75.4100641173,12.2341228615],[75.4141520962,12.2282418265],[75.4164251401,12.219808884],[75.4194321797,12.2207213746],[75.4202382047,12.2233232585],[75.418412347,12.2291818499],[75.4216068696,12.2324242035],[75.4297862925,12.2347437937],[75.4376017729,12.2325391843],[75.4436463849,12.2428865622],[75.4473765107,12.2455452217],[75.4479342855,12.2432155784],[75.4509548373,12.2426664584],[75.4519375593,12.2403319194],[75.4591586478,12.2363992996],[75.4624688884,12.2327726328],[75.4628050288,12.2262289776],[75.4585603103,12.2249491532],[75.4577056715,12.2185893659],[75.4662670707,12.2128373047],[75.4679510206,12.2086807255],[75.4731570524,12.206584647],[75.4743920364,12.2085793821],[75.4818460283,12.2085465662],[75.4842175023,12.2101704718],[75.4928228977,12.2076948731],[75.4946142071,12.2090842374],[75.5002097959,12.2081034042],[75.5083722796,12.2043616771],[75.5147834735,12.1982489379],[75.5168676929,12.1988395609],[75.5313640183,12.1912019127],[75.5346836189,12.1908919439],[75.5379885086,12.1853158699],[75.5496625001,12.1851491696],[75.5589252811,12.1821074281],[75.5598718717,12.1771290512],[75.5554982981,12.1755619371],[75.5295141506,12.1812519404],[75.5211943234,12.1762782489],[75.5154863072,12.1785706961],[75.5017915957,12.1752165528],[75.499232014,12.1759776302],[75.4911783613,12.1707081186],[75.4891652587,12.1721307793],[75.4856731545,12.171758968],[75.4806523902,12.1628785114],[75.4762136904,12.171405163],[75.478293016,12.1738930079],[75.4738404973,12.1770717486],[75.4721260968,12.1738649255],[75.4672208189,12.1731246161],[75.4678018858,12.1701303718],[75.4661669992,12.1708499671],[75.4606739066,12.1673997651],[75.4547293063,12.166330105],[75.4479055919,12.16620974],[75.4447872575,12.172238519],[75.4446348084,12.1722715771]]]]}},{"type":"Feature","properties":{"code":"G13054","name":"Ancharakandy","type":"Grama Panchayat","leading":"LDF","seats":{"LDF":11,"UDF":6,"NDA":0,"OTHERS":0}},"geometry":{"type":"MultiPolygon","coordinates":[[[[75.4943920699,11.8664511427],[75.4881436296,11.8688217737],[75.4882717863,11.8719897095],[75.4904772759,11.873333189],[75.4898355276,11.8766473989],[75.4854258793,11.8790220776],[75.4823598992,11.882965977],[75.4828569802,11.8842571494],[75.4740993371,11.8896742063],[75.4670215836,11.8918017609],[75.4800808652,11.9034222398],[75.4874111815,11.9070380839],[75.4931684789,11.9140397085],[75.5045571553,11.9133660995],[75.5137998347,11.9086958679],[75.5164246624,11.9012659631],[75.512856453,11.8962070938],[75.5076869892,11.8929952189],[75.509602512,11.887171935],[75.5045033663,11.8837912554],[75.5060413265,11.8761101364],[75.5086441881,11.8738148485],[75.5079657413,11.8719936819],[75.5050851816,11.8718241927],[75.5051412589,11.8667691109],[75.5005573352,11.8686540474],[75.4981076053,11.8658921972],[75.4945799666,11.8664062188],[75.4943920699,11.8664511427]]]]}},{"type":"Feature","properties":{"code":"G13068","name":"Aralam","type":"Grama Panchayat","leading":"UDF","seats":{"LDF":6,"UDF":13,"NDA":0,"OTHERS":0}},"geometry":{"type":"MultiPolygon","coordinates":[[[[75.7392018166,11.9544849742],[75.7385296425,11.9571435297],[75.7290639309,11.956511294],[75.7216553858,11.9597688765],[75.7102537131,11.9611758498],[75.7052572151,11.9685674312],[75.7141766695,11.9840106979],[75.7191422817,11.9881140281],[75.7218164711,11.9948043769],[75.7205723066,12.0022801144],[75.7175264269,12.0059992121],[75.718443825,12.0081688995],[75.7228262987,12.0050515427],[75.7272259486,12.0041302572],[75.726214974,12.0011064671],[75.7310348307,11.999254572],[75.7357260466,11.993929122],[75.7433789723,11.997473145],[75.7463255126,11.9950364781],[75.7497058178,11.9965766326],[75.7495697113,11.9985883234],[75.7515134307,11.9997887743],[75.7518491542,11.9977399265],[75.7544727016,11.9975980849],[75.7547900357,11.9993287419],[75.7571332065,11.999551537],[75.758350324,12.0037367297],[75.7655112237,12.0047278112],[75.7678159246,12.001968827],[75.771852625,12.002284929],[75.7741494691,12.0008539915],[75.7772927496,12.0018467429],[75.7820848755,11.9993357238],[75.7906540784,11.9998000372],[75.7991946567,12.0032397618],[75.8006888878,12.0055436259],[75.8049974188,12.0062357923],[75.8157540158,12.0202151208],[75.8228390731,12.0133555837],[75.8230998062,12.0092866808],[75.8203793135,12.0025360961],[75.8252782825,12.0027024422],[75.8255750835,11.9921774421],[75.8294963801,11.9844561182],[75.8370558258,11.9808936932],[75.8397247644,11.9827055722],[75.8429122883,11.980703281],[75.8469750252,11.9820206741],[75.8495587692,11.9780165125],[75.8480469167,11.9749177064],[75.8501180299,11.9747558828],[75.8529572204,11.9715878961],[75.8536804557,11.9658743036],[75.858878191,11.9593964563],[75.8663149492,11.9574141214],[75.8704075162,11.9525813422],[75.8725347837,11.9533079437],[75.8805052794,11.9496900939],[75.8820013983,11.9463136394],[75.8838749119,11.9461685282],[75.8836863245,11.9424125917],[75.881727388,11.9387145984],[75.8756545886,11.9340512788],[75.8650273547,11.9306046027],[75.8634587345,11.9287626618],[75.8503526237,11.9301004428],[75.8438061325,11.9283319683],[75.8380371763,11.9307662476],[75.834860323,11.9295279517],[75.8311260474,11.9304952816],[75.8229397618,11.9269639167],[75.8209659602,11.927404879],[75.8196019372,11.9307820508],[75.8142451369,11.9300570371],[75.8023156008,11.9330728816],[75.8021058088,11.9262636211],[75.7931866404,11.920920612],[75.7861881377,11.920648686],[75.7807017633,11.9141538782],[75.7783797258,11.9153678121],[75.7766313685,11.9193418759],[75.777232437,11.9260574554],[75.7719261732,11.9265315378],[75.7677098916,11.929595606],[75.7660776632,11.9372636614],[75.7632987953,11.937558273],[75.7605878113,11.9325760653],[75.75345186,11.9318921672],[75.7503479113,11.9293234009],[75.7469117542,11.9353100457],[75.7409418996,11.9327927973],[75.7364427776,11.9351878342],[75.7326060492,11.941587231],[75.7326484776,11.9501818489],[75.733252574,11.9521498519],[75.7391666189,11.9543600484],[75.7392018166,11.9544849742]]]]}},{"type":"Feature","properties":{"code":"G13069","name":"Ayyankunnu","type":"Grama Panchayat","leading":"UDF","seats":{"LDF":1,"UDF":14,"NDA":1,"OTHERS":0}},"geometry":{"type":"MultiPolygon","coordinates":[[[[75.7497058178,11.9965766326],[75.7497058178,11.9965766326],[75.7497058178,11.9965766326]]]]}},{"type":"Feature","properties":{"code":"G13038","name":"Azheekode","type":"Grama Panchayat","leading":"LDF","seats":{"LDF":15,"UDF":7,"NDA":1,"OTHERS":1}},"geometry":{"type":"MultiPolygon","coordinates":[[[[75.2954236983,11.9435424701],[75.3029719915,11.9480334234],[75.3092887841,11.9484548187],[75.3171369108,11.9443288818],[75.3326927522,11.9397980005],[75.3420247207,11.9340740617],[75.339803505,11.9288288942],[75.3425553433,11.9242358511],[75.3417229244,11.9224973816],[75.3432623879,11.9227595544],[75.3467809563,11.91880836],[75.3452900073,11.9158283034],[75.3497092134,11.9039367869],[75.3492283608,11.9019569817],[75.3466764219,11.9010586474],[75.3417840096,11.9022328561],[75.3395772842,11.894877913],[75.3401016622,11.8902734271],[75.3353179898,11.8942315838],[75.3340672473,11.893560418],[75.3222299159,11.9048365375],[75.3187730697,11.9050561074],[75.3184799241,11.9131965901],[75.3047989851,11.9324832182],[75.2961650425,11.9417527276],[75.2954236983,11.9435424701]]]]}},{"type":"Feature","properties":{"code":"G13019","name":"Chapparapadavu","type":"Grama Panchayat","leading":"UDF","seats":{"LDF":8,"UDF":11,"NDA":0,"OTHERS":1}},"geometry":{"type":"MultiPolygon","coordinates":[[[[75.3981816252,12.0907019088],[75.3963820136,12.0870696309],[75.3844307793,12.097129613],[75.3797817249,12.1033596289],[75.3736354525,12.1032253234],[75.3648497157,12.1073650179],[75.3677689348,12.1148472403],[75.3727117412,12.1174213731],[75.3794931103,12.1271724325],[75.3811768955,12.1338754125],[75.3831103401,12.134453657],[75.3843670051,12.1313562873],[75.3859995079,12.13124731],[75.3953898031,12.1345522813],[75.403166504,12.1414090118],[75.4031551985,12.1456544164],[75.396158186,12.1539973362],[75.3978018967,12.1612818349],[75.389054946,12.1675155654],[75.3921425343,12.1767468592],[75.3909073319,12.1865912446],[75.4014460547,12.1945491699],[75.4060646638,12.1945430506],[75.4064223918,12.1973792598],[75.4081939508,12.1965737046],[75.4110783576,12.1986013376],[75.4179196528,12.1911799588],[75.4222611771,12.1930754718],[75.4265787705,12.1921142378],[75.426031904,12.1960995776],[75.4290864579,12.1958438603],[75.4359427025,12.1906967361],[75.4367502027,12.1875616152],[75.4408973567,12.1841935613],[75.4368894855,12.1814676178],[75.436459557,12.1753861114],[75.4454440504,12.1717516231],[75.4479055919,12.16620974],[75.4547293063,12.166330105],[75.4555483622,12.1639689769],[75.4520435299,12.1621967404],[75.4556920299,12.1593522306],[75.4552447985,12.1577607155],[75.4580443958,12.1571049467],[75.4523961528,12.1340296967],[75.4423749108,12.1272808859],[75.444809262,12.1224055381],[75.4463348316,12.1226234476],[75.4477175407,12.1177140929],[75.4461563272,12.1126499536],[75.4406642109,12.1127619738],[75.4378414315,12.1100566578],[75.4358186181,12.102527268],[75.4373719971,12.0979998739],[75.4269141589,12.1001707179],[75.4251338487,12.102676753],[75.4259292103,12.109031235],[75.4187348185,12.1076083452],[75.4172580031,12.1085794536],[75.407594351,12.10307532],[75.4024238217,12.0943306161],[75.3983364483,12.0908653259],[75.3981816252,12.0907019088]]]]}},{"type":"Feature","properties":{"code":"G13045","name":"Chembilode","type":"Grama Panchayat","leading":"LDF","seats":{"LDF":11,"UDF":10,"NDA":0,"OTHERS":0}},"geometry":{"type":"MultiPolygon","coordinates":[[[[75.4337679638,11.8436733475],[75.4337603802,11.8352043692],[75.4372885229,11.8325602389],[75.4331782961,11.8303235495],[75.4317992434,11.8276214559],[75.4285639091,11.8314890067],[75.4307563024,11.8349547314],[75.4281081915,11.8441115897],[75.4293769599,11.8480652336],[75.4313100988,11.8490981251],[75.4320871666,11.8575925385],[75.4361709833,11.8659510221],[75.4367346795,11.8743611385],[75.4406288115,11.8764252075],[75.4416578533,11.8800756434],[75.4460395393,11.8819926147],[75.4462641138,11.8849348659],[75.4521993222,11.886599506],[75.4573434351,11.8892342907],[75.4571918749,11.8905044146],[75.4631482403,11.8907531368],[75.4663373529,11.8930796325],[75.4671107441,11.89129673],[75.4740993371,11.8896742063],[75.4828569802,11.8842571494],[75.4823598992,11.882965977],[75.4854258793,11.8790220776],[75.4898355276,11.8766473989],[75.4905133032,11.8743951275],[75.4880950701,11.8716138622],[75.4883740369,11.8676117327],[75.4811261778,11.8702605437],[75.4796913613,11.8659755827],[75.4828338638,11.8639461619],[75.4832215807,11.8619085458],[75.4811420881,11.8532296935],[75.4751513872,11.850797116],[75.4714836136,11.8519989271],[75.4698314608,11.8565917714],[75.4528778916,11.8629606281],[75.4508775841,11.8563492488],[75.4543211606,11.8525637247],[75.4539642808,11.8498882181],[75.443838313,11.8468787729],[75.4411171655,11.8482510836],[75.4365012228,11.8465199295],[75.4358568226,11.8446671487],[75.4344181159,11.8460862184],[75.4337192646,11.8441906226],[75.4337679638,11.8436733475]]]]}},{"type":"Feature","properties":{"code":"G13020","name":"Chengalayi","type":"Grama Panchayat","leading":"LDF","seats":{"LDF":11,"UDF":9,"NDA":0,"OTHERS":0}},"geometry":{"type":"MultiPolygon","coordinates":[[[[75.47473572,12.0208686505],[75.4707320553,12.0202065298],[75.4698251189,12.0184802831],[75.4691073712,12.0147400075],[75.4717990694,12.00684607],[75.4689910929,12.0025574332],[75.4614078637,12.0052042875],[75.4573112648,12.0109132668],[75.451299579,12.0141902888],[75.4448076608,12.0211748977],[75.4372557564,12.0176725507],[75.4325167467,12.0177282806],[75.4369570545,12.0218799408],[75.432004049,12.0266168793],[75.4319728463,12.0340883894],[75.428930651,12.0376380298],[75.4355039347,12.0477780598],[75.4330789568,12.0528457375],[75.4236060308,12.0534210446],[75.4261736157,12.0616764103],[75.4322393526,12.0638160161],[75.4312334182,12.0702354646],[75.428544027,12.0740021093],[75.4354454994,12.0815986115],[75.4358010047,12.0883001729],[75.4402281151,12.0935886786],[75.4399567003,12.0960586978],[75.4361357067,12.0996077035],[75.4378414315,12.1100566578],[75.4406642109,12.1127619738],[75.4461563272,12.1126499536],[75.4477495421,12.118154118],[75.4463901736,12.122513537],[75.4487460965,12.1235658241],[75.4544406807,12.1230274759],[75.4625797815,12.117623712],[75.4679281856,12.1168006741],[75.4680591565,12.1135931273],[75.4695136243,12.1135709913],[75.4742515195,12.1042314387],[75.479488981,12.1059211356],[75.4804805069,12.1048416201],[75.4841505803,12.1090744545],[75.4853527853,12.1060069938],[75.4842343937,12.0970524568],[75.4876609272,12.0902833743],[75.4888469064,12.0807346031],[75.4857624912,12.0720309308],[75.4784143416,12.0668299805],[75.4884060194,12.0560716298],[75.5019004581,12.0560914492],[75.5040104678,12.0521361183],[75.5071872392,12.0510617514],[75.5022512659,12.0445054812],[75.5041434901,12.0394462238],[75.4913855907,12.0412146562],[75.4892624584,12.0368546936],[75.4853496109,12.0360518623],[75.4780150131,12.0255033919],[75.4777564554,12.0214994052],[75.4750521038,12.0209282766],[75.47473572,12.0208686505]]]]}},{"type":"Feature","properties":{"code":"G13004","name":"Cherukunnu","type":"Grama Panchayat","leading":"LDF","seats":{"LDF":12,"UDF":2,"NDA":0,"OTHERS":0}},"geometry":{"type":"MultiPolygon","coordinates":[[[[75.2978605767,11.9870059966],[75.2967926875,11.9887563593],[75.2950471798,11.9870131112],[75.2935409238,11.9883440173],[75.2890592736,11.9859386004],[75.2814734486,11.9903396614],[75.2734931786,11.9988848855],[75.2661178611,12.003587008],[75.2643378792,12.0075274216],[75.2644237849,12.0132880328],[75.2684455362,12.0247359593],[75.2819785782,12.0227946012],[75.2855096059,12.0203093363],[75.2872256776,12.0133730192],[75.2898749498,12.0111082076],[75.2939302246,12.0114047082],[75.2978732991,12.0149617112],[75.3026059351,12.0113611574],[75.3114770842,12.0098943416],[75.3128863902,12.0061291014],[75.3189438296,12.0037442585],[75.3177282427,11.9968670131],[75.3136609981,11.9947756387],[75.311538173,11.9916027134],[75.2979567046,11.9870598041],[75.2978605767,11.9870059966]]]]}},{"type":"Feature","properties":{"code":"G13009","name":"Cherupuzha","type":"Grama Panchayat","leading":"UDF","seats":{"LDF":6,"UDF":13,"NDA":0,"OTHERS":1}},"geometry":{"type":"MultiPolygon","coordinates":[[[[75.4076709686,12.2352660808],[75.3976634818,12.2412055714],[75.3872454209,12.2439630641],[75.3816072777,12.2496185193],[75.3710089228,12.2470340593],[75.3718031385,12.2398676979],[75.3645702716,12.2426120299],[75.3622306545,12.2479010186],[75.3577374327,12.2474526369],[75.3363249997,12.2534700003],[75.3358131807,12.2578068507],[75.3383879557,12.2645799789],[75.3363755411,12.265022145],[75.3357622188,12.2676708425],[75.3401237434,12.2690046617],[75.3440589287,12.2661627002],[75.3464013387,12.2664235789],[75.3595896254,12.2747699907],[75.3639788893,12.2755841059],[75.3689236448,12.284570677],[75.3744450262,12.2825647717],[75.3868163996,12.2869271334],[75.385763197,12.2924535496],[75.3900536489,12.2973817906],[75.3912579058,12.2963691738],[75.3901394168,12.292465261],[75.3922774004,12.2898718184],[75.3965600585,12.2947346244],[75.406111605,12.2930617473],[75.4090387215,12.2946569641],[75.4128573923,12.2932503591],[75.413556467,12.2902285012],[75.415419835,12.2896279439],[75.421911256,12.2912147276],[75.4231654742,12.2948936228],[75.4275635301,12.2949630593],[75.4282021148,12.297849399],[75.4301859894,12.2989764193],[75.433039834,12.2973604198],[75.4375753756,12.2986755724],[75.4418531536,12.2966523131],[75.4473344146,12.2973467998],[75.4598530995,12.2940475747],[75.4638644486,12.298354429],[75.4697391996,12.3008180718],[75.4784572414,12.2964937633],[75.4807069611,12.2928133966],[75.4848082532,12.2908418148],[75.486860527,12.2879251584],[75.4869009816,12.2843726215],[75.4939211524,12.2733300184],[75.4783929383,12.2762075381],[75.4774522224,12.2741205483],[75.4710615735,12.27261963],[75.46761504,12.2648627601],[75.456969376,12.2648382046],[75.4538904133,12.2634774961],[75.451989281,12.2620145045],[75.4514555175,12.2566169647],[75.4477522727,12.2567239443],[75.4459164837,12.2543550857],[75.4456526023,12.2531627202],[75.4506332005,12.2494889442],[75.4436463849,12.2428865622],[75.4384567712,12.2332356562],[75.4351209624,12.2326956356],[75.4297862925,12.2347437937],[75.4221677448,12.2328538452],[75.418412347,12.2291818499],[75.4202382047,12.2233232585],[75.419264103,12.220642498],[75.415424275,12.2200709923],[75.4141520962,12.2282418265],[75.4080770833,12.2350886943],[75.4076709686,12.2352660808]]]]}},{"type":"Feature","properties":{"code":"G13001","name":"Cheruthazham","type":"Grama Panchayat","leading":"LDF","seats":{"LDF":19,"UDF":0,"NDA":0,"OTHERS":0}},"geometry":{"type":"MultiPolygon","coordinates":[[[[75.2655226454,12.0464447709],[75.2655226454,12.0464447709],[75.2655226454,12.0464447709]]]]}},{"type":"Feature","properties":{"code":"G13034","name":"Chirakkal","type":"Grama Panchayat","leading":"LDF","seats":{"LDF":14,"UDF":8,"NDA":1,"OTHERS":1}},"geometry":{"type":"MultiPolygon","coordinates":[[[[75.3454126368,11.8916608445],[75.3454126368,11.8916608445],[75.3454126368,11.8916608445]]]]}},{"type":"Feature","properties":{"code":"G13056","name":"Chittariparamba","type":"Grama Panchayat","leading":"LDF","seats":{"LDF":14,"UDF":2,"NDA":1,"OTHERS":0}},"geometry":{"type":"MultiPolygon","coordinates":[[[[75.6229904012,11.8278134046],[75.6229904012,11.8278134046],[75.6229904012,11.8278134046]]]]}},{"type":"Feature","properties":{"code":"G13061","name":"Chockli","type":"Grama Panchayat","leading":"LDF","seats":{"LDF":18,"UDF":1,"NDA":0,"OTHERS":0}},"geometry":{"type":"MultiPolygon","coordinates":[[[[75.549253838,11.7047052181],[75.5492841877,11.7064684265],[75.5520126166,11.7085011426],[75.5508516313,11.7169319657],[75.5552361778,11.72025105],[75.5554275439,11.7273359783],[75.5432394286,11.7337396285],[75.5424520945,11.7369572477],[75.5453567576,11.7485992698],[75.5500093944,11.7439117143],[75.5556502811,11.7422003224],[75.5568591969,11.7400510064],[75.5557974763,11.7388192771],[75.5567577122,11.7302078331],[75.5629324753,11.731651921],[75.5679170979,11.7384328772],[75.5700325995,11.7386688558],[75.5747161631,11.7356022458],[75.5765483038,11.7265053109],[75.5790392328,11.7250330157],[75.5775635046,11.7172815456],[75.5735566736,11.7114695411],[75.5708976968,11.6993305356],[75.5665934284,11.6945751961],[75.5635207036,11.6935181449],[75.5496928092,11.7045780195],[75.549253838,11.7047052181]]]]}},{"type":"Feature","properties":{"code":"G13050","name":"Dharmadam","type":"Grama Panchayat","leading":"LDF","seats":{"LDF":15,"UDF":2,"NDA":3,"OTHERS":0}},"geometry":{"type":"MultiPolygon","coordinates":[[[[75.4709034817,11.7647105728],[75.465563831,11.7669072833],[75.4605438451,11.7657873143],[75.4531049976,11.7712132735],[75.4497182306,11.7688702229],[75.4534950167,11.7733693622],[75.4553314388,11.7773310239],[75.4543153864,11.7782981738],[75.4594423148,11.7783262502],[75.461498949,11.7817686618],[75.4620896574,11.78919338],[75.45960979,11.7945723276],[75.4615413494,11.8006810023],[75.4592893738,11.8065975693],[75.4640936967,11.816357678],[75.4685874214,11.8158709904],[75.4705376432,11.8130493676],[75.4688487062,11.809926823],[75.4714450877,11.8067087163],[75.4761860379,11.8055084082],[75.4760280097,11.799772576],[75.4839587738,11.7983645952],[75.4897523362,11.7921779295],[75.481844115,11.7851705537],[75.4861209197,11.7826337085],[75.4853249041,11.7806310518],[75.4736608652,11.7731841494],[75.4709395266,11.764856816],[75.4709034817,11.7647105728]]]]}},{"type":"Feature","properties":{"code":"G13011","name":"Eramam- Kuttoor","type":"Grama Panchayat","leading":"LDF","seats":{"LDF":17,"UDF":1,"NDA":0,"OTHERS":1}},"geometry":{"type":"MultiPolygon","coordinates":[[[[75.2882544467,12.1227761831],[75.2882544467,12.1227761831],[75.2882544467,12.1227761831]]]]}},{"type":"Feature","properties":{"code":"G13051","name":"Eranholi","type":"Grama Panchayat","leading":"LDF","seats":{"LDF":16,"UDF":2,"NDA":0,"OTHERS":0}},"geometry":{"type":"MultiPolygon","coordinates":[[[[75.5045466459,11.7677632068],[75.5045466459,11.7677632068],[75.5045466459,11.7677632068]]]]}},{"type":"Feature","properties":{"code":"G13026","name":"Eruvessy","type":"Grama Panchayat","leading":"UDF","seats":{"LDF":2,"UDF":8,"NDA":0,"OTHERS":5}},"geometry":{"type":"MultiPolygon","coordinates":[[[[75.5686993296,12.0634034668],[75.5725135526,12.0609470387],[75.572701928,12.0587864061],[75.569459021,12.0605254986],[75.5670268784,12.0592962932],[75.5632628615,12.0612910294],[75.5599268181,12.0597064185],[75.5556117502,12.0609664069],[75.5509165007,12.0649312324],[75.5475630688,12.0706294933],[75.5449027443,12.0699143389],[75.5408292871,12.0744819194],[75.539065383,12.0812330983],[75.5405579172,12.0866013843],[75.5386039171,12.0931517454],[75.5349690752,12.0965358603],[75.5363335685,12.1099245183],[75.5442619798,12.1109552638],[75.5453002796,12.1087117177],[75.5470078332,12.1091747708],[75.5536582911,12.113305358],[75.5589886489,12.1215661872],[75.5514762986,12.1252501607],[75.5432345513,12.1260327489],[75.5385957057,12.1320969173],[75.5460292187,12.1421155185],[75.5561011822,12.1443676276],[75.557954976,12.1462664795],[75.5576920642,12.149289419],[75.5663466196,12.1486094645],[75.567784471,12.159124291],[75.5655369875,12.1614844009],[75.5650174037,12.1742073826],[75.5702456652,12.1729493539],[75.5785187915,12.1582956058],[75.5831207099,12.1592512779],[75.5837976521,12.1565804487],[75.590769865,12.1518420829],[75.5912883853,12.1486898999],[75.5931996292,12.1488880008],[75.5912384302,12.1417831984],[75.5881454386,12.1385109084],[75.5900632166,12.1349748491],[75.5885076318,12.1306763068],[75.5892830247,12.128135504],[75.593220909,12.1257816808],[75.5914934926,12.1243585586],[75.5950683199,12.1188888487],[75.5973918868,12.1071683749],[75.5910650259,12.1038740561],[75.584273872,12.0927191547],[75.5857523537,12.0822136878],[75.5820220767,12.0794233527],[75.5830416739,12.0773853059],[75.5792223728,12.0765037309],[75.5741169365,12.0715665837],[75.5725845164,12.0717366382],[75.5733216771,12.0671560888],[75.5687579516,12.063612824],[75.5686993296,12.0634034668]]]]}},{"type":"Feature","properties":{"code":"G13003","name":"Ezhome","type":"Grama Panchayat","leading":"LDF","seats":{"LDF":13,"UDF":2,"NDA":0,"OTHERS":0}},"geometry":{"type":"MultiPolygon","coordinates":[[[[75.304851101,12.0330439106],[75.304851101,12.0330439106],[75.304851101,12.0330439106]]]]}},{"type":"Feature","properties":{"code":"G13025","name":"Irikkur","type":"Grama Panchayat","leading":"UDF","seats":{"LDF":1,"UDF":12,"NDA":0,"OTHERS":1}},"geometry":{"type":"MultiPolygon","coordinates":[[[[75.5326022527,11.9858650104],[75.5310276154,11.9851095138],[75.523716327,11.9897603797],[75.519178154,11.9897183864],[75.5127415195,11.9925045143],[75.51617445,12.0022302027],[75.5302067525,12.0027372048],[75.5313694484,12.0075268466],[75.5302830752,12.0102312921],[75.5318222148,12.0123025368],[75.5382163687,12.010461009],[75.5394689816,12.0052758966],[75.5413134088,12.004778321],[75.5524542674,12.014405077],[75.5526666542,12.0104411772],[75.5548071192,12.0088187912],[75.5541681737,12.0035082674],[75.5576559871,11.9981552601],[75.5581907749,11.9932438807],[75.5602347854,11.992076477],[75.5581372521,11.9877431966],[75.5601575835,11.9877610579],[75.561169766,11.9820307783],[75.5546945267,11.9767779415],[75.5512481312,11.9674806629],[75.547420126,11.9676446638],[75.5429930454,11.9745379291],[75.5481270064,11.9798677338],[75.5466545284,11.9893619136],[75.5474796673,11.9935094581],[75.5445423821,11.9947905092],[75.5395994915,11.9940117221],[75.5332192592,11.9864729759],[75.5326022527,11.9858650104]]]]}},{"type":"Feature","properties":{"code":"G13046","name":"Kadambur","type":"Grama Panchayat","leading":"TIE","seats":{"LDF":7,"UDF":7,"NDA":0,"OTHERS":1}},"geometry":{"type":"MultiPolygon","coordinates":[[[[75.4451388751,11.8085457294],[75.4451388751,11.8085457294],[75.4451388751,11.8085457294]],[[75.4455801819,11.8474617368],[75.4455801819,11.8474617368],[75.4455801819,11.8474617368]]]]}},{"type":"Feature","properties":{"code":"G13024","name":"Kadannappalli- Panappuzha","type":"Grama Panchayat","leading":"LDF","seats":{"LDF":15,"UDF":1,"NDA":0,"OTHERS":0}},"geometry":{"type":"MultiPolygon","coordinates":[[[[75.2795282873,12.0747295375],[75.2698462218,12.0759259485],[75.2732931758,12.0844570378],[75.2724121493,12.0891397469],[75.2738293185,12.0965567293],[75.2719675727,12.1025630937],[75.2767656082,12.1052789154],[75.2815068154,12.1110322793],[75.280409368,12.1137900525],[75.2826142024,12.1202950362],[75.2886521919,12.1228538917],[75.2937226585,12.1212486674],[75.2991277017,12.1245835303],[75.2990167542,12.1276107437],[75.3030967877,12.1264531986],[75.3055572192,12.1293273517],[75.3081578063,12.1286015591],[75.3113354336,12.1330254805],[75.3084052159,12.1337860157],[75.311227009,12.1399316207],[75.319556182,12.1503004994],[75.3293635791,12.1506921029],[75.3341590474,12.1524575921],[75.3402967593,12.1460536826],[75.3471384486,12.1472034998],[75.3491819927,12.1432806659],[75.3572260905,12.1419031437],[75.3622778228,12.1432194805],[75.3634742851,12.1420831841],[75.3705737193,12.145727245],[75.3710290602,12.1548172331],[75.3739141251,12.1549623627],[75.3778616817,12.1523694618],[75.3824812741,12.1536741577],[75.3949481507,12.1504870069],[75.3965368576,12.1532401647],[75.4031551985,12.1456544164],[75.401921,12.1395068404],[75.3953898031,12.1345522813],[75.3855025895,12.131097651],[75.3831103401,12.134453657],[75.3816879755,12.1343218195],[75.3796106563,12.1296895681],[75.3740116084,12.1309491517],[75.3654657553,12.1236629519],[75.3608989176,12.1247026966],[75.3574886389,12.1182835622],[75.3508690622,12.1160456494],[75.338670675,12.104580035],[75.3373232116,12.1063445545],[75.3308570399,12.1061763622],[75.3282314424,12.1128663007],[75.3172577411,12.1116175456],[75.3118744244,12.1091195057],[75.3111451347,12.0942316962],[75.3153465167,12.0929472866],[75.2977280175,12.0687469163],[75.2797311108,12.0746526868],[75.2795282873,12.0747295375]]]]}},{"type":"Feature","properties":{"code":"G13067","name":"Kadirur","type":"Grama Panchayat","leading":"LDF","seats":{"LDF":20,"UDF":0,"NDA":0,"OTHERS":0}},"geometry":{"type":"MultiPolygon","coordinates":[[[[75.5310461695,11.7579612565],[75.5283216956,11.7568979979],[75.524269811,11.7598472083],[75.5201702201,11.7582132094],[75.5171672762,11.7600607932],[75.5151202477,11.7590779076],[75.5176688826,11.7612265186],[75.5195922694,11.7732541689],[75.5223176395,11.7774183352],[75.5175914868,11.7899732336],[75.5119211019,11.7918762834],[75.5142712978,11.7944166683],[75.5137740555,11.797315741],[75.5195937568,11.7950555906],[75.5304435151,11.8004130508],[75.5351848808,11.7922776083],[75.5409639773,11.7945901146],[75.5445667198,11.8011512456],[75.5460612648,11.8000993757],[75.5474213234,11.7918918463],[75.5426944149,11.7854752962],[75.544694586,11.7825363738],[75.5425280071,11.7794179803],[75.5490435523,11.7796639611],[75.5501903703,11.7809349025],[75.5515910216,11.7781794984],[75.5493890523,11.7706541567],[75.551076537,11.7683688546],[75.5487308929,11.7673216621],[75.5470868057,11.7695081364],[75.5412174122,11.769093434],[75.5384752101,11.7663521771],[75.5380323038,11.7624042256],[75.5312088911,11.7579717077],[75.5310461695,11.7579612565]]]]}},{"type":"Feature","properties":{"code":"G13007","name":"Kalliassery","type":"Grama Panchayat","leading":"LDF","seats":{"LDF":20,"UDF":0,"NDA":0,"OTHERS":0}},"geometry":{"type":"MultiPolygon","coordinates":[[[[75.3273513486,11.9513533753],[75.3266138621,11.9476489757],[75.3248415027,11.9466299304],[75.3245638483,11.9420598117],[75.3131401491,11.9467169217],[75.315525836,11.9506335442],[75.3154693778,11.9553862974],[75.3089359034,11.9646018045],[75.3089508064,11.9669513184],[75.3131167655,11.9692179129],[75.3131659774,11.9746340542],[75.321143886,11.9766730974],[75.3266027518,11.9730781883],[75.3282393191,11.9746384401],[75.3367787411,11.9740884604],[75.3411410756,11.9762911403],[75.3505918978,11.9767297137],[75.3516595265,11.9794910736],[75.3607527929,11.9844291432],[75.3677197139,11.984629852],[75.3689870083,11.9834000848],[75.3682719415,11.9850752518],[75.370873132,11.9860980084],[75.3777830728,11.9852510527],[75.3771019395,11.978311233],[75.3748964881,11.9762569322],[75.3762617654,11.9755042531],[75.3699030547,11.9682234809],[75.3599145786,11.9652344199],[75.3564031686,11.9667364523],[75.3537604596,11.9657001268],[75.3559264685,11.9586273381],[75.3453162082,11.954973301],[75.3432409164,11.9602434493],[75.3347713266,11.9577368101],[75.3333556439,11.9587727731],[75.3319925576,11.9557697508],[75.3282917306,11.9545288001],[75.3289130209,11.9520205727],[75.3272801203,11.9514722083],[75.3273513486,11.9513533753]]]]}},{"type":"Feature","properties":{"code":"G13012","name":"Kankole- Alapadamba","type":"Grama Panchayat","leading":"LDF","seats":{"LDF":15,"UDF":0,"NDA":0,"OTHERS":0}},"geometry":{"type":"MultiPolygon","coordinates":[[[[75.2309495432,12.1466981667],[75.2309495432,12.1466981667],[75.2309495432,12.1466981667]]]]}},{"type":"Feature","properties":{"code":"G13075","name":"Kanichar","type":"Grama Panchayat","leading":"UDF","seats":{"LDF":2,"UDF":12,"NDA":0,"OTHERS":0}},"geometry":{"type":"MultiPolygon","coordinates":[[[[75.7876424452,11.8520616797],[75.787409951,11.8496984635],[75.7849463365,11.8486593132],[75.7860559666,11.8475642562],[75.7849257298,11.8439202787],[75.7812056328,11.8420727187],[75.7780391289,11.8428510402],[75.7774169811,11.8407532521],[75.7755654088,11.8406692977],[75.7733692589,11.8416904268],[75.7718105405,11.8461059682],[75.7678998582,11.8453552282],[75.7659856395,11.8490092146],[75.7594819417,11.8516600976],[75.7549298051,11.8489202033],[75.7529465413,11.8526130988],[75.7491671943,11.8550217544],[75.7551917863,11.8566032072],[75.7626549107,11.8631294825],[75.757054922,11.8642844091],[75.7559562892,11.8688897314],[75.7539053579,11.8695018216],[75.7549308595,11.8733315536],[75.7531448731,11.8752024064],[75.7532719048,11.8797723754],[75.7572241843,11.8906910787],[75.756899765,11.8981671547],[75.7607912861,11.9035488462],[75.7603801345,11.9068500772],[75.7637401277,11.9082233649],[75.7631433915,11.909945012],[75.7644960407,11.9104569918],[75.7661579591,11.9098029579],[75.7638689164,11.9063733793],[75.7664979665,11.9048371206],[75.7689242106,11.9104544886],[75.7669128888,11.9126061463],[75.7661153983,11.9175427557],[75.7618905244,11.9195614178],[75.7619007021,11.9234356379],[75.7537669528,11.9229416573],[75.7539907547,11.9208322118],[75.7462150425,11.9231767821],[75.7451048147,11.9206469084],[75.7433935774,11.9210813742],[75.7416152679,11.9241881141],[75.7428484263,11.9268175519],[75.7392902442,11.9262289208],[75.7380978296,11.9301347232],[75.7396624981,11.9329584793],[75.7467168778,11.935339327],[75.7508677019,11.9294325375],[75.75345186,11.9318921672],[75.7605878113,11.9325760653],[75.762603138,11.9369339482],[75.7654716568,11.9375383432],[75.7677098916,11.929595606],[75.7719261732,11.9265315378],[75.777232437,11.9260574554],[75.7766313685,11.9193418759],[75.7783797258,11.9153678121],[75.7807017633,11.9141538782],[75.78208169,11.9093487978],[75.7841397036,11.9078482715],[75.7871040591,11.9087669213],[75.7920965233,11.9134241212],[75.7964941836,11.9122151389],[75.795283495,11.9090967555],[75.7922378762,11.9101019417],[75.7891496728,11.905240335],[75.7905704746,11.9024978036],[75.7902700391,11.8944132879],[75.7935113662,11.8930793417],[75.7988519416,11.8943900449],[75.8055632836,11.891952725],[75.8038863838,11.8867599018],[75.804735659,11.88338589],[75.8011791298,11.8790629057],[75.7994326493,11.880801851],[75.7983638743,11.8798809053],[75.7986339306,11.8777970617],[75.7956020707,11.8752279378],[75.7961829852,11.8740044187],[75.7995740228,11.8743231572],[75.7989582457,11.8678941938],[75.8070116087,11.8557169887],[75.8050289837,11.8515484158],[75.8002004284,11.8494882324],[75.8030489947,11.8514969055],[75.7938990127,11.8490308568],[75.7981621346,11.8518434037],[75.793989768,11.8509461519],[75.7882957814,11.853227117],[75.7873147197,11.8522076313],[75.7876424452,11.8520616797]]]]}},{"type":"Feature","properties":{"code":"G13006","name":"Kannapuram","type":"Grama Panchayat","leading":"LDF","seats":{"LDF":15,"UDF":0,"NDA":0,"OTHERS":0}},"geometry":{"type":"MultiPolygon","coordinates":[[[[75.3126292522,11.9705628345],[75.3130207734,11.9690428263],[75.3094545003,11.9666660184],[75.3053691892,11.9694708353],[75.2987135517,11.9666859476],[75.2889247709,11.9851020575],[75.2935409238,11.9883440173],[75.2950471798,11.9870131112],[75.2967926875,11.9887563593],[75.2978605767,11.9870059966],[75.3065956556,11.9892868443],[75.3175848494,11.9966452053],[75.3189438296,12.0037442585],[75.3128863902,12.0061291014],[75.3114770842,12.0098943416],[75.3127226379,12.0122791948],[75.3181379074,12.012748202],[75.3251907137,12.0107033047],[75.3297597066,12.0130864045],[75.3286362797,12.0069151743],[75.333913975,12.0077541896],[75.3349077122,12.0064246845],[75.3335671758,12.000875411],[75.3351389597,11.9989591175],[75.3305913712,11.9937868431],[75.3324784602,11.9907706679],[75.335560944,11.9903621786],[75.3389350132,11.9868391535],[75.3374015739,11.9848582404],[75.3384292016,11.9826258719],[75.337692348,11.9768073868],[75.336121122,11.9765194561],[75.3367787411,11.9740884604],[75.3282393191,11.9746384401],[75.3267552705,11.9730548401],[75.32173212,11.9765306057],[75.316291743,11.9763378739],[75.3128480314,11.9742786546],[75.3140597204,11.9720549047],[75.3126216856,11.9708481458],[75.3126292522,11.9705628345]]]]}},{"type":"Feature","properties":{"code":"G13013","name":"Karivellur- Peralam","type":"Grama Panchayat","leading":"LDF","seats":{"LDF":16,"UDF":0,"NDA":0,"OTHERS":0}},"geometry":{"type":"MultiPolygon","coordinates":[[[[75.1956679899,12.1469382121],[75.1956679899,12.1469382121],[75.1956679899,12.1469382121]]]]}},{"type":"Feature","properties":{"code":"G13070","name":"Keezhallur","type":"Grama Panchayat","leading":"LDF","seats":{"LDF":12,"UDF":4,"NDA":0,"OTHERS":0}},"geometry":{"type":"MultiPolygon","coordinates":[[[[75.5236929579,11.8944721068],[75.5212664279,11.895828244],[75.5223171906,11.8990971378],[75.5165984596,11.9025603435],[75.5135935937,11.9088964744],[75.5092728229,11.9119867785],[75.4963477711,11.9151673369],[75.4963142439,11.9168438798],[75.4992039068,11.9175616071],[75.500974695,11.9208582426],[75.498277192,11.9214860072],[75.5008456517,11.9273275123],[75.4989819001,11.9293821679],[75.4999603177,11.931329884],[75.5031799681,11.9313610076],[75.5054652162,11.9337028046],[75.5061353244,11.932268871],[75.5132293245,11.9317063653],[75.517425331,11.935129246],[75.53213482,11.9388796746],[75.5362217256,11.9380492013],[75.540662642,11.9417510559],[75.5423317177,11.9456483644],[75.5442892303,11.9445287343],[75.5499858134,11.9461945159],[75.5505127562,11.9476962101],[75.5622591638,11.9450427656],[75.5680071098,11.9306863707],[75.55952301,11.9292992349],[75.5622794835,11.9227026223],[75.5589516203,11.918356764],[75.5555072726,11.9170815175],[75.554275879,11.9103605398],[75.5557470907,11.9063757461],[75.5577082154,11.9055756516],[75.5565994596,11.8986834121],[75.552169135,11.8957637612],[75.5433328813,11.8937565676],[75.5421476883,11.8918034508],[75.5392979286,11.8919374736],[75.5384479917,11.8901586076],[75.5322368979,11.8942356862],[75.5299408491,11.8911561991],[75.5283416438,11.8947445645],[75.5241791996,11.8943870699],[75.5236929579,11.8944721068]]]]}},{"type":"Feature","properties":{"code":"G13076","name":"Kelakam","type":"Grama Panchayat","leading":"UDF","seats":{"LDF":5,"UDF":9,"NDA":0,"OTHERS":0}},"geometry":{"type":"MultiPolygon","coordinates":[[[[75.8194517959,11.8588037451],[75.8166537103,11.8557664094],[75.8070116087,11.8557169887],[75.7989582457,11.8678941938],[75.7995740228,11.8743231572],[75.7961829852,11.8740044187],[75.7956020707,11.8752279378],[75.7986339306,11.8777970617],[75.7983638743,11.8798809053],[75.7994326493,11.880801851],[75.8011791298,11.8790629057],[75.804735659,11.88338589],[75.8038863838,11.8867599018],[75.8055632836,11.891952725],[75.7988519416,11.8943900449],[75.7935113662,11.8930793417],[75.7900067324,11.8947278244],[75.7905704746,11.9024978036],[75.7891496728,11.905240335],[75.7922378762,11.9101019417],[75.795283495,11.9090967555],[75.7964941836,11.9122151389],[75.7920965233,11.9134241212],[75.7871040591,11.9087669213],[75.7841397036,11.9078482715],[75.78208169,11.9093487978],[75.7807017633,11.9141538782],[75.7858754571,11.9204326054],[75.7931866404,11.920920612],[75.8021058088,11.9262636211],[75.8023156008,11.9330728816],[75.8142451369,11.9300570371],[75.8196019372,11.9307820508],[75.8209659602,11.927404879],[75.8229397618,11.9269639167],[75.8311260474,11.9304952816],[75.834860323,11.9295279517],[75.8380371763,11.9307662476],[75.8438061325,11.9283319683],[75.8503526237,11.9301004428],[75.8634587345,11.9287626618],[75.8655258681,11.9306273636],[75.8693737095,11.928312562],[75.8762992619,11.9286393125],[75.8763143818,11.9241553318],[75.8823566365,11.9240425696],[75.8809310256,11.9117301973],[75.8783550959,11.9080222776],[75.8716004649,11.9047632646],[75.8607423246,11.9036464586],[75.8519411849,11.9070198059],[75.839278272,11.9087697063],[75.8375682988,11.9065287816],[75.8336463178,11.9060599101],[75.8366553292,11.9000316305],[75.8358408236,11.8984081301],[75.8306132444,11.8972080607],[75.8306345756,11.8935564826],[75.8288699607,11.892968811],[75.8274466076,11.8958027022],[75.822078918,11.8957367715],[75.8193882113,11.8941635644],[75.8175748962,11.8843902766],[75.8203215679,11.8745500736],[75.8194635044,11.8589660471],[75.8194517959,11.8588037451]]]]}},{"type":"Feature","properties":{"code":"G13040","name":"Kolachery","type":"Grama Panchayat","leading":"UDF","seats":{"LDF":5,"UDF":13,"NDA":1,"OTHERS":0}},"geometry":{"type":"MultiPolygon","coordinates":[[[[75.4118601365,11.9250317265],[75.4102414002,11.9281523647],[75.4124930124,11.9339371338],[75.4103280116,11.9390078534],[75.4144306639,11.9400479159],[75.4122866855,11.9487136744],[75.4057168877,11.9482627502],[75.4007307142,11.9501688523],[75.4022621813,11.9564931234],[75.401032804,11.9597590732],[75.3961443939,11.9606740274],[75.3977993557,11.9657310173],[75.3947074752,11.9710846163],[75.3916203203,11.9697691002],[75.3813390456,11.9587257154],[75.3773650108,11.9584398652],[75.375717319,11.9602192426],[75.3830790297,11.9712287986],[75.3963330046,11.972422469],[75.3997247431,11.9743353372],[75.403954301,11.9831945747],[75.4100789455,11.9842818479],[75.415488207,11.98129035],[75.4220727159,11.9886630164],[75.4261024132,11.9880703772],[75.4308453257,11.9896625379],[75.4301174551,11.9841883308],[75.4331905118,11.9787205294],[75.4315211225,11.9783346001],[75.4306908157,11.971573999],[75.4328362699,11.961164155],[75.4355620682,11.9561096695],[75.4271203177,11.9362629536],[75.4302292097,11.9302766032],[75.4274199945,11.9237043619],[75.4230870004,11.925928146],[75.4179347681,11.9257847397],[75.4131345809,11.9204975197],[75.4121253931,11.9247161731],[75.4118601365,11.9250317265]]]]}},{"type":"Feature","properties":{"code":"G13079","name":"Kolayad","type":"Grama Panchayat","leading":"LDF","seats":{"LDF":8,"UDF":7,"NDA":0,"OTHERS":0}},"geometry":{"type":"MultiPolygon","coordinates":[[[[75.6941482806,11.7996277353],[75.6847817332,11.8136565638],[75.6844123067,11.821380816],[75.68987992,11.826479754],[75.6906385336,11.8296200385],[75.7025384515,11.8365024113],[75.7031229184,11.8400852702],[75.6971826153,11.8390631517],[75.6928817876,11.8364541731],[75.6874017071,11.8375887401],[75.684298185,11.8419226966],[75.6807502341,11.838890206],[75.6673396515,11.8413574579],[75.6678950123,11.8437961552],[75.6632135661,11.8421840291],[75.6619896977,11.8459475149],[75.6635843751,11.8459608061],[75.6637454575,11.8479183416],[75.6730163395,11.8587734178],[75.6716515421,11.8622610603],[75.6689563132,11.8628273563],[75.6601267247,11.8722666796],[75.6682342707,11.8787221803],[75.6743793516,11.879521244],[75.6894974808,11.8856351619],[75.6907982609,11.8925065444],[75.6936145536,11.8930524468],[75.6964789552,11.8902099081],[75.7061700151,11.8903712368],[75.7078803571,11.8877194199],[75.707306263,11.8851429434],[75.7231033024,11.8855229568],[75.7257233232,11.8824531972],[75.7402664986,11.8748136908],[75.7443420095,11.8772819884],[75.7495517206,11.8771405455],[75.7532719048,11.8797723754],[75.7531448731,11.8752024064],[75.7549308595,11.8733315536],[75.7539053579,11.8695018216],[75.7559562892,11.8688897314],[75.757054922,11.8642844091],[75.7626549107,11.8631294825],[75.7551917863,11.8566032072],[75.7491671943,11.8550217544],[75.7529465413,11.8526130988],[75.7549298051,11.8489202033],[75.7594819417,11.8516600976],[75.7659856395,11.8490092146],[75.7678998582,11.8453552282],[75.7718105405,11.8461059682],[75.7733692589,11.8416904268],[75.7755654088,11.8406692977],[75.7774169811,11.8407532521],[75.7780391289,11.8428510402],[75.7812056328,11.8420727187],[75.7849257298,11.8439202787],[75.7860559666,11.8475642562],[75.7849463365,11.8486593132],[75.787409951,11.8496984635],[75.7881397841,11.8532141934],[75.793989768,11.8509461519],[75.7982814041,11.8517636964],[75.7929447161,11.8491056461],[75.8029123627,11.8515117648],[75.8002004284,11.8494882324],[75.8050289837,11.8515484158],[75.804159927,11.8472213639],[75.8005624217,11.8452680594],[75.7930207133,11.8457243767],[75.7898736525,11.8403677167],[75.7900142267,11.8358437478],[75.7930422193,11.8315790394],[75.7976429259,11.8286339948],[75.7999220903,11.8178622166],[75.7812197368,11.8102662157],[75.7800288623,11.805606386],[75.7756927222,11.8029544865],[75.7638070487,11.8031499653],[75.7570330703,11.8055682716],[75.7506373566,11.8040774175],[75.7459266677,11.7991626926],[75.7521192529,11.7947000709],[75.7524030314,11.791639956],[75.7571630308,11.7895526772],[75.7523411401,11.7844112442],[75.7492427575,11.7834983468],[75.7456851426,11.787664069],[75.7421697282,11.7865852057],[75.7378298638,11.7876141742],[75.7379570282,11.7819605651],[75.7294905288,11.780934396],[75.7292901563,11.7871639182],[75.725353092,11.7958858812],[75.7198886082,11.795774204],[75.7155498816,11.7985078471],[75.706335298,11.7970311667],[75.6984348765,11.8016529855],[75.6951250222,11.7995839945],[75.6941482806,11.7996277353]]]]}},{"type":"Feature","properties":{"code":"G13072","name":"Koodali","type":"Grama Panchayat","leading":"LDF","seats":{"LDF":12,"UDF":8,"NDA":0,"OTHERS":0}},"geometry":{"type":"MultiPolygon","coordinates":[[[[75.4828059508,11.9060700435],[75.4802278457,11.9047625769],[75.4763477751,11.9075557134],[75.4763084694,11.9114001363],[75.4734375159,11.916469276],[75.4682247487,11.920626826],[75.4616895688,11.930697318],[75.470083431,11.9322453594],[75.4698820565,11.9351383903],[75.4720005124,11.9345111883],[75.4774572449,11.9407884147],[75.4940427703,11.9385957371],[75.4976465307,11.9502146964],[75.4966951268,11.9525770669],[75.502150731,11.9556620492],[75.5044644029,11.9616653898],[75.5019270991,11.9643030349],[75.501249981,11.9628003678],[75.5013236146,11.9664130615],[75.5053400976,11.9725525286],[75.5052147311,11.9789457763],[75.5078587766,11.9798666631],[75.5057948723,11.9897209659],[75.5113414491,11.9924313951],[75.523716327,11.9897603797],[75.5314837295,11.9850027109],[75.5395994915,11.9940117221],[75.5445423821,11.9947905092],[75.5474796673,11.9935094581],[75.5466545284,11.9893619136],[75.5481270064,11.9798677338],[75.5429930454,11.9745379291],[75.547420126,11.9676446638],[75.5510417383,11.9677736462],[75.5523657363,11.9639089295],[75.5539543333,11.9643881575],[75.5540603322,11.9602629765],[75.5490371672,11.9528302275],[75.5501137117,11.9462770591],[75.5442892303,11.9445287343],[75.5423317177,11.9456483644],[75.540662642,11.9417510559],[75.5362217256,11.9380492013],[75.53213482,11.9388796746],[75.517425331,11.935129246],[75.5132293245,11.9317063653],[75.5061353244,11.932268871],[75.5054652162,11.9337028046],[75.5031799681,11.9313610076],[75.5003403389,11.9317193204],[75.4989819001,11.9293821679],[75.5008456517,11.9273275123],[75.498277192,11.9214860072],[75.500974695,11.9208582426],[75.4992039068,11.9175616071],[75.4963142439,11.9168438798],[75.4975046571,11.9145300695],[75.4931684789,11.9140397085],[75.4875289277,11.908144187],[75.4833417983,11.9061849069],[75.4828059508,11.9060700435]]]]}},{"type":"Feature","properties":{"code":"G13060","name":"Kottayam","type":"Grama Panchayat","leading":"LDF","seats":{"LDF":14,"UDF":1,"NDA":0,"OTHERS":0}},"geometry":{"type":"MultiPolygon","coordinates":[[[[75.5425746942,11.7984985983],[75.5425746942,11.7984985983],[75.5425746942,11.7984985983]]]]}},{"type":"Feature","properties":{"code":"G13077","name":"Kottiyoor","type":"Grama Panchayat","leading":"UDF","seats":{"LDF":2,"UDF":11,"NDA":1,"OTHERS":0}},"geometry":{"type":"MultiPolygon","coordinates":[[[[75.8194517959,11.8588037451],[75.8203215679,11.8745500736],[75.8175748962,11.8843902766],[75.8193882113,11.8941635644],[75.822078918,11.8957367715],[75.8274466076,11.8958027022],[75.8288699607,11.892968811],[75.8306345756,11.8935564826],[75.8306132444,11.8972080607],[75.8358408236,11.8984081301],[75.8366553292,11.9000316305],[75.8336463178,11.9060599101],[75.8375682988,11.9065287816],[75.839278272,11.9087697063],[75.8519411849,11.9070198059],[75.8607423246,11.9036464586],[75.8716004649,11.9047632646],[75.8783550959,11.9080222776],[75.8809310256,11.9117301973],[75.8823566365,11.9240425696],[75.8763143818,11.9241553318],[75.8762992619,11.9286393125],[75.8693737095,11.928312562],[75.8671969448,11.9302939531],[75.868395602,11.9319487113],[75.8731321793,11.9324033135],[75.881727388,11.9387145984],[75.8838749119,11.9461685282],[75.8814851114,11.9469523302],[75.8805095424,11.9506752286],[75.8857669179,11.9523705073],[75.8923386371,11.9496580561],[75.8970467346,11.9457108793],[75.9134461153,11.9468160679],[75.9167458866,11.9448011274],[75.9271091279,11.9430367138],[75.9304842103,11.9395581277],[75.9361699862,11.9402125294],[75.9370543435,11.9419670242],[75.9389112778,11.9409603139],[75.9364972075,11.9339307002],[75.9278897063,11.9346093244],[75.9257537132,11.9327705221],[75.9247457814,11.9287447248],[75.9258278755,11.9244959241],[75.9245673419,11.919895965],[75.935061941,11.9116721214],[75.936400526,11.9055962625],[75.9388323744,11.9030155116],[75.9360692309,11.9004901128],[75.9361669078,11.8908064732],[75.9302626004,11.8824638176],[75.9245131673,11.8801483163],[75.9187731985,11.8800751987],[75.911068821,11.8750708577],[75.9119503279,11.8730093392],[75.9214970706,11.8688255515],[75.9308484593,11.8582209337],[75.9288437705,11.8577622877],[75.9250852888,11.848242563],[75.9266322261,11.8466930896],[75.9262710562,11.842270333],[75.9258511428,11.8463275462],[75.9209514188,11.8471856856],[75.9173781595,11.8445168552],[75.9114500447,11.8461962336],[75.9086810771,11.8444260011],[75.8921123763,11.8425553303],[75.8874848336,11.8467586481],[75.8823322524,11.8449024928],[75.8740771521,11.8483563803],[75.8609315744,11.8500972727],[75.8539994113,11.8478105376],[75.8476084345,11.8511260698],[75.8462682211,11.8552958909],[75.8434981423,11.8561482528],[75.8345996102,11.8520875308],[75.8278568697,11.8510777645],[75.8226072584,11.8534815328],[75.8194218673,11.8586766978],[75.8194517959,11.8588037451]]]]}},{"type":"Feature","properties":{"code":"G13014","name":"Kunhimangalam","type":"Grama Panchayat","leading":"LDF","seats":{"LDF":11,"UDF":4,"NDA":0,"OTHERS":0}},"geometry":{"type":"MultiPolygon","coordinates":[[[[75.2398260279,12.0624857462],[75.2349779539,12.0619431268],[75.2309564141,12.0586932747],[75.2307104494,12.0551087782],[75.2250386913,12.0521593257],[75.2195677392,12.0685930143],[75.2243147995,12.0777966742],[75.2196688924,12.0820478667],[75.2213023416,12.089438816],[75.219213849,12.0959170798],[75.2218600665,12.0980805901],[75.2185760785,12.1033285833],[75.2194247649,12.1065311517],[75.2256263915,12.113621682],[75.2309374901,12.1101442695],[75.2348133457,12.1146497691],[75.2398183311,12.1140537137],[75.2439176234,12.1099210921],[75.2413158916,12.1044871833],[75.2428118817,12.1000451045],[75.241278144,12.0954276943],[75.2438791172,12.0892606993],[75.2435839305,12.083086865],[75.248274765,12.0785446364],[75.2481982043,12.0653258896],[75.2460242852,12.0621482865],[75.2400548833,12.062878652],[75.2398260279,12.0624857462]]]]}},{"type":"Feature","properties":{"code":"G13058","name":"Kunnothuparamba","type":"Grama Panchayat","leading":"UDF","seats":{"LDF":9,"UDF":11,"NDA":3,"OTHERS":0}},"geometry":{"type":"MultiPolygon","coordinates":[[[[75.6171545287,11.7458241293],[75.6171545287,11.7458241293],[75.6171545287,11.7458241293]]]]}},{"type":"Feature","properties":{"code":"G13021","name":"Kurumathoor","type":"Grama Panchayat","leading":"LDF","seats":{"LDF":14,"UDF":5,"NDA":0,"OTHERS":1}},"geometry":{"type":"MultiPolygon","coordinates":[[[[75.3819608752,12.0074241668],[75.3819608752,12.0074241668],[75.3819608752,12.0074241668]]]]}},{"type":"Feature","properties":{"code":"G13033","name":"Kuttiattoor","type":"Grama Panchayat","leading":"LDF","seats":{"LDF":15,"UDF":2,"NDA":0,"OTHERS":1}},"geometry":{"type":"MultiPolygon","coordinates":[[[[75.4747804542,11.9368303039],[75.4747804542,11.9368303039],[75.4747804542,11.9368303039]]]]}},{"type":"Feature","properties":{"code":"G13002","name":"Madayi","type":"Grama Panchayat","leading":"UDF","seats":{"LDF":4,"UDF":17,"NDA":0,"OTHERS":1}},"geometry":{"type":"MultiPolygon","coordinates":[[[[75.2286361679,12.0215544292],[75.2252970111,12.0216860192],[75.2241152317,12.0238187079],[75.2255186627,12.0263140548],[75.2307991621,12.0279725176],[75.2324656892,12.0300896425],[75.2249249452,12.0349121671],[75.2243123887,12.0425978518],[75.2274736949,12.0464844018],[75.2273907406,12.0491989144],[75.2359138336,12.0528924531],[75.2454856808,12.0485396396],[75.2518000825,12.0476153295],[75.2525813294,12.0453411696],[75.2557661165,12.0437345069],[75.2651431254,12.0464511331],[75.2647140682,12.0338753243],[75.266162308,12.0313382109],[75.2646737952,12.0275687194],[75.2651228376,12.0255527064],[75.2684455362,12.0247359593],[75.2645561948,12.0142388465],[75.2650762499,12.0051427145],[75.2556122819,12.00022519],[75.2435584596,12.0131914872],[75.2330948058,12.0202618977],[75.22873,12.0214896838],[75.2286361679,12.0215544292]]]]}},{"type":"Feature","properties":{"code":"G13027","name":"Malappattam","type":"Grama Panchayat","leading":"LDF","seats":{"LDF":13,"UDF":1,"NDA":0,"OTHERS":0}},"geometry":{"type":"MultiPolygon","coordinates":[[[[75.475130277,12.0005559945],[75.475130277,12.0005559945],[75.475130277,12.0005559945]]]]}},{"type":"Feature","properties":{"code":"G13080","name":"Malur","type":"Grama Panchayat","leading":"LDF","seats":{"LDF":11,"UDF":4,"NDA":0,"OTHERS":1}},"geometry":{"type":"MultiPolygon","coordinates":[[[[75.629305859,11.8647018001],[75.6250902285,11.8628305371],[75.626849098,11.8648275627],[75.6261378508,11.8675335243],[75.6215475371,11.8694025831],[75.6201809424,11.8726817785],[75.6171001653,11.87035351],[75.6134521809,11.8747979953],[75.6119860702,11.8713429516],[75.6112179766,11.8818811742],[75.6015945514,11.878005145],[75.5882804779,11.8787349704],[75.5873531213,11.8831305689],[75.5834941926,11.8846100725],[75.5858443092,11.8874565706],[75.5901266857,11.889085609],[75.591723921,11.9017495219],[75.5987335952,11.9027264474],[75.6009821042,11.9046269568],[75.6046731561,11.919391506],[75.6209650482,11.9232101215],[75.6253553598,11.9205287112],[75.6309038784,11.9208888463],[75.6311546205,11.9167913979],[75.6271999355,11.9131988246],[75.6261232992,11.907973083],[75.6346569777,11.9051836141],[75.6408352921,11.9052765498],[75.6472799459,11.9081295606],[75.6526751774,11.9069232368],[75.6610407171,11.9100921978],[75.6738703862,11.906925765],[75.6936967483,11.9069959341],[75.6940366174,11.896547491],[75.6927490818,11.8929932977],[75.6907982609,11.8925065444],[75.6897626502,11.8880777964],[75.6869852676,11.887426061],[75.6818999969,11.889552299],[75.6736981114,11.8865850988],[75.6692078767,11.887981002],[75.6656498153,11.8878603339],[75.6651386796,11.8864051434],[75.66265211,11.8875022325],[75.654053953,11.8845676319],[75.6525613651,11.8795220036],[75.6459464473,11.8813942405],[75.646967589,11.8799450594],[75.645636627,11.8776355708],[75.6410074322,11.8812860668],[75.6370887113,11.8771908263],[75.6376909006,11.8746267622],[75.6350299382,11.872878925],[75.6345596923,11.8661556724],[75.6329569049,11.8645588058],[75.6302250264,11.8656323256],[75.629305859,11.8647018001]]]]}},{"type":"Feature","properties":{"code":"G13059","name":"Mangattidam","type":"Grama Panchayat","leading":"LDF","seats":{"LDF":19,"UDF":1,"NDA":0,"OTHERS":1}},"geometry":{"type":"MultiPolygon","coordinates":[[[[75.553619518,11.8470663083],[75.553619518,11.8470663083],[75.553619518,11.8470663083]]]]}},{"type":"Feature","properties":{"code":"G13005","name":"Mattool","type":"Grama Panchayat","leading":"UDF","seats":{"LDF":1,"UDF":18,"NDA":0,"OTHERS":0}},"geometry":{"type":"MultiPolygon","coordinates":[[[[75.2556122819,12.00022519],[75.2650762499,12.0051427145],[75.2734931786,11.9988848855],[75.2814734486,11.9903396614],[75.2886929247,11.9868870757],[75.2902118852,11.9814373782],[75.2987135517,11.9666859476],[75.3063146118,11.9691361355],[75.3093705028,11.9664338296],[75.3090548064,11.9635959179],[75.3154693778,11.9553862974],[75.315525836,11.9506335442],[75.3131401491,11.9467169217],[75.3092887841,11.9484548187],[75.3029719915,11.9480334234],[75.2954236983,11.9435424701],[75.2706539267,11.980504039],[75.255627913,12.0001326175],[75.2556122819,12.00022519]]]]}},{"type":"Feature","properties":{"code":"G13029","name":"Mayyil","type":"Grama Panchayat","leading":"LDF","seats":{"LDF":14,"UDF":4,"NDA":0,"OTHERS":1}},"geometry":{"type":"MultiPolygon","coordinates":[[[[75.4471582588,11.9557315235],[75.445112337,11.9558687239],[75.4452594358,11.9577941066],[75.442604534,11.9591383655],[75.4370715307,11.9595816952],[75.436211519,11.9575837977],[75.4339793687,11.9578608733],[75.4347251817,11.9594775138],[75.4328362699,11.961164155],[75.4306908157,11.971573999],[75.4315211225,11.9783346001],[75.4331905118,11.9787205294],[75.4301174551,11.9841883308],[75.4308453257,11.9896625379],[75.4261024132,11.9880703772],[75.4220727159,11.9886630164],[75.415488207,11.98129035],[75.4100789455,11.9842818479],[75.403954301,11.9831945747],[75.402878167,11.9907393283],[75.4054850466,12.0053419219],[75.4134719637,12.0160506569],[75.4201533996,12.0190224878],[75.4352873908,12.0171252864],[75.4448076608,12.0211748977],[75.451299579,12.0141902888],[75.4573112648,12.0109132668],[75.4623960063,12.0044821255],[75.4836445722,11.9976428713],[75.4825294526,11.9909743314],[75.4762804228,11.9893246848],[75.4682586382,11.9927539366],[75.4512210344,11.9939608046],[75.4542833723,11.9817519495],[75.4530714782,11.9758973787],[75.4592217636,11.9774687566],[75.4603727078,11.9750310634],[75.4640637869,11.9747242919],[75.4682780412,11.9769374804],[75.4665917572,11.9724966332],[75.4684691077,11.972157668],[75.4682634147,11.9684502756],[75.4669213286,11.9673900824],[75.4668488293,11.9577178705],[75.4608921786,11.959363827],[75.4476937229,11.9557648609],[75.4471582588,11.9557315235]]]]}},{"type":"Feature","properties":{"code":"G13066","name":"Mokeri","type":"Grama Panchayat","leading":"LDF","seats":{"LDF":12,"UDF":2,"NDA":1,"OTHERS":0}},"geometry":{"type":"MultiPolygon","coordinates":[[[[75.576359145,11.7640168531],[75.576359145,11.7640168531],[75.576359145,11.7640168531]]]]}},{"type":"Feature","properties":{"code":"G13041","name":"Munderi","type":"Grama Panchayat","leading":"TIE","seats":{"LDF":11,"UDF":11,"NDA":0,"OTHERS":0}},"geometry":{"type":"MultiPolygon","coordinates":[[[[75.455621993,11.8992757457],[75.455621993,11.8992757457],[75.455621993,11.8992757457]]]]}},{"type":"Feature","properties":{"code":"G13078","name":"Muzhakkunnu","type":"Grama Panchayat","leading":"LDF","seats":{"LDF":8,"UDF":5,"NDA":2,"OTHERS":1}},"geometry":{"type":"MultiPolygon","coordinates":[[[[75.675006363,11.9071190621],[75.675006363,11.9071190621],[75.675006363,11.9071190621]]]]}},{"type":"Feature","properties":{"code":"G13048","name":"Muzhappilangad","type":"Grama Panchayat","leading":"LDF","seats":{"LDF":11,"UDF":2,"NDA":0,"OTHERS":4}},"geometry":{"type":"MultiPolygon","coordinates":[[[[75.4317878123,11.8070672209],[75.4323230261,11.8105073324],[75.4346258152,11.8097197464],[75.4345845253,11.8110488309],[75.4374526217,11.8113380075],[75.4485868739,11.8073448637],[75.4570993369,11.8104296284],[75.4577407846,11.813781059],[75.4602644998,11.8143963824],[75.4610975623,11.8228897758],[75.4663822811,11.8228594278],[75.4670895138,11.820095646],[75.4592893738,11.8065975693],[75.4615413494,11.8006810023],[75.45960979,11.7945723276],[75.4622473477,11.7868103069],[75.4594423148,11.7783262502],[75.4543153864,11.7782981738],[75.4461561304,11.7821403386],[75.4448962841,11.7900890332],[75.4391893887,11.7998102019],[75.4323415894,11.8068128898],[75.4317878123,11.8070672209]]]]}},{"type":"Feature","properties":{"code":"G13018","name":"Naduvil","type":"Grama Panchayat","leading":"UDF","seats":{"LDF":4,"UDF":14,"NDA":0,"OTHERS":2}},"geometry":{"type":"MultiPolygon","coordinates":[[[[75.4818756487,12.1063748389],[75.4804805069,12.1048416201],[75.479488981,12.1059211356],[75.4734438057,12.1046289464],[75.4695136243,12.1135709913],[75.4680591565,12.1135931273],[75.4679281856,12.1168006741],[75.4625797815,12.117623712],[75.4599275418,12.1205180474],[75.4529028763,12.1234311129],[75.444809262,12.1224055381],[75.4423749108,12.1272808859],[75.4523961528,12.1340296967],[75.4546535164,12.1399053639],[75.4554426933,12.1506336805],[75.4580443958,12.1571049467],[75.4552447985,12.1577607155],[75.4556920299,12.1593522306],[75.4527157314,12.1604632069],[75.452113641,12.1626632249],[75.4555483622,12.1639689769],[75.4548011222,12.1665771985],[75.4606739066,12.1673997651],[75.4661669992,12.1708499671],[75.4678018858,12.1701303718],[75.4672208189,12.1731246161],[75.4721260968,12.1738649255],[75.4736849186,12.1770476375],[75.478293016,12.1738930079],[75.4762136904,12.171405163],[75.4806523902,12.1628785114],[75.4856731545,12.171758968],[75.4891652587,12.1721307793],[75.4909620273,12.1706531068],[75.499232014,12.1759776302],[75.5017915957,12.1752165528],[75.5154863072,12.1785706961],[75.5211943234,12.1762782489],[75.5295141506,12.1812519404],[75.5554982981,12.1755619371],[75.5598718717,12.1771290512],[75.5650174037,12.1742073826],[75.5655369875,12.1614844009],[75.567784471,12.159124291],[75.5663466196,12.1486094645],[75.5576920642,12.149289419],[75.557954976,12.1462664795],[75.5561011822,12.1443676276],[75.5460292187,12.1421155185],[75.5385957057,12.1320969173],[75.5432345513,12.1260327489],[75.5514762986,12.1252501607],[75.5586447365,12.1225388425],[75.5587587868,12.1199349281],[75.5523716522,12.112074505],[75.5470078332,12.1091747708],[75.5453002796,12.1087117177],[75.5442619798,12.1109552638],[75.5363335685,12.1099245183],[75.5350308883,12.0987194835],[75.5299617457,12.1025384766],[75.5255574802,12.1020681022],[75.5170253459,12.1072680832],[75.5088287204,12.1078765755],[75.5050066672,12.1102842813],[75.5027570782,12.108557557],[75.4986322856,12.1099343731],[75.494838614,12.1069730438],[75.4946896387,12.1018317832],[75.491250738,12.1040957974],[75.489359205,12.1094673],[75.4839319522,12.1090457607],[75.4822795253,12.10710502],[75.4818756487,12.1063748389]]]]}},{"type":"Feature","properties":{"code":"G13008","name":"Narath","type":"Grama Panchayat","leading":"UDF","seats":{"LDF":7,"UDF":11,"NDA":0,"OTHERS":0}},"geometry":{"type":"MultiPolygon","coordinates":[[[[75.3959742911,11.9169762506],[75.3959742911,11.9169762506],[75.3959742911,11.9169762506]]]]}},{"type":"Feature","properties":{"code":"G13053","name":"New Mahe","type":"Grama Panchayat","leading":"LDF","seats":{"LDF":9,"UDF":5,"NDA":0,"OTHERS":0}},"geometry":{"type":"MultiPolygon","coordinates":[[[[75.5141254014,11.7223684261],[75.5168424125,11.7240614829],[75.5205296847,11.723104434],[75.5202595064,11.7258040692],[75.5220093842,11.7270940965],[75.5235211599,11.7270699619],[75.5239253512,11.7253107765],[75.5267695828,11.7257113134],[75.5284748301,11.7163462627],[75.5306524423,11.7152528518],[75.5367219125,11.719201001],[75.537766641,11.71572056],[75.5430420779,11.7151215328],[75.5442539361,11.7175329499],[75.5477441071,11.7156677765],[75.5529999589,11.7192279163],[75.5508516313,11.7169319657],[75.5520126166,11.7085011426],[75.5492841877,11.7064684265],[75.549253838,11.7047052181],[75.5437566262,11.704827321],[75.5405928797,11.7086728134],[75.5367095991,11.709872062],[75.5348393432,11.7094294822],[75.5305518947,11.7034043352],[75.5237712711,11.7079726749],[75.5201093287,11.7151149902],[75.5169113338,11.715628953],[75.5163402629,11.7189982702],[75.5141254014,11.7223684261]],[[75.5322716599,11.7152198445],[75.5291880074,11.7092836144],[75.5312211636,11.7082216163],[75.5310485645,11.7105234892],[75.5358836822,11.7102879192],[75.53277541,11.7151545037],[75.5322716599,11.7152198445]]]]}},{"type":"Feature","properties":{"code":"G13031","name":"Padiyoor Kalliad","type":"Grama Panchayat","leading":"LDF","seats":{"LDF":10,"UDF":5,"NDA":0,"OTHERS":1}},"geometry":{"type":"MultiPolygon","coordinates":[[[[75.561169766,11.9820307783],[75.5601575835,11.9877610579],[75.5581372521,11.9877431966],[75.5602347854,11.992076477],[75.5581907749,11.9932438807],[75.5576559871,11.9981552601],[75.5541681737,12.0035082674],[75.5548071192,12.0088187912],[75.5526666542,12.0104411772],[75.5524542674,12.014405077],[75.5618985781,12.0151264166],[75.5625486123,12.022340757],[75.5667107953,12.0226042443],[75.5688553477,12.0256414632],[75.5660588651,12.0287474748],[75.5664047979,12.0314238355],[75.577009715,12.0358967351],[75.5788096927,12.0393553986],[75.5864635283,12.0402101138],[75.5932128351,12.0438019732],[75.5947890999,12.042992359],[75.5954282681,12.0388161374],[75.6001339773,12.0358374195],[75.6055734563,12.0362679066],[75.6078702744,12.0323550995],[75.610245534,12.0328786355],[75.6125598132,12.0366853796],[75.6182818459,12.0359433491],[75.6206024117,12.0319821911],[75.6194817403,12.0254021314],[75.6214377922,12.0258336792],[75.6271581763,12.0225277666],[75.6337599871,12.0222926268],[75.6371941619,12.0248259465],[75.6380032727,12.0233949887],[75.6464377665,12.0236165836],[75.6486885556,12.024946854],[75.6503886754,12.0304832309],[75.6554364435,12.0243240692],[75.6542447219,12.0223226639],[75.6614085647,12.021408158],[75.6616965353,12.020068157],[75.6569420532,12.0167799392],[75.6555683073,12.0064105387],[75.6536277761,12.0027236079],[75.6449897112,11.996397411],[75.6416355312,11.9877128953],[75.6382701643,11.9894253497],[75.6361325246,11.9870185232],[75.6293465616,11.9854498602],[75.6224351066,11.9915003629],[75.6204109447,11.9916296004],[75.6185764449,11.9899054278],[75.6218745708,11.9838790053],[75.6213481213,11.9818451278],[75.6103670606,11.9802927302],[75.605234468,11.9748802974],[75.6011416543,11.9733976474],[75.5981084826,11.9748661042],[75.5977988019,11.9809879912],[75.5964805445,11.9821699091],[75.5906630729,11.9808329031],[75.5806210503,11.9829615872],[75.578369184,11.9810360868],[75.5776614425,11.9775934631],[75.5753157085,11.9765934674],[75.5666403187,11.9835873233],[75.5616583327,11.9825132566],[75.561169766,11.9820307783]]]]}},{"type":"Feature","properties":{"code":"G13065","name":"Panniyannur","type":"Grama Panchayat","leading":"LDF","seats":{"LDF":16,"UDF":0,"NDA":0,"OTHERS":0}},"geometry":{"type":"MultiPolygon","coordinates":[[[[75.5560029571,11.7343876468],[75.5568591969,11.7400510064],[75.5556502811,11.7422003224],[75.5500093944,11.7439117143],[75.5449756066,11.7480219744],[75.5464777936,11.7563876389],[75.5439407774,11.7595870101],[75.5407523097,11.7589560668],[75.5399723371,11.7612224862],[75.5388627044,11.760454875],[75.5387654102,11.7668881547],[75.5412174122,11.769093434],[75.5470868057,11.7695081364],[75.5487308929,11.7673216621],[75.5559292596,11.7697317366],[75.5729114413,11.7626060663],[75.5741844567,11.7503533012],[75.5708638841,11.7493611603],[75.5709399934,11.7457443769],[75.5679170979,11.7384328772],[75.5629324753,11.731651921],[75.5567577122,11.7302078331],[75.5561333667,11.7340190343],[75.5560029571,11.7343876468]]]]}},{"type":"Feature","properties":{"code":"G13039","name":"Pappinissery","type":"Grama Panchayat","leading":"LDF","seats":{"LDF":16,"UDF":4,"NDA":1,"OTHERS":1}},"geometry":{"type":"MultiPolygon","coordinates":[[[[75.3526840993,11.9320086536],[75.3423937965,11.9339178207],[75.3326927522,11.9397980005],[75.3245638483,11.9420598117],[75.3248415027,11.9466299304],[75.3266138621,11.9476489757],[75.3272112076,11.9519368999],[75.3289550426,11.9521630004],[75.3281079872,11.9542772418],[75.3319925576,11.9557697508],[75.3333556439,11.9587727731],[75.3347713266,11.9577368101],[75.3426620537,11.9602388452],[75.3453162082,11.954973301],[75.3530445776,11.9568267205],[75.3560887323,11.9596406006],[75.3537604596,11.9657001268],[75.3564031686,11.9667364523],[75.3599145786,11.9652344199],[75.3689759137,11.9677293637],[75.3774298217,11.9755739732],[75.3802543528,11.9727717921],[75.3837153065,11.9725539832],[75.375717319,11.9602192426],[75.3678361294,11.9383224381],[75.3600402728,11.930627949],[75.3572128785,11.9299065952],[75.3528647899,11.931967982],[75.3526840993,11.9320086536]]]]}},{"type":"Feature","properties":{"code":"G13022","name":"Pariyaram","type":"Grama Panchayat","leading":"LDF","seats":{"LDF":13,"UDF":8,"NDA":0,"OTHERS":0}},"geometry":{"type":"MultiPolygon","coordinates":[[[[75.3535625353,12.0589279621],[75.3535625353,12.0589279621],[75.3535625353,12.0589279621]]]]}},{"type":"Feature","properties":{"code":"G13057","name":"Pattiam","type":"Grama Panchayat","leading":"LDF","seats":{"LDF":16,"UDF":2,"NDA":2,"OTHERS":0}},"geometry":{"type":"MultiPolygon","coordinates":[[[[75.5542733656,11.7814929805],[75.5425094163,11.7796220076],[75.544694586,11.7825363738],[75.5426944149,11.7854752962],[75.5474213234,11.7918918463],[75.5460612648,11.8000993757],[75.5513891418,11.8087652971],[75.5534756837,11.8090843544],[75.5542362459,11.8109236459],[75.5525078872,11.8113388754],[75.5545465857,11.813267055],[75.5576039351,11.8145653275],[75.5638776187,11.805225524],[75.5696880226,11.8054154752],[75.5727956783,11.807917589],[75.5752248231,11.8076626993],[75.5802267911,11.8126168482],[75.5916750673,11.8132522718],[75.6031844844,11.8227235462],[75.6035746539,11.8254634108],[75.6127113155,11.8214171716],[75.61503873,11.8248826853],[75.6222029308,11.8250225482],[75.6214364761,11.8267066799],[75.6229052121,11.8296151886],[75.6289479826,11.8330835456],[75.6315446248,11.8329583395],[75.6325039599,11.8312427829],[75.6387442976,11.836492594],[75.6440815869,11.8356308411],[75.6493100727,11.8368569009],[75.6502177393,11.8417808239],[75.6523225701,11.8434027287],[75.6553471587,11.8368104546],[75.6583028017,11.8344358149],[75.6610548587,11.8386511544],[75.663140188,11.8362100397],[75.6675159436,11.8136365897],[75.6700308363,11.8091225803],[75.6746592605,11.8055681161],[75.6721169886,11.8033313237],[75.6431056423,11.7994881284],[75.6350272092,11.8049326755],[75.6242959292,11.802914204],[75.6208819739,11.8040139034],[75.6168002703,11.8020252257],[75.6090007866,11.8012623784],[75.6060738535,11.7990794087],[75.6002631304,11.7986062348],[75.5969246747,11.7958993093],[75.5926539084,11.7970008985],[75.6021961292,11.8062425395],[75.5977686561,11.8077811573],[75.5934499577,11.8071296874],[75.5934076087,11.8055607953],[75.5891127188,11.8044576888],[75.5851648081,11.8053406779],[75.581547765,11.800255804],[75.5734393058,11.7975801572],[75.5684632538,11.7861615609],[75.5613439489,11.7810419189],[75.5547837961,11.7812210788],[75.5542733656,11.7814929805]]]]}},{"type":"Feature","properties":{"code":"G13023","name":"Pattuvam","type":"Grama Panchayat","leading":"LDF","seats":{"LDF":9,"UDF":5,"NDA":0,"OTHERS":0}},"geometry":{"type":"MultiPolygon","coordinates":[[[[75.3159574185,12.0128725672],[75.3096055142,12.0097823197],[75.3026059351,12.0113611574],[75.2978732991,12.0149617112],[75.3025507495,12.0219255328],[75.3005503556,12.0289818779],[75.3013163306,12.0312076668],[75.3095415132,12.0349448875],[75.3123004185,12.0437718918],[75.3177314491,12.0471655187],[75.3222050291,12.04569231],[75.3272080296,12.0372542424],[75.329818498,12.0373855079],[75.3323293165,12.0402976638],[75.3388174828,12.0387699978],[75.3416294618,12.0336739552],[75.3413425523,12.0292061963],[75.3468362718,12.0246175282],[75.349876662,12.0251510878],[75.3499328353,12.0227125585],[75.3516915588,12.0215872328],[75.347549867,12.0191554211],[75.3523605803,12.0112536198],[75.3498562643,12.0036069407],[75.3419323365,12.0032815553],[75.3358757316,12.0052765247],[75.333913975,12.0077541896],[75.3286362797,12.0069151743],[75.3293552878,12.0132526699],[75.3251907137,12.0107033047],[75.3166054495,12.0128710231],[75.3159574185,12.0128725672]],[[75.3248519745,12.0285310046],[75.3247240815,12.0284853526],[75.3248519745,12.0285310046]],[[75.3223019134,12.0287728552],[75.3222652379,12.0289881692],[75.3223019134,12.0287728552]]]]}},{"type":"Feature","properties":{"code":"G13073","name":"Payam","type":"Grama Panchayat","leading":"LDF","seats":{"LDF":13,"UDF":6,"NDA":0,"OTHERS":0}},"geometry":{"type":"MultiPolygon","coordinates":[[[[75.69910772,11.9698911273],[75.69910772,11.9698911273],[75.69910772,11.9698911273]]]]}},{"type":"Feature","properties":{"code":"G13028","name":"Payyavoor","type":"Grama Panchayat","leading":"UDF","seats":{"LDF":4,"UDF":13,"NDA":0,"OTHERS":0}},"geometry":{"type":"MultiPolygon","coordinates":[[[[75.6127929026,12.0438710926],[75.6127929026,12.0438710926],[75.6127929026,12.0438710926]]]]}},{"type":"Feature","properties":{"code":"G13047","name":"Peralassery","type":"Grama Panchayat","leading":"LDF","seats":{"LDF":15,"UDF":4,"NDA":0,"OTHERS":0}},"geometry":{"type":"MultiPolygon","coordinates":[[[[75.4789795567,11.8177255443],[75.4762344264,11.8171000343],[75.4670895138,11.820095646],[75.4663822811,11.8228594278],[75.4604476822,11.8244224636],[75.4615479912,11.8287286222],[75.4597299862,11.8303749958],[75.4589278881,11.8347550492],[75.4610662981,11.8401910664],[75.4584145309,11.8442239312],[75.4584498175,11.8494283121],[75.4539948847,11.8504236544],[75.4543211606,11.8525637247],[75.4508775841,11.8563492488],[75.4528778916,11.8629606281],[75.4597250558,11.8606574989],[75.4606138551,11.8590197559],[75.466613433,11.8584504309],[75.4669197172,11.8567673206],[75.4698314608,11.8565917714],[75.4714836136,11.8519989271],[75.4751513872,11.850797116],[75.4811420881,11.8532296935],[75.4812017433,11.8565852164],[75.4830029631,11.8587104656],[75.4829908618,11.8636656911],[75.4796913613,11.8659755827],[75.4811261778,11.8702605437],[75.4967343224,11.8654827312],[75.5005573352,11.8686540474],[75.5051412589,11.8667691109],[75.5005799684,11.8587096275],[75.5038668723,11.8536366599],[75.5070060106,11.8526229938],[75.507100339,11.8503311283],[75.4899164168,11.8456788215],[75.4902353556,11.8397249276],[75.4879039444,11.8350571499],[75.4883556891,11.8325022299],[75.4924311412,11.8308386982],[75.4955331914,11.8360880101],[75.4990756815,11.8361613069],[75.5030953195,11.8281851067],[75.5024859523,11.8234393393],[75.5012378816,11.8221713634],[75.4966641649,11.8255695389],[75.4909261842,11.8248892429],[75.4853928129,11.8200931694],[75.4821967989,11.8213298423],[75.479406937,11.8179976062],[75.4789795567,11.8177255443]]]]}},{"type":"Feature","properties":{"code":"G13081","name":"Peravoor","type":"Grama Panchayat","leading":"LDF","seats":{"LDF":10,"UDF":6,"NDA":1,"OTHERS":0}},"geometry":{"type":"MultiPolygon","coordinates":[[[[75.6875278961,11.8878286923],[75.6897626502,11.8880777964],[75.6894974808,11.8856351619],[75.6675780844,11.8780703193],[75.6648974083,11.8797263093],[75.6634706986,11.8784548734],[75.6624250826,11.879947431],[75.6539525527,11.8779655971],[75.6529682069,11.8810646699],[75.6553869596,11.8855697292],[75.6607865686,11.8858892185],[75.66265211,11.8875022325],[75.6651386796,11.8864051434],[75.6659554809,11.8879065531],[75.6780033226,11.8871610162],[75.6818999969,11.889552299],[75.6873619575,11.8877150395],[75.6875278961,11.8878286923]]],[[[75.7353938036,11.8778394801],[75.7353938036,11.8778394801],[75.7353938036,11.8778394801]]]]}},{"type":"Feature","properties":{"code":"G13010","name":"Peringome Vayakkara","type":"Grama Panchayat","leading":"LDF","seats":{"LDF":12,"UDF":7,"NDA":0,"OTHERS":0}},"geometry":{"type":"MultiPolygon","coordinates":[[[[75.3034414372,12.1681347762],[75.3016124468,12.1671141246],[75.3007732629,12.1597280845],[75.2958666874,12.1533958941],[75.2922806432,12.1532737061],[75.2850448135,12.1570456081],[75.2796555567,12.1571192874],[75.278059346,12.1602366184],[75.2737693691,12.1632586449],[75.272158775,12.1687671818],[75.2757542861,12.1767379982],[75.2758984368,12.1936561383],[75.2735532593,12.1991950393],[75.2774974885,12.2065419115],[75.2819902914,12.2111221876],[75.2835912403,12.223487014],[75.2869028752,12.2272842885],[75.2885286181,12.2314907408],[75.2877945388,12.2333830583],[75.2908364599,12.2369366544],[75.291331216,12.2433225162],[75.2890598947,12.2465061919],[75.2860955289,12.2581941075],[75.2903707224,12.2597886132],[75.2976973848,12.2686818546],[75.3070899066,12.2707088603],[75.3119941642,12.2699181056],[75.3188713177,12.2733853901],[75.3265836612,12.2702314018],[75.3277226057,12.2655612287],[75.3357622188,12.2676708425],[75.3363755411,12.265022145],[75.3383879557,12.2645799789],[75.3358131807,12.2578068507],[75.3363249997,12.2534700003],[75.3577374327,12.2474526369],[75.3622306545,12.2479010186],[75.3645702716,12.2426120299],[75.373162655,12.2395923016],[75.3726702333,12.2331093336],[75.3764459712,12.2296732027],[75.3721583822,12.2225343465],[75.3746497933,12.2192463176],[75.3754819461,12.2144490242],[75.3729877181,12.2068457262],[75.3678314688,12.2145793321],[75.3657194556,12.214991139],[75.3657825196,12.2176870488],[75.3616764016,12.2192395],[75.3557355168,12.2198947201],[75.3551360348,12.2179526309],[75.3454773946,12.217635684],[75.3455921549,12.2145925962],[75.3413689979,12.2143913587],[75.3479457719,12.2079583886],[75.3456440855,12.2062705123],[75.3501135004,12.200694988],[75.3472292463,12.1982848379],[75.3492442485,12.195589016],[75.3482380128,12.1947349248],[75.3414594697,12.1931970945],[75.3394409372,12.1956219604],[75.3404657815,12.1969114998],[75.3383798527,12.1976057089],[75.3378410034,12.1957386356],[75.3321184758,12.192890487],[75.3297504538,12.1977369446],[75.3261968543,12.1987859174],[75.3266442284,12.2022278654],[75.3211799317,12.2067638533],[75.320723838,12.2052639362],[75.3171525037,12.2047431776],[75.3102793958,12.1980562955],[75.311764057,12.195215742],[75.3093927454,12.1933822452],[75.3092508699,12.1806944973],[75.3037007707,12.1682655891],[75.3034414372,12.1681347762]]]]}},{"type":"Feature","properties":{"code":"G13052","name":"Pinarayi","type":"Grama Panchayat","leading":"LDF","seats":{"LDF":21,"UDF":0,"NDA":0,"OTHERS":0}},"geometry":{"type":"MultiPolygon","coordinates":[[[[75.4968555775,11.7966370571],[75.4894728582,11.7937475474],[75.4839587738,11.7983645952],[75.4763905919,11.7994078026],[75.4761860379,11.8055084082],[75.4714450877,11.8067087163],[75.4688487062,11.809926823],[75.4705021705,11.8121806247],[75.4696787691,11.815379745],[75.4640936967,11.816357678],[75.4657168479,11.8194330338],[75.4696132682,11.8199707279],[75.4768592768,11.817076877],[75.4821967989,11.8213298423],[75.4853928129,11.8200931694],[75.4899996129,11.8244601565],[75.4966641649,11.8255695389],[75.5019178289,11.8225438054],[75.5017504729,11.8182468318],[75.4999884058,11.8178075146],[75.4993016649,11.815199614],[75.5013777495,11.8135723722],[75.507911541,11.8159722327],[75.514741131,11.8231178048],[75.51749701,11.8227180302],[75.5314483316,11.830001913],[75.5357666185,11.830590615],[75.5372374217,11.8303843767],[75.5360565854,11.8221770932],[75.5409838785,11.8119253853],[75.5400322021,11.8075631121],[75.5358292089,11.8037386776],[75.5195937568,11.7950555906],[75.5182249139,11.7966467889],[75.5127799656,11.7977451706],[75.5097952449,11.7966259938],[75.5073260151,11.798451193],[75.5024473419,11.7975789231],[75.5008735165,11.7989589226],[75.4997436879,11.7966748519],[75.4970655393,11.7966500128],[75.4968555775,11.7966370571]]]]}},{"type":"Feature","properties":{"code":"G13015","name":"Ramanthali","type":"Grama Panchayat","leading":"LDF","seats":{"LDF":11,"UDF":7,"NDA":0,"OTHERS":0}},"geometry":{"type":"MultiPolygon","coordinates":[[[[75.174993104,12.0806025148],[75.1809212996,12.0833877813],[75.1859877927,12.0890014754],[75.1892570431,12.0904040978],[75.191723428,12.0872757305],[75.1921164967,12.0779023702],[75.1950212279,12.0714955953],[75.2014943822,12.071570718],[75.2057925688,12.0741214419],[75.2135899282,12.068850083],[75.2195677392,12.0685930143],[75.2254003647,12.0511853634],[75.2277909434,12.0484340689],[75.2243123887,12.0425978518],[75.2249249452,12.0349121671],[75.2324656892,12.0300896425],[75.2245349282,12.0253925584],[75.2252970111,12.0216860192],[75.2286361679,12.0215544292],[75.2249679916,12.0211070992],[75.2203396647,12.0126979486],[75.2151655226,12.0097175062],[75.2086214059,12.0115478949],[75.2015310388,12.0099246365],[75.2010536742,12.0185705376],[75.2037148391,12.0174163242],[75.2058106079,12.0195027301],[75.2095360018,12.0188586379],[75.2122608771,12.0287012046],[75.2058726615,12.045696523],[75.2039547103,12.0556902692],[75.2014245557,12.0605647683],[75.194589743,12.057568829],[75.1948965932,12.0546338413],[75.1909772886,12.0480592373],[75.1861255568,12.0591226745],[75.1814801814,12.0591902321],[75.1756738479,12.0730928141],[75.1754846253,12.078036564],[75.174993104,12.0806025148]]]]}},{"type":"Feature","properties":{"code":"G13071","name":"Thillankeri","type":"Grama Panchayat","leading":"LDF","seats":{"LDF":10,"UDF":2,"NDA":2,"OTHERS":0}},"geometry":{"type":"MultiPolygon","coordinates":[[[[75.6432668618,11.906941748],[75.6432668618,11.906941748],[75.6432668618,11.906941748]]]]}},{"type":"Feature","properties":{"code":"G13055","name":"Thripangottoor","type":"Grama Panchayat","leading":"UDF","seats":{"LDF":4,"UDF":10,"NDA":4,"OTHERS":1}},"geometry":{"type":"MultiPolygon","coordinates":[[[[75.6028317064,11.7182719018],[75.6018776842,11.7209791387],[75.6046010326,11.7233046351],[75.601655664,11.7239269311],[75.6024740281,11.7288583772],[75.599159527,11.7353565114],[75.6022808262,11.7360091177],[75.6091709996,11.7425675799],[75.6158016103,11.7438517424],[75.6162213113,11.7457467814],[75.6198548501,11.7469950416],[75.6234154787,11.7461866988],[75.62995718,11.7528125043],[75.6322399228,11.7523134409],[75.6345823501,11.7483781887],[75.6411512833,11.748692988],[75.6389349076,11.7660274502],[75.6372415395,11.7674176085],[75.6349686944,11.7661935633],[75.6360971846,11.7702324789],[75.632817127,11.7807381094],[75.6362125843,11.7817677813],[75.6370504131,11.7850238759],[75.6402232058,11.7874802766],[75.6394108594,11.7910148913],[75.6406042021,11.7932995915],[75.648165376,11.8009090706],[75.6655198205,11.8015831995],[75.6713319591,11.8028643662],[75.6735177635,11.8054913637],[75.6838872703,11.8053474681],[75.6880045575,11.8071789104],[75.6941482806,11.7996277353],[75.6919651257,11.8000590571],[75.6919195773,11.7948698147],[75.6882280072,11.789514672],[75.6855756546,11.7792151402],[75.6826912282,11.7744883543],[75.6693180858,11.7707129521],[75.665121987,11.7584415562],[75.6625709827,11.7595844376],[75.6589845157,11.7586424065],[75.6571969377,11.7551502887],[75.6552399695,11.7559683488],[75.6544988339,11.7532826846],[75.6519201934,11.7539587733],[75.6506100816,11.7502963815],[75.6480635027,11.7492130137],[75.6481707478,11.7458196606],[75.6466039102,11.74730893],[75.6449631319,11.7433545527],[75.6408031091,11.743602711],[75.6373850587,11.7373895876],[75.6364709696,11.738520903],[75.6356899936,11.736914559],[75.6305557223,11.7387741782],[75.6290353099,11.7369153495],[75.6269461444,11.7379373132],[75.6250590638,11.7344400187],[75.6216534873,11.7328311595],[75.6239722407,11.7314224018],[75.6191949681,11.7272145742],[75.6165429172,11.7268374957],[75.6156026101,11.7240405448],[75.6102956648,11.7250813311],[75.6065567597,11.7177496342],[75.6073539638,11.7220700202],[75.6039574364,11.7205061809],[75.6028317064,11.7182719018]]]]}},{"type":"Feature","properties":{"code":"G13016","name":"Udayagiri","type":"Grama Panchayat","leading":"UDF","seats":{"LDF":3,"UDF":11,"NDA":0,"OTHERS":1}},"geometry":{"type":"MultiPolygon","coordinates":[[[[75.4765304988,12.2087089395],[75.4739423566,12.2083508482],[75.4731570524,12.206584647],[75.4679510206,12.2086807255],[75.4662670707,12.2128373047],[75.4580251219,12.2180828065],[75.4585603103,12.2249491532],[75.4628050288,12.2262289776],[75.4626552767,12.2324264321],[75.4591586478,12.2363992996],[75.4519375593,12.2403319194],[75.4509548373,12.2426664584],[75.4479342855,12.2432155784],[75.4474827694,12.2468950344],[75.4506332005,12.2494889442],[75.4456526023,12.2531627202],[75.4466932084,12.2560347433],[75.45247006,12.2577855135],[75.451989281,12.2620145045],[75.4538904133,12.2634774961],[75.456969376,12.2648382046],[75.46761504,12.2648627601],[75.4711964628,12.2727523581],[75.4774522224,12.2741205483],[75.4780313019,12.2760498756],[75.480280446,12.2764631592],[75.5053790722,12.2716903912],[75.506828464,12.2643938435],[75.511952525,12.2604140157],[75.5117163526,12.2538669318],[75.5205086057,12.2457618827],[75.5190587988,12.2432275024],[75.5213514758,12.2360852702],[75.5245783175,12.2355302335],[75.5284721097,12.2319302806],[75.5272238827,12.2256603009],[75.5402015936,12.2168155675],[75.5368768372,12.2076431537],[75.5316344039,12.2065129377],[75.5318591843,12.2021968935],[75.5395813106,12.2031884492],[75.541331936,12.197350876],[75.5448791105,12.1985650909],[75.547208253,12.1974501305],[75.5479860559,12.193281654],[75.5529951341,12.1936927809],[75.5552996428,12.1832818262],[75.5496625001,12.1851491696],[75.5379885086,12.1853158699],[75.5346836189,12.1908919439],[75.5313640183,12.1912019127],[75.5168676929,12.1988395609],[75.5147834735,12.1982489379],[75.5083722796,12.2043616771],[75.5002097959,12.2081034042],[75.4946142071,12.2090842374],[75.4928228977,12.2076948731],[75.4842175023,12.2101704718],[75.4821875419,12.2086067571],[75.4773332049,12.208690631],[75.4765304988,12.2087089395]]]]}},{"type":"Feature","properties":{"code":"G13032","name":"Ulikkal","type":"Grama Panchayat","leading":"UDF","seats":{"LDF":5,"UDF":15,"NDA":0,"OTHERS":2}},"geometry":{"type":"MultiPolygon","coordinates":[[[[75.6766562959,12.0306634112],[75.6772068152,12.0280024139],[75.6744587966,12.0280996531],[75.6747329136,12.0259569759],[75.6703961572,12.0219692407],[75.6716545803,12.0203515976],[75.6697005149,12.0204608001],[75.6680647692,12.0175261168],[75.660829754,12.0216253994],[75.6542447219,12.0223226639],[75.6554364435,12.0243240692],[75.6503886754,12.0304832309],[75.6486885556,12.024946854],[75.6464377665,12.0236165836],[75.6380032727,12.0233949887],[75.6371941619,12.0248259465],[75.6337599871,12.0222926268],[75.6271581763,12.0225277666],[75.6214377922,12.0258336792],[75.6194817403,12.0254021314],[75.6206024117,12.0319821911],[75.6188643856,12.0354664986],[75.6132107215,12.0368734377],[75.61138312,12.0411032882],[75.6129773049,12.0447414501],[75.6150171289,12.0450902672],[75.6155624959,12.0515438527],[75.6196275027,12.0568449397],[75.6265816093,12.0556203477],[75.630814457,12.0531456547],[75.6292519408,12.0574133502],[75.6300700568,12.0748459169],[75.626889264,12.0833836005],[75.6303755903,12.0908713984],[75.6304866599,12.1051260074],[75.6416110519,12.1076451559],[75.6503240601,12.1076989289],[75.6508491279,12.1099389722],[75.6525598168,12.1102303066],[75.6526766044,12.1083453598],[75.6609432614,12.0999782807],[75.667355707,12.0980861277],[75.6749604989,12.0983258453],[75.6819992251,12.1046178672],[75.6853356455,12.1099710569],[75.6921227141,12.111362753],[75.7042507742,12.107569564],[75.7020912896,12.0925460206],[75.7137918807,12.0900481482],[75.7173976569,12.0871424139],[75.7177814479,12.0824636755],[75.7154441482,12.0813251109],[75.715112301,12.0710687744],[75.7065605487,12.0609999518],[75.7013830549,12.0565170278],[75.6870336942,12.0495349239],[75.6825822416,12.0444759552],[75.6782551321,12.0430311794],[75.6792915446,12.0414514476],[75.6774282559,12.0400721377],[75.6810572824,12.0388594475],[75.6824814037,12.0357410396],[75.6777832505,12.0352105033],[75.6786476443,12.0336838354],[75.6764983363,12.0306751652],[75.6766562959,12.0306634112]]]]}},{"type":"Feature","properties":{"code":"G13037","name":"Valapattanam","type":"Grama Panchayat","leading":"UDF","seats":{"LDF":1,"UDF":10,"NDA":1,"OTHERS":2}},"geometry":{"type":"MultiPolygon","coordinates":[[[[75.3508822712,11.9231876372],[75.3508822712,11.9231876372],[75.3508822712,11.9231876372]]]]}},{"type":"Feature","properties":{"code":"G13049","name":"Vengad","type":"Grama Panchayat","leading":"LDF","seats":{"LDF":16,"UDF":7,"NDA":0,"OTHERS":0}},"geometry":{"type":"MultiPolygon","coordinates":[[[[75.5116857643,11.8210057498],[75.507911541,11.8159722327],[75.5013777495,11.8135723722],[75.4993016649,11.815199614],[75.5020741228,11.8191694602],[75.5030953195,11.8281851067],[75.4990756815,11.8361613069],[75.4955331914,11.8360880101],[75.4930000097,11.8309502725],[75.4878732052,11.8337227823],[75.4902353556,11.8397249276],[75.4899164168,11.8456788215],[75.507100339,11.8503311283],[75.5070060106,11.8526229938],[75.5038668723,11.8536366599],[75.5005799684,11.8587096275],[75.5051412589,11.8667691109],[75.5050851816,11.8718241927],[75.5079657413,11.8719936819],[75.5086441881,11.8738148485],[75.5060413265,11.8761101364],[75.5045033663,11.8837912554],[75.509602512,11.887171935],[75.5076869892,11.8929952189],[75.512856453,11.8962070938],[75.5165984596,11.9025603435],[75.5223171906,11.8990971378],[75.5219227234,11.8948807837],[75.5283416438,11.8947445645],[75.5299408491,11.8911561991],[75.5322368979,11.8942356862],[75.5402278402,11.8888625907],[75.5463235793,11.889960958],[75.5465642302,11.8871526921],[75.5434504679,11.8865602351],[75.5426516484,11.8841729366],[75.5437900027,11.8790918322],[75.5478520914,11.8738898374],[75.5415980073,11.873856823],[75.5391694413,11.8714765355],[75.5363528075,11.8711979214],[75.5340518052,11.8667092711],[75.5294663684,11.8671503897],[75.528396441,11.8694097034],[75.5249173384,11.8692210053],[75.5272403161,11.8627353012],[75.5268852392,11.8506951051],[75.5334276762,11.8386899536],[75.5303508737,11.8362312957],[75.5315302057,11.8321220911],[75.5298014505,11.8290992406],[75.5253023567,11.8257009911],[75.5119503528,11.8213381446],[75.5116857643,11.8210057498]]]]}},{"type":"Feature","properties":{"code":"M13086","name":"Anthoor","type":"Municipality","leading":"LDF","seats":{"LDF":29,"UDF":0,"NDA":0,"OTHERS":0}},"geometry":{"type":"MultiPolygon","coordinates":[[[[75.3527198899,11.9802145042],[75.3505918978,11.9767297137],[75.3362952037,11.975012266],[75.3381581781,11.979883617],[75.3374015739,11.9848582404],[75.3389350132,11.9868391535],[75.335560944,11.9903621786],[75.3324784602,11.9907706679],[75.3305913712,11.9937868431],[75.3351389597,11.9989591175],[75.3336340909,12.0001718743],[75.3339693675,12.0059889081],[75.3463639827,12.0032185517],[75.3498562643,12.0036069407],[75.3512700592,12.0078575634],[75.3559035085,12.005930197],[75.364731363,12.0080707825],[75.367356299,12.0057819058],[75.3718721404,12.0083666103],[75.3730951228,12.0057626474],[75.3782362145,12.0044766725],[75.3812875406,12.0055638847],[75.3819608752,12.0074241668],[75.39324849,12.0062290225],[75.3954272463,12.0109318524],[75.4031555654,12.0193660603],[75.4084268798,12.0140187783],[75.4096445876,12.0120505723],[75.4039868949,12.0016240955],[75.402814817,11.9945401067],[75.403954301,11.9831945747],[75.4020536529,11.977185255],[75.3980816222,11.9732967706],[75.3888174687,11.9712632367],[75.3830790297,11.9712287986],[75.3836877619,11.9726709307],[75.3822598706,11.9735276089],[75.3802543528,11.9727717921],[75.3748964881,11.9762569322],[75.3771388448,11.9784633401],[75.3777830728,11.9852510527],[75.3762803236,11.9855258404],[75.370873132,11.9860980084],[75.3682719415,11.9850752518],[75.3689870083,11.9834000848],[75.3677197139,11.984629852],[75.3607527929,11.9844291432],[75.3528115064,11.9802752653],[75.3527198899,11.9802145042]]]]}},{"type":"Feature","properties":{"code":"M13083","name":"Iritty","type":"Municipality","leading":"LDF","seats":{"LDF":16,"UDF":13,"NDA":4,"OTHERS":1}},"geometry":{"type":"MultiPolygon","coordinates":[[[[75.6355616394,11.9390877266],[75.6355289095,11.9350582849],[75.630066628,11.9295258861],[75.6232620856,11.9317292224],[75.6166180524,11.9378010501],[75.6050226759,11.939166543],[75.5997841693,11.9364022255],[75.5895742883,11.940033021],[75.5893100863,11.9477348084],[75.5940133113,11.9596247123],[75.5941324841,11.9648102417],[75.5993230025,11.9627451081],[75.6010584834,11.9670402913],[75.6005251268,11.9735594676],[75.605234468,11.9748802974],[75.6103670606,11.9802927302],[75.6213481213,11.9818451278],[75.6218745708,11.9838790053],[75.6185764449,11.9899054278],[75.6194256003,11.9912597443],[75.6224351066,11.9915003629],[75.6293465616,11.9854498602],[75.6397780486,11.9892374519],[75.6489754952,11.9807427773],[75.6500480313,11.9866437403],[75.65426362,11.9864312542],[75.6579067234,11.9885597009],[75.6633639589,11.9877119899],[75.6687805358,11.9931222799],[75.6776222068,11.9928119546],[75.6805919083,11.9906519667],[75.6794165546,11.9823283771],[75.6836718056,11.97674189],[75.6857547788,11.9760558816],[75.6910274559,11.9785604932],[75.6913371784,11.9740932503],[75.695668641,11.9726298046],[75.6937010742,11.9659430528],[75.6877692377,11.9628229007],[75.6841204957,11.9502451391],[75.6781122328,11.9448598185],[75.6664770747,11.9473832881],[75.6606485639,11.9526298496],[75.6594715226,11.9557275182],[75.6471222436,11.9536712683],[75.6393081645,11.9493016207],[75.6354474646,11.9454903536],[75.635564496,11.9393011221],[75.6355616394,11.9390877266]]]]}},{"type":"Feature","properties":{"code":"M13054","name":"Koothuparamba","type":"Municipality","leading":"LDF","seats":{"LDF":23,"UDF":4,"NDA":1,"OTHERS":1}},"geometry":{"type":"MultiPolygon","coordinates":[[[[75.5740635499,11.8077781574],[75.5696880226,11.8054154752],[75.5638776187,11.805225524],[75.5618042261,11.8067074706],[75.5616169416,11.8098900664],[75.5594106106,11.8107001352],[75.5571611836,11.8156638799],[75.5585467772,11.8244825091],[75.5567470936,11.8247976189],[75.5547900782,11.8281880241],[75.5546124748,11.8322902793],[75.5516665274,11.8321381215],[75.5552818184,11.8379194142],[75.55325267,11.8430933495],[75.5535304458,11.8487865513],[75.5513819883,11.8519955325],[75.5606824942,11.8540675139],[75.5641600583,11.8533611392],[75.5642031602,11.8555348605],[75.5666116324,11.8565498533],[75.5714159611,11.8547807278],[75.5715909219,11.8485730859],[75.574460885,11.845648027],[75.5755651967,11.8474459228],[75.5778332407,11.8459303905],[75.5811400306,11.8469295102],[75.5778944577,11.8337565146],[75.5822116523,11.835845879],[75.5824696082,11.8313354601],[75.5892460778,11.8343204578],[75.5902945816,11.8328535871],[75.595067648,11.834230271],[75.5960205266,11.831738989],[75.5949690509,11.8304244422],[75.5974879406,11.8247335687],[75.6008433592,11.8253261193],[75.6009727465,11.8238498493],[75.6034624989,11.8232133566],[75.5916750673,11.8132522718],[75.5802267911,11.8126168482],[75.5742031554,11.8077557053],[75.5740635499,11.8077781574]]]]}},{"type":"Feature","properties":{"code":"M13084","name":"Panoor","type":"Municipality","leading":"UDF","seats":{"LDF":14,"UDF":23,"NDA":3,"OTHERS":1}},"geometry":{"type":"MultiPolygon","coordinates":[[[[75.5635207036,11.6935181449],[75.5703317109,11.6979659263],[75.5736478066,11.711744718],[75.5775635046,11.7172815456],[75.5790493861,11.7234189228],[75.5790392328,11.7250330157],[75.5765483038,11.7265053109],[75.5747161631,11.7356022458],[75.5700325995,11.7386688558],[75.5679170979,11.7384328772],[75.5709399934,11.7457443769],[75.5708638841,11.7493611603],[75.574045281,11.7499883319],[75.5744488396,11.7517400347],[75.5724242124,11.7635309042],[75.5813477257,11.7659026772],[75.5839311925,11.773739899],[75.5880036988,11.7742246125],[75.5896922745,11.77303931],[75.5904634032,11.7680089938],[75.5885209629,11.765193748],[75.5898981588,11.7620700444],[75.6020297979,11.7613641303],[75.6023658757,11.7586562775],[75.6056964538,11.7566411666],[75.6044058908,11.7518970405],[75.6080513863,11.7493831653],[75.6093577829,11.7449007371],[75.6079319614,11.7419455213],[75.6091089623,11.7424445889],[75.6022808262,11.7360091177],[75.5991064608,11.7349427589],[75.6024740281,11.7288583772],[75.601655664,11.7239269311],[75.6046010326,11.7233046351],[75.6018776842,11.7209791387],[75.6028317064,11.7182719018],[75.5987423084,11.718536449],[75.5942834984,11.7124417332],[75.5892038638,11.7130583248],[75.586751953,11.7116539191],[75.5932413351,11.7078270609],[75.5915967976,11.6985468289],[75.5946903654,11.6964370413],[75.6008875339,11.6959369974],[75.6033778556,11.689595631],[75.5995602747,11.6869693572],[75.590477507,11.6887303627],[75.5706172683,11.6750322012],[75.565775475,11.6802320501],[75.5616785518,11.6815935622],[75.563764721,11.692972795],[75.5635207036,11.6935181449]]]]}},{"type":"Feature","properties":{"code":"M13056","name":"Payyannur","type":"Municipality","leading":"LDF","seats":{"LDF":35,"UDF":9,"NDA":0,"OTHERS":2}},"geometry":{"type":"MultiPolygon","coordinates":[[[[75.174993104,12.0806025148],[75.1681637308,12.0920714967],[75.1750672305,12.1001670029],[75.1777464875,12.0994621056],[75.1817997164,12.0944108719],[75.189964611,12.0966286578],[75.192543558,12.104307561],[75.1910400237,12.1140558609],[75.1936096376,12.1174668567],[75.1880709472,12.1302271459],[75.1906357308,12.1341749545],[75.1945691937,12.1348599147],[75.1965858861,12.1391527283],[75.1943129423,12.1428411914],[75.1940958806,12.1476519666],[75.1979465259,12.1471453613],[75.2010185597,12.1524859312],[75.2014181193,12.1538671314],[75.1992025867,12.1542481295],[75.1991889741,12.1569842652],[75.2047565806,12.1691801708],[75.210085525,12.1619164969],[75.2149384164,12.1603761153],[75.216164958,12.1560105223],[75.2189484388,12.1550757581],[75.2193933634,12.1502861126],[75.2256293961,12.1496604354],[75.2276954444,12.145520089],[75.2310158646,12.1468336955],[75.2333051338,12.1434499331],[75.241381182,12.1415638175],[75.2415023263,12.1388414397],[75.2446769522,12.1343246289],[75.2480479862,12.1320886792],[75.2554247843,12.1339053988],[75.2575594869,12.1383308364],[75.2560369823,12.1452803162],[75.2632684982,12.1464137356],[75.2649899311,12.1415108702],[75.2690299536,12.1372991028],[75.2757667929,12.1339275399],[75.27392154,12.1294185975],[75.2799405402,12.1263878638],[75.2872670088,12.1254147962],[75.2872165598,12.1224408296],[75.2826142024,12.1202950362],[75.280409368,12.1137900525],[75.2815068154,12.1110322793],[75.2767656082,12.1052789154],[75.2736603384,12.1040539183],[75.2644629963,12.1072622684],[75.2611436601,12.1127815954],[75.2529082146,12.1130973422],[75.2502458603,12.1091247476],[75.2450633369,12.1075898668],[75.2398183311,12.1140537137],[75.2348133457,12.1146497691],[75.2309374901,12.1101442695],[75.2256263915,12.113621682],[75.2187717396,12.1047922643],[75.2196881159,12.1002336946],[75.2218600665,12.0980805901],[75.219213849,12.0959170798],[75.2213023416,12.089438816],[75.2196688924,12.0820478667],[75.2243147995,12.0777966742],[75.2194957769,12.0684810745],[75.2135899282,12.068850083],[75.2057925688,12.0741214419],[75.2014943822,12.071570718],[75.1950212279,12.0714955953],[75.1921164967,12.0779023702],[75.191723428,12.0872757305],[75.1892570431,12.0904040978],[75.1775534772,12.0817754598],[75.174993104,12.0806025148]]]]}},{"type":"Feature","properties":{"code":"M13085","name":"Sreekandapuram","type":"Municipality","leading":"UDF","seats":{"LDF":13,"UDF":18,"NDA":0,"OTHERS":0}},"geometry":{"type":"MultiPolygon","coordinates":[[[[75.5217539925,12.0182228787],[75.5063835313,12.0206629685],[75.5049726137,12.0215280322],[75.5060899612,12.0235751991],[75.499848346,12.0230039201],[75.4974823689,12.0285652538],[75.4993103209,12.0312832948],[75.4987664415,12.0338961205],[75.500614561,12.035465536],[75.5006703937,12.0391281125],[75.5041434901,12.0394462238],[75.5022512659,12.0445054812],[75.5071872392,12.0510617514],[75.5040104678,12.0521361183],[75.5019004581,12.0560914492],[75.4884060194,12.0560716298],[75.4784143416,12.0668299805],[75.4857624912,12.0720309308],[75.4887400903,12.0799665671],[75.4876609272,12.0902833743],[75.4842343937,12.0970524568],[75.4853527853,12.1060069938],[75.4837317024,12.1082434775],[75.487718585,12.1098563535],[75.489359205,12.1094673],[75.491250738,12.1040957974],[75.4942581225,12.101780462],[75.4954435126,12.1031127128],[75.494838614,12.1069730438],[75.4986322856,12.1099343731],[75.5027570782,12.108557557],[75.5050066672,12.1102842813],[75.5088287204,12.1078765755],[75.5170253459,12.1072680832],[75.5255574802,12.1020681022],[75.5299617457,12.1025384766],[75.5327677806,12.1009178534],[75.5391553156,12.0914117277],[75.5405671631,12.0839660157],[75.5391037714,12.0804925722],[75.5408292871,12.0744819194],[75.5449027443,12.0699143389],[75.5475630688,12.0706294933],[75.5509165007,12.0649312324],[75.5556117502,12.0609664069],[75.5599268181,12.0597064185],[75.5632628615,12.0612910294],[75.5670268784,12.0592962932],[75.5692172451,12.0605685903],[75.572701928,12.0587864061],[75.5711200835,12.054199966],[75.5733972648,12.0530044528],[75.5732483647,12.050547103],[75.5769023008,12.0436478453],[75.5811296072,12.0452425826],[75.583194135,12.0408409092],[75.5788096927,12.0393553986],[75.5778793545,12.0366261012],[75.5726069549,12.0331271075],[75.5659626567,12.0309874361],[75.5664705017,12.0279023613],[75.5688553477,12.0256414632],[75.5667107953,12.0226042443],[75.5625486123,12.022340757],[75.5618985781,12.0151264166],[75.5524542674,12.014405077],[75.5413134088,12.004778321],[75.5394689816,12.0052758966],[75.5382163687,12.010461009],[75.5318222148,12.0123025368],[75.5325591133,12.0133680073],[75.5310249508,12.0147127391],[75.5261513806,12.0142397162],[75.5220748622,12.0182632246],[75.5217539925,12.0182228787]]]]}},{"type":"Feature","properties":{"code":"M13055","name":"Thalassery","type":"Municipality","leading":"LDF","seats":{"LDF":32,"UDF":13,"NDA":6,"OTHERS":2}},"geometry":{"type":"MultiPolygon","coordinates":[[[[75.4709034817,11.7647105728],[75.4736608652,11.7731841494],[75.4853249041,11.7806310518],[75.4861209197,11.7826337085],[75.4900507365,11.7829356445],[75.491933439,11.7803309249],[75.4962882454,11.7809661865],[75.4942186039,11.7778149178],[75.4969786638,11.774210542],[75.5049932154,11.7719420457],[75.5035995331,11.768702288],[75.5051996464,11.7666863018],[75.5041684904,11.7645582376],[75.508075352,11.7580491721],[75.5146727295,11.7620020101],[75.5139533498,11.7597072812],[75.5153965195,11.7588483769],[75.5171672762,11.7600607932],[75.5208806036,11.7582790528],[75.524269811,11.7598472083],[75.5283216956,11.7568979979],[75.5290753673,11.7581029698],[75.5335044123,11.7569995914],[75.5372824718,11.7484181274],[75.5407144352,11.7481553632],[75.5421234888,11.7398308044],[75.5403047154,11.7340450455],[75.5321799994,11.7337757245],[75.5263826539,11.7254256488],[75.5220093842,11.7270940965],[75.5202595064,11.7258040692],[75.5205677961,11.7231216589],[75.5189188637,11.7225013871],[75.5168424125,11.7240614829],[75.5141254014,11.7223684261],[75.5107547432,11.7283292601],[75.504841395,11.7340398247],[75.4982673552,11.7329305133],[75.4910800922,11.744180926],[75.4847989904,11.7464615098],[75.4835490805,11.7529406209],[75.4710698558,11.764570558],[75.4709034817,11.7647105728]]]]}},{"type":"Feature","properties":{"code":"M13053","name":"Taliparamba","type":"Municipality","leading":"UDF","seats":{"LDF":15,"UDF":17,"NDA":3,"OTHERS":0}},"geometry":{"type":"MultiPolygon","coordinates":[[[[75.3512700592,12.0078575634],[75.3523605803,12.0112536198],[75.347549867,12.0191554211],[75.3516915588,12.0215872328],[75.3499328353,12.0227125585],[75.349876662,12.0251510878],[75.3468362718,12.0246175282],[75.3413425523,12.0292061963],[75.3416294618,12.0336739552],[75.3388174828,12.0387699978],[75.3323293165,12.0402976638],[75.334269511,12.0468443412],[75.34400851,12.0482386703],[75.349260716,12.0557991751],[75.3537845974,12.0590424871],[75.3578958328,12.0542271379],[75.3628685768,12.0528081776],[75.3804201089,12.0561944241],[75.37915398,12.0514462289],[75.3804445841,12.0483163528],[75.3802968219,12.0385211519],[75.3757503982,12.0383772548],[75.3749389928,12.0275402287],[75.3711002894,12.0275734929],[75.3706371619,12.024024931],[75.3747817059,12.0193545886],[75.3728175397,12.0083039902],[75.367356299,12.0057819058],[75.364731363,12.0080707825],[75.3559035085,12.005930197],[75.3514720602,12.0077561332],[75.3512700592,12.0078575634]]]]}}]}
