{"type":"FeatureCollection","features":[{"type":"Feature","properties":{"code":"C11005","name":"Kozhikode","type":"Corporation","leading":"LDF","seats":{"LDF":35,"UDF":26,"NDA":13,"OTHERS":2}},"geometry":{"type":"MultiPolygon","coordinates":[[[[75.7332719439,11.3511921992],[75.7354940086,11.3559274557],[75.7419934634,11.3547016865],[75.7452823093,11.3491311367],[75.746534227,11.3357462545],[75.7624777158,11.3417933899],[75.7642164819,11.3356317892],[75.7717980937,11.3329117581],[75.7717396843,11.3273250478],[75.7757239017,11.3231295195],[75.7783657031,11.3242877709],[75.7821762879,11.3229506466],[75.7831805146,11.3205273355],[75.781800199,11.3186924929],[75.7840486339,11.3175088347],[75.7819196671,11.3166742237],[75.7816645139,11.3144771856],[75.7842463834,11.3109174031],[75.7970006349,11.3100330218],[75.7993163873,11.3158368321],[75.8007269535,11.3161450947],[75.8012137774,11.3136392319],[75.8070926662,11.3139643383],[75.8158696892,11.3066663862],[75.816847831,11.3045181264],[75.8152826899,11.3023639742],[75.8184525441,11.3019481757],[75.8203656249,11.3034528784],[75.8239238939,11.3024807509],[75.8298109825,11.2969878766],[75.8371356831,11.300525748],[75.8405685628,11.3052594254],[75.8433046077,11.3026803242],[75.8486609426,11.304181043],[75.8514308671,11.2986900859],[75.8557243132,11.301078488],[75.8617724039,11.289538414],[75.8648234215,11.2880056811],[75.8673173714,11.2899355646],[75.8719723705,11.2892044835],[75.8716771264,11.2876568301],[75.867724608,11.2874065716],[75.8643010552,11.2842976872],[75.8617147163,11.274509405],[75.8500476527,11.27257407],[75.8497627828,11.2703685534],[75.8456548698,11.2715952029],[75.8432063562,11.2706317303],[75.8439710185,11.2677953683],[75.8463206797,11.2674170275],[75.8503373552,11.2629649364],[75.8493839598,11.2565998759],[75.851205489,11.2554530291],[75.850469851,11.2545836782],[75.8448445421,11.2539474404],[75.842935573,11.2510625968],[75.8422931872,11.2550439268],[75.8390759798,11.2532052886],[75.8367926576,11.2548647218],[75.8333462877,11.2545280292],[75.8316409873,11.2464145955],[75.8268979887,11.2458454603],[75.8278709144,11.2438271569],[75.8258959913,11.2452185305],[75.8225698303,11.2438944439],[75.8237090751,11.234550608],[75.8224389162,11.2298624895],[75.8190652401,11.227131179],[75.8136164217,11.226020348],[75.8094088564,11.2299283226],[75.8061707611,11.2295826945],[75.810810171,11.2222596009],[75.8093393218,11.2173995155],[75.8166389367,11.2208509238],[75.8186809942,11.2237294268],[75.8241962158,11.2230781424],[75.8251241267,11.2148097818],[75.8214591465,11.2112288323],[75.8229579907,11.2081054812],[75.8258630394,11.208783055],[75.8274842117,11.2070196289],[75.8290732912,11.2080781768],[75.8290054779,11.2064264504],[75.8311627015,11.2057936539],[75.8323975994,11.2070096164],[75.8307860753,11.2071717923],[75.8315489149,11.2088758136],[75.8337398839,11.2074351771],[75.8342643321,11.2095755177],[75.8391144877,11.2098836272],[75.833246907,11.1980351145],[75.8336416014,11.1951911783],[75.8355754873,11.1977424467],[75.8359002502,11.1839450676],[75.8290282068,11.1798621803],[75.8210514781,11.1800910327],[75.8183725397,11.17821292],[75.8111823997,11.1662258316],[75.8018551539,11.1594025638],[75.8024868027,11.1624883174],[75.7992775527,11.1736334728],[75.7668597417,11.262832345],[75.7651582039,11.262461085],[75.7657801975,11.2663963012],[75.7468273411,11.3175677414],[75.7446929113,11.3210034697],[75.7419925426,11.3203925148],[75.7373828154,11.3247706898],[75.7338853606,11.3349056089],[75.7366755224,11.3394142076],[75.7333697609,11.3509025068],[75.7332719439,11.3511921992]]]]}},{"type":"Feature","properties":{"code":"G11043","name":"Arikkulam","type":"Grama Panchayat","leading":"LDF","seats":{"LDF":8,"UDF":5,"NDA":0,"OTHERS":2}},"geometry":{"type":"MultiPolygon","coordinates":[[[[75.7253491739,11.4765997325],[75.7253491739,11.4765997325],[75.7253491739,11.4765997325]]]]}},{"type":"Feature","properties":{"code":"G11046","name":"Atholi","type":"Grama Panchayat","leading":"LDF","seats":{"LDF":12,"UDF":6,"NDA":0,"OTHERS":1}},"geometry":{"type":"MultiPolygon","coordinates":[[[[75.747652481,11.368422429],[75.7429984612,11.3737915207],[75.745823687,11.3780131163],[75.7462041584,11.3842607649],[75.7445289913,11.3866021724],[75.7453940175,11.3969649328],[75.7504266622,11.4088009966],[75.7485766559,11.410108111],[75.7466151484,11.4159470903],[75.7508496593,11.4200790675],[75.7606674392,11.41162785],[75.7632163548,11.41097378],[75.7659420619,11.4130279723],[75.7682816619,11.4208214535],[75.7618721428,11.4268659171],[75.7631502793,11.4281234865],[75.7624816906,11.431764883],[75.7651217308,11.4319452825],[75.7663193246,11.4359973501],[75.7645004357,11.4393891501],[75.7700873663,11.4413879868],[75.7755457247,11.4374062542],[75.7766958725,11.4331461529],[75.7827797162,11.4324842763],[75.7852430978,11.4307317502],[75.7851236402,11.4286692935],[75.7789736671,11.4245650785],[75.7803618903,11.4211672636],[75.7831561495,11.4196837448],[75.781476656,11.4183056341],[75.7834658409,11.4184997206],[75.7818065953,11.4145811147],[75.7843767784,11.4140367794],[75.7837590111,11.4118934933],[75.7811992501,11.4111017431],[75.7822510561,11.4042985352],[75.7787237482,11.3940484521],[75.7810496626,11.3930262208],[75.7798938667,11.3914965717],[75.7820359243,11.3855172175],[75.7771664159,11.3826327211],[75.774696968,11.3785577204],[75.7724106134,11.3800211004],[75.7670426852,11.3787311084],[75.7649883317,11.3806279696],[75.7620180215,11.3791297587],[75.7612197383,11.370114283],[75.7574475543,11.369051043],[75.7561812542,11.3666976018],[75.7528961504,11.3698630702],[75.748084721,11.3688221411],[75.747652481,11.368422429]]]]}},{"type":"Feature","properties":{"code":"G11019","name":"Ayancheri","type":"Grama Panchayat","leading":"UDF","seats":{"LDF":6,"UDF":12,"NDA":0,"OTHERS":0}},"geometry":{"type":"MultiPolygon","coordinates":[[[[75.6281807221,11.6290796981],[75.6281807221,11.6290796981],[75.6281807221,11.6290796981]]]]}},{"type":"Feature","properties":{"code":"G11001","name":"Azhiyur","type":"Grama Panchayat","leading":"TIE","seats":{"LDF":7,"UDF":7,"NDA":2,"OTHERS":4}},"geometry":{"type":"MultiPolygon","coordinates":[[[[75.5683182034,11.6765927651],[75.5665926698,11.6726304181],[75.56897595,11.67086141],[75.5600270539,11.665751889],[75.5606454542,11.659945157],[75.5564051858,11.6597479213],[75.5539523422,11.6572963693],[75.5517470615,11.6606718027],[75.5502692245,11.659995696],[75.5470735323,11.6619241188],[75.546360559,11.6637490928],[75.550548021,11.6602191342],[75.5508123854,11.6630483993],[75.5500395567,11.664516162],[75.5471116177,11.6635790339],[75.5486467444,11.6656765869],[75.5467378038,11.672146477],[75.5358654848,11.6934059455],[75.5406267063,11.6962898821],[75.5418482836,11.6956710518],[75.5421487769,11.7021225055],[75.5442021078,11.7047251878],[75.5522519324,11.7035983614],[75.556748891,11.697703749],[75.5622381535,11.6952229788],[75.5637240403,11.6920645216],[75.5617272018,11.6816614327],[75.565831277,11.6801307907],[75.5680879963,11.6767968133],[75.5683182034,11.6765927651]]]]}},{"type":"Feature","properties":{"code":"G11035","name":"Balussery","type":"Grama Panchayat","leading":"TIE","seats":{"LDF":7,"UDF":7,"NDA":2,"OTHERS":2}},"geometry":{"type":"MultiPolygon","coordinates":[[[[75.808801495,11.4259431851],[75.808801495,11.4259431851],[75.808801495,11.4259431851]]]]}},{"type":"Feature","properties":{"code":"G11034","name":"Chakkittappara","type":"Grama Panchayat","leading":"UDF","seats":{"LDF":7,"UDF":9,"NDA":0,"OTHERS":0}},"geometry":{"type":"MultiPolygon","coordinates":[[[[75.814736273,11.5581921912],[75.8076373602,11.5578469915],[75.8068374341,11.5597468422],[75.8034138033,11.5600852893],[75.798169191,11.558903361],[75.7975324369,11.5644030296],[75.7997033911,11.5707358782],[75.8017455818,11.5729233452],[75.8060278843,11.5739900453],[75.8067632533,11.5820745832],[75.8047622837,11.5847555865],[75.8012981855,11.5845590277],[75.800605057,11.5899398583],[75.8067732201,11.5865963445],[75.803524434,11.6013155892],[75.8049233816,11.6063733275],[75.8022685762,11.6072639166],[75.7989519853,11.6123522558],[75.7947698552,11.6241924853],[75.8030067079,11.6248111634],[75.8037794088,11.6269157965],[75.8056051147,11.6254567445],[75.805894454,11.6352356477],[75.8121594186,11.6379295205],[75.8131366796,11.6406447117],[75.8151910201,11.6412671487],[75.8226086861,11.6384214252],[75.8356891409,11.6475237967],[75.8432768729,11.6454941547],[75.858089286,11.6476229369],[75.8621986527,11.6504292695],[75.8629653204,11.652101125],[75.8613477465,11.6529408006],[75.8637908527,11.6548563803],[75.8566574803,11.6637452987],[75.8639110063,11.6648101845],[75.8857243815,11.6744582208],[75.9003926556,11.6776808495],[75.9001990343,11.6748495861],[75.9039070326,11.6672056853],[75.9050092902,11.6616751438],[75.9019153581,11.6568904145],[75.9028667514,11.652010674],[75.8993724457,11.6456498484],[75.8959452679,11.6427467537],[75.8999618897,11.6373292751],[75.9001670525,11.6291203232],[75.8982644352,11.6236364391],[75.9009324897,11.6191033396],[75.8985464981,11.6176049105],[75.8935259395,11.618284681],[75.8888710588,11.6160412895],[75.8795810302,11.5876657227],[75.8831469369,11.5842621854],[75.8833974872,11.5821244167],[75.8788792366,11.5780898458],[75.8783884523,11.5742327556],[75.8744949426,11.5684872588],[75.8608656589,11.5550768607],[75.8511852911,11.5586130481],[75.849158239,11.5528756599],[75.8385014239,11.5537689868],[75.8359963627,11.5575381028],[75.8232390216,11.5617407518],[75.8153793818,11.5589825125],[75.814736273,11.5581921912]]]]}},{"type":"Feature","properties":{"code":"G11068","name":"Chathamangalam","type":"Grama Panchayat","leading":"UDF","seats":{"LDF":8,"UDF":10,"NDA":2,"OTHERS":4}},"geometry":{"type":"MultiPolygon","coordinates":[[[[75.9180289365,11.2787052133],[75.9134451696,11.278972857],[75.9091178513,11.2867273981],[75.9022859637,11.2882174487],[75.9010867551,11.2971502492],[75.9071688644,11.2992178605],[75.9079724968,11.3009572927],[75.9036060241,11.3052672778],[75.9021057226,11.3098881932],[75.9079870163,11.3119398193],[75.9114040129,11.315934136],[75.9150440227,11.3167790952],[75.9212314305,11.3221153502],[75.9210155277,11.3321065118],[75.9276632613,11.3344077166],[75.9287987281,11.3406529],[75.9325154602,11.3460060432],[75.9390224291,11.3471113788],[75.9361032189,11.3443050321],[75.9381726344,11.3397647908],[75.9482156559,11.3352599314],[75.9504322731,11.3356048785],[75.9588495856,11.3447620959],[75.9598505516,11.3380888575],[75.9567808855,11.3309399156],[75.9568988027,11.3260418738],[75.9545878361,11.3242765887],[75.9522890625,11.3257839352],[75.9508203201,11.3239532248],[75.9529188521,11.3191151311],[75.9524972693,11.3138044101],[75.9559531266,11.3088107224],[75.9595673017,11.3096127841],[75.9603847291,11.3068861455],[75.9615716054,11.307234944],[75.963417387,11.3012577792],[75.9660955585,11.3010201089],[75.9659235241,11.2970760211],[75.9692011175,11.2973364767],[75.97367485,11.2917014809],[75.9758749664,11.2925711676],[75.9800566111,11.2827093339],[75.9793356979,11.2805785398],[75.9751811252,11.2830318254],[75.9799089494,11.2738433664],[75.9792486707,11.2692293839],[75.9778678174,11.2673827123],[75.9738248054,11.2686076871],[75.9704221276,11.2664520972],[75.9684858665,11.2708882098],[75.9662245404,11.2704970697],[75.9641461877,11.2722328362],[75.9614739033,11.2713729069],[75.9537881538,11.2786941634],[75.9533608155,11.2814124024],[75.9518621645,11.2813694822],[75.9521620384,11.2850015117],[75.9420090599,11.2842718097],[75.9403463563,11.2827613548],[75.932082042,11.2846746681],[75.9291118943,11.2824228388],[75.9275259509,11.2843869819],[75.9222972494,11.2830900598],[75.9198944361,11.284278702],[75.9201213434,11.279546097],[75.9187045426,11.2785935524],[75.9180289365,11.2787052133]]]]}},{"type":"Feature","properties":{"code":"G11005","name":"Chekkiad","type":"Grama Panchayat","leading":"UDF","seats":{"LDF":1,"UDF":15,"NDA":0,"OTHERS":1}},"geometry":{"type":"MultiPolygon","coordinates":[[[[75.6490144966,11.7126192867],[75.6490144966,11.7126192867],[75.6490144966,11.7126192867]]]]}},{"type":"Feature","properties":{"code":"G11048","name":"Chelannur","type":"Grama Panchayat","leading":"LDF","seats":{"LDF":12,"UDF":11,"NDA":0,"OTHERS":1}},"geometry":{"type":"MultiPolygon","coordinates":[[[[75.8093474314,11.3282319799],[75.8093474314,11.3282319799],[75.8093474314,11.3282319799]]]]}},{"type":"Feature","properties":{"code":"G11042","name":"Chemanchery","type":"Grama Panchayat","leading":"UDF","seats":{"LDF":9,"UDF":10,"NDA":1,"OTHERS":1}},"geometry":{"type":"MultiPolygon","coordinates":[[[[75.7332719439,11.3511921992],[75.7153771223,11.3925266824],[75.7130832341,11.3932930996],[75.7085025326,11.4036933028],[75.7120206007,11.4030309536],[75.7158990945,11.4045927118],[75.7186305295,11.408921421],[75.7219903901,11.4071344768],[75.7266906041,11.407463099],[75.7302650876,11.4103642944],[75.7334291907,11.4097699044],[75.7351283379,11.4068965843],[75.7398197045,11.4105192757],[75.7382437146,11.412582162],[75.7406850741,11.4121874296],[75.7409564958,11.4141664937],[75.746109612,11.416091115],[75.7504266622,11.4088009966],[75.7453940175,11.3969649328],[75.7445289913,11.3866021724],[75.7462041584,11.3842607649],[75.745823687,11.3780131163],[75.7429984612,11.3737915207],[75.7485523234,11.3669495472],[75.7492464804,11.3628528545],[75.7434310951,11.3546351504],[75.7362997348,11.3562213627],[75.7338362869,11.3513581826],[75.7332719439,11.3511921992]]]]}},{"type":"Feature","properties":{"code":"G11045","name":"Chengottukave","type":"Grama Panchayat","leading":"UDF","seats":{"LDF":5,"UDF":9,"NDA":4,"OTHERS":0}},"geometry":{"type":"MultiPolygon","coordinates":[[[[75.7085025326,11.4036933028],[75.7000039406,11.4204565163],[75.7034368395,11.4221858332],[75.6990586569,11.4306414296],[75.7049863976,11.4322941261],[75.7088821993,11.4389377933],[75.7281054029,11.4394297625],[75.7368199862,11.4260368038],[75.7431618823,11.4226002655],[75.7488046932,11.4224797571],[75.7508496593,11.4200790675],[75.7479970001,11.4166736813],[75.7409564958,11.4141664937],[75.7406850741,11.4121874296],[75.7382437146,11.412582162],[75.7398197045,11.4105192757],[75.7351283379,11.4068965843],[75.7334291907,11.4097699044],[75.7292164121,11.4104369453],[75.7266906041,11.407463099],[75.7219903901,11.4071344768],[75.7191468466,11.4090530704],[75.7158990945,11.4045927118],[75.7120206007,11.4030309536],[75.7087801273,11.4036426665],[75.7085025326,11.4036933028]]]]}},{"type":"Feature","properties":{"code":"G11028","name":"Cheruvannur","type":"Grama Panchayat","leading":"UDF","seats":{"LDF":5,"UDF":12,"NDA":0,"OTHERS":0}},"geometry":{"type":"MultiPolygon","coordinates":[[[[75.6768196568,11.5463274339],[75.678082108,11.5530610858],[75.6730898708,11.5605886118],[75.678737103,11.5694170334],[75.688215094,11.5728141553],[75.6921874202,11.579515446],[75.695938678,11.5924669181],[75.704929396,11.6024304167],[75.7160277611,11.5987887678],[75.7166043924,11.597156717],[75.7151997399,11.5960034043],[75.7190135303,11.5894967449],[75.7211742498,11.591037481],[75.7240222267,11.5884483372],[75.723414296,11.5816666791],[75.7261703742,11.5820868517],[75.726384165,11.5793019307],[75.7286115579,11.578666295],[75.7327456982,11.5818003606],[75.7336874382,11.5736446295],[75.7225071174,11.56841323],[75.7250180277,11.56710489],[75.7278665594,11.5678746152],[75.7240089956,11.5652627374],[75.7276906893,11.5588902612],[75.7276167128,11.5545792653],[75.7221202067,11.5520574981],[75.714307667,11.5516174431],[75.7116681605,11.5547944089],[75.7087074252,11.5539352807],[75.701423325,11.5569561093],[75.6903849745,11.5532953385],[75.6834494878,11.5475331727],[75.6781247719,11.545186552],[75.677334248,11.5462469615],[75.6768196568,11.5463274339]]]]}},{"type":"Feature","properties":{"code":"G11002","name":"Chorode","type":"Grama Panchayat","leading":"LDF","seats":{"LDF":13,"UDF":6,"NDA":1,"OTHERS":3}},"geometry":{"type":"MultiPolygon","coordinates":[[[[75.5774868687,11.6078159854],[75.5774868687,11.6078159854],[75.5774868687,11.6078159854]]]]}},{"type":"Feature","properties":{"code":"G11010","name":"Edacheri","type":"Grama Panchayat","leading":"LDF","seats":{"LDF":14,"UDF":4,"NDA":0,"OTHERS":0}},"geometry":{"type":"MultiPolygon","coordinates":[[[[75.6162001096,11.6551042148],[75.610099268,11.6559012983],[75.6099132832,11.6587779132],[75.6071526077,11.659014496],[75.6043430005,11.6646381852],[75.6052889462,11.6693651287],[75.6032709097,11.6730835379],[75.605421313,11.6737829032],[75.6050614571,11.6753846876],[75.6067188245,11.6750535515],[75.6077560329,11.6791809083],[75.6053607855,11.6784941958],[75.6041010088,11.6799256882],[75.6009620186,11.6786584501],[75.5993592014,11.6869001902],[75.6032666834,11.6892982192],[75.6025264814,11.694025985],[75.6001863655,11.6962543351],[75.5945554376,11.6964765067],[75.5917047288,11.698410665],[75.5935689327,11.7044717437],[75.5930840917,11.7084380821],[75.5869127965,11.7114605452],[75.5890055793,11.7130413088],[75.5949217621,11.7127597311],[75.5987979729,11.7184948547],[75.6024700416,11.7177876132],[75.6061869467,11.7222561445],[75.6076795029,11.7214398384],[75.6065883994,11.7178052758],[75.6100161553,11.722793271],[75.611856408,11.7226047816],[75.6131724971,11.7195908131],[75.6159692876,11.7195493258],[75.6155755039,11.7176458353],[75.6188463099,11.7128414557],[75.6210135699,11.7124693208],[75.621025461,11.7110979054],[75.61815586,11.7110921695],[75.6156257232,11.7079135022],[75.614639147,11.7008239187],[75.6180479145,11.7017199027],[75.6188112317,11.7003566255],[75.62462426,11.6996472544],[75.6226851119,11.6959117668],[75.6146705664,11.6963793942],[75.6120876868,11.6924441494],[75.6150137048,11.6900600486],[75.6180117802,11.6898947356],[75.617339132,11.686230982],[75.6249633546,11.6837731124],[75.6244569354,11.6791879847],[75.6258844359,11.6763587902],[75.624570628,11.6728198691],[75.6269033614,11.6686036793],[75.6265045067,11.6646944002],[75.6287313163,11.6655377429],[75.627215922,11.6634312495],[75.6300907672,11.6602977507],[75.6290538749,11.6582776959],[75.6257418633,11.6605615263],[75.6235964636,11.6599458118],[75.6221784761,11.6539335534],[75.6169115699,11.6548072047],[75.6162001096,11.6551042148]]]]}},{"type":"Feature","properties":{"code":"G11072","name":"Kadalundi","type":"Grama Panchayat","leading":"LDF","seats":{"LDF":13,"UDF":9,"NDA":1,"OTHERS":1}},"geometry":{"type":"MultiPolygon","coordinates":[[[[75.8018551539,11.1594025638],[75.8088088522,11.1647171229],[75.8121355624,11.1638832113],[75.8112458396,11.1581947665],[75.8170707138,11.1605715265],[75.8229131791,11.1565009241],[75.8246511663,11.1592855441],[75.8315717302,11.1580426675],[75.8360986664,11.1602431353],[75.8454509331,11.157715955],[75.8479359287,11.1587657401],[75.8498101263,11.1566903651],[75.8525796569,11.158163218],[75.8545262257,11.1564483629],[75.8515554314,11.1529633241],[75.8546459043,11.1508272171],[75.8546507804,11.147764399],[75.8571477905,11.1469419535],[75.8575105672,11.1384925114],[75.8508467892,11.1430321272],[75.8458042488,11.1429627877],[75.8336844381,11.132418359],[75.8311458431,11.1260428354],[75.8253493408,11.1239822546],[75.8137997173,11.1494088467],[75.8061909288,11.1550236345],[75.8034258453,11.1554438481],[75.800966794,11.158846786],[75.8018551539,11.1594025638]]]]}},{"type":"Feature","properties":{"code":"G11047","name":"Kakkodi","type":"Grama Panchayat","leading":"LDF","seats":{"LDF":17,"UDF":6,"NDA":0,"OTHERS":1}},"geometry":{"type":"MultiPolygon","coordinates":[[[[75.7624777158,11.3417933899],[75.7664083431,11.3435940451],[75.7695375758,11.340401702],[75.7715019265,11.3414075936],[75.7733499023,11.3435442275],[75.7738942267,11.3499991389],[75.7760511291,11.3526000533],[75.7843762817,11.3472686856],[75.7953107326,11.3432670712],[75.8012877535,11.3320901217],[75.8080582625,11.3283454018],[75.8120234508,11.3286751428],[75.813558394,11.3322715698],[75.8172419319,11.3343530283],[75.8292737432,11.3339995164],[75.830624371,11.3371824427],[75.8324613579,11.3367837442],[75.8335881875,11.3220096597],[75.8320892801,11.3163052624],[75.8275873561,11.3136210451],[75.8251482733,11.3164110837],[75.8210846343,11.3162579882],[75.8137254053,11.3083885273],[75.8070926662,11.3139643383],[75.8012137774,11.3136392319],[75.800091418,11.3162463463],[75.7970006349,11.3100330218],[75.7842463834,11.3109174031],[75.7816645139,11.3144771856],[75.7819196671,11.3166742237],[75.7840486339,11.3175088347],[75.781800199,11.3186924929],[75.7831805146,11.3205273355],[75.7821762879,11.3229506466],[75.7783657031,11.3242877709],[75.7757239017,11.3231295195],[75.7717396843,11.3273250478],[75.7717980937,11.3329117581],[75.7642164819,11.3356317892],[75.7629133093,11.3414386978],[75.7624777158,11.3417933899]]]]}},{"type":"Feature","properties":{"code":"G11049","name":"Kakkur","type":"Grama Panchayat","leading":"UDF","seats":{"LDF":5,"UDF":10,"NDA":1,"OTHERS":1}},"geometry":{"type":"MultiPolygon","coordinates":[[[[75.8106250694,11.3764380556],[75.8106250694,11.3764380556],[75.8106250694,11.3764380556]]]]}},{"type":"Feature","properties":{"code":"G11066","name":"Karasseri","type":"Grama Panchayat","leading":"LDF","seats":{"LDF":11,"UDF":6,"NDA":0,"OTHERS":3}},"geometry":{"type":"MultiPolygon","coordinates":[[[[75.9891928865,11.2901431833],[75.9894902265,11.2992449173],[75.9851581163,11.3023667106],[75.983085908,11.307150587],[75.9848932386,11.3081843879],[75.9885878453,11.3068134318],[75.9886168255,11.311506737],[75.9930611275,11.3138718861],[75.9922929774,11.318225004],[75.9982969362,11.3178320947],[75.9992968681,11.3193672902],[76.0013248089,11.32502533],[75.9954372706,11.3246457443],[75.993944331,11.3282373189],[75.9942985133,11.3312485048],[75.9967286514,11.3316355059],[75.9990695375,11.3346027805],[75.996319552,11.3383522391],[75.9992968808,11.3389701382],[76.0016323713,11.33751183],[76.0076430802,11.3400341318],[76.01169332,11.3368213383],[76.0147265947,11.3377881918],[76.0141267747,11.3399185525],[76.015514189,11.3403592178],[76.0192316052,11.3329085721],[76.021857671,11.3379333638],[76.0240252422,11.3339770167],[76.0257323493,11.3360445153],[76.0345238725,11.336025909],[76.0372249164,11.3340826541],[76.0437425869,11.3343582221],[76.0449458845,11.3326312915],[76.0478051807,11.3324493727],[76.0498326005,11.3288913518],[76.0537223827,11.329875376],[76.0594773493,11.3247724287],[76.0625620096,11.3148585049],[76.0698330061,11.3133379479],[76.0776262386,11.3070106694],[76.0837275562,11.3077512895],[76.0847320045,11.3048910256],[76.0696277193,11.2938527233],[76.0635445053,11.2965721228],[76.0621986361,11.2988908188],[76.0574363841,11.2999956513],[76.0512613089,11.2991211766],[76.0352663571,11.2900138804],[76.0212742781,11.2925177574],[76.0185947455,11.2871798103],[76.0156067077,11.2862236202],[76.0141842391,11.2875816779],[76.0106658767,11.2841215284],[76.0085864427,11.2858181924],[75.9981973682,11.2866310016],[75.9894536911,11.2901484089],[75.9891928865,11.2901431833]]]]}},{"type":"Feature","properties":{"code":"G11061","name":"Kattippara","type":"Grama Panchayat","leading":"UDF","seats":{"LDF":8,"UDF":9,"NDA":0,"OTHERS":0}},"geometry":{"type":"MultiPolygon","coordinates":[[[[75.9153576097,11.4433278246],[75.9061632146,11.442944059],[75.9069427161,11.4449815697],[75.9045929921,11.4479584423],[75.9061197888,11.4492249162],[75.9077923501,11.4483309039],[75.9086594927,11.4503260115],[75.9009795829,11.4568551449],[75.9021509376,11.4596513026],[75.8996220326,11.4624874629],[75.9031339298,11.4690402432],[75.9038562323,11.476321401],[75.9025316624,11.4791527323],[75.9035576955,11.4826994018],[75.906758605,11.4828836517],[75.9081906715,11.4897842254],[75.9048583935,11.4907934583],[75.9057169583,11.4944681469],[75.8986079576,11.4963112223],[75.8986651361,11.4985565802],[75.8939422907,11.5018244388],[75.8945148619,11.5084672136],[75.8992474126,11.5094883018],[75.9036198354,11.5133735049],[75.908194155,11.5113837914],[75.9143063457,11.5131347848],[75.9361802518,11.5020052153],[75.9801791681,11.5414276231],[75.9817054411,11.5392998795],[75.949204245,11.4958060556],[75.9439388606,11.4913072842],[75.9487044644,11.4914474886],[75.955046459,11.4868048107],[75.9608867308,11.4852315746],[75.9647786527,11.4799780865],[75.9654804031,11.4701936939],[75.9621690718,11.4695517422],[75.9598761623,11.4671718579],[75.9602014663,11.4644161667],[75.9554130123,11.4599130044],[75.9556863346,11.4568467351],[75.9521163751,11.4581669402],[75.9492841008,11.4553184812],[75.9441803978,11.4537922496],[75.9403446885,11.4474606226],[75.939717177,11.443373589],[75.9434753803,11.4396067822],[75.9447800753,11.4411017906],[75.9481006063,11.4404152043],[75.9572448591,11.4370939502],[75.9629304531,11.4323887842],[75.9662107996,11.4325604556],[75.9678897605,11.4295405654],[75.9719714737,11.4270894066],[75.9700169005,11.417166479],[75.9686638651,11.4159761697],[75.966520598,11.4187818558],[75.9642824721,11.4183736601],[75.9615675465,11.4221070195],[75.9586644692,11.4214977155],[75.9540640452,11.4257461989],[75.9491207746,11.4262007009],[75.9390588256,11.4357879445],[75.9332976139,11.4354368334],[75.9329277991,11.4405011113],[75.9353235408,11.4454170458],[75.9343511045,11.4462882716],[75.9270704504,11.444715341],[75.9199630745,11.4469222368],[75.9183525522,11.4463460239],[75.9191113037,11.4433646319],[75.9172465898,11.4443696405],[75.9156938194,11.44334556],[75.9153576097,11.4433278246]]]]}},{"type":"Feature","properties":{"code":"G11015","name":"Kavilumpara","type":"Grama Panchayat","leading":"LDF","seats":{"LDF":10,"UDF":7,"NDA":0,"OTHERS":0}},"geometry":{"type":"MultiPolygon","coordinates":[[[[75.7703145109,11.6599231143],[75.7722003688,11.6682595458],[75.7688748847,11.6697795166],[75.7662252462,11.6751991457],[75.7687637113,11.6767605727],[75.7684226903,11.6798293081],[75.7732315619,11.6834132842],[75.772593432,11.6933594176],[75.7759094382,11.6950350872],[75.7757298278,11.6982871364],[75.7778083974,11.7014043124],[75.7749806759,11.7125763292],[75.7628987642,11.7157834158],[75.7548257618,11.7137397823],[75.7431974609,11.7158533963],[75.7571116979,11.7195472568],[75.7586308084,11.720422096],[75.7595166799,11.7253055406],[75.7728905261,11.7288314241],[75.7740107717,11.7343287221],[75.778957395,11.7379530848],[75.7860699175,11.7385243504],[75.7862808518,11.7404189224],[75.7906650033,11.7427922134],[75.8096992231,11.7427586942],[75.8113108716,11.739830551],[75.8149988147,11.7393426137],[75.8189596713,11.7342694536],[75.8216492016,11.7332485359],[75.8235781793,11.7277799179],[75.8315995993,11.7266675464],[75.8314624331,11.7208693292],[75.8411371932,11.7182887363],[75.8457198262,11.7143292169],[75.8453122629,11.7078055994],[75.8515128358,11.7038934059],[75.8552359844,11.7027878191],[75.8618656884,11.7043844122],[75.8688602435,11.7019935984],[75.8747600417,11.7037393659],[75.8825734821,11.6985972104],[75.8909901161,11.6996059477],[75.8976996069,11.6984373812],[75.9007766584,11.6943620914],[75.9124726957,11.6881291474],[75.9126096632,11.6855530368],[75.906511674,11.6801004418],[75.9047036418,11.6806103234],[75.9003926556,11.6776808495],[75.8738138351,11.6702249486],[75.8639110063,11.6648101845],[75.8566574803,11.6637452987],[75.8543202219,11.6661382863],[75.8472341517,11.6685175048],[75.8429937121,11.6676934584],[75.8406274358,11.6664137088],[75.8411983029,11.6591501029],[75.8293883805,11.6543989273],[75.8256249221,11.6538803842],[75.8214951138,11.6565139902],[75.8162728372,11.6533366959],[75.8165071785,11.6549814686],[75.8082976643,11.6593769619],[75.8058733333,11.66325],[75.8052659989,11.6686433348],[75.7986286499,11.6675526424],[75.7940210689,11.6705842696],[75.7908274924,11.6761834437],[75.7875238748,11.6736646937],[75.7861691504,11.6691764506],[75.7885768137,11.6650024115],[75.7874426238,11.6583815122],[75.7842981055,11.6581652538],[75.7829763293,11.6602490433],[75.7795390279,11.6562828581],[75.7705424514,11.6596707962],[75.7703145109,11.6599231143]]]]}},{"type":"Feature","properties":{"code":"G11014","name":"Kayakkodi","type":"Grama Panchayat","leading":"UDF","seats":{"LDF":8,"UDF":9,"NDA":0,"OTHERS":0}},"geometry":{"type":"MultiPolygon","coordinates":[[[[75.7464697812,11.6595791192],[75.7464697812,11.6595791192],[75.7464697812,11.6595791192]],[[75.734881962,11.6711666502],[75.734970338,11.6711556487],[75.734881962,11.6711666502]],[[75.7276127631,11.69342646],[75.72769434,11.6934229995],[75.7276127631,11.69342646]]]]}},{"type":"Feature","properties":{"code":"G11031","name":"Kayanna","type":"Grama Panchayat","leading":"LDF","seats":{"LDF":10,"UDF":3,"NDA":0,"OTHERS":1}},"geometry":{"type":"MultiPolygon","coordinates":[[[[75.7918562893,11.5171495638],[75.7935451115,11.5200244976],[75.79153615,11.5211415126],[75.7925634684,11.5229840165],[75.7911691056,11.5248529915],[75.7879773213,11.5272713312],[75.7897275046,11.5311294173],[75.784518489,11.5339926743],[75.7849525766,11.5381630875],[75.7907935617,11.5398242398],[75.7914419488,11.5455105384],[75.793371113,11.5479045673],[75.7971800404,11.5483364034],[75.8041471497,11.5552690718],[75.8001409499,11.557256835],[75.814736273,11.5581921912],[75.8180500202,11.552519181],[75.8179552736,11.5489177638],[75.8197057952,11.5481467941],[75.8187055265,11.5436133382],[75.8214907959,11.5406976587],[75.8204982102,11.5404019429],[75.8229485656,11.5375703173],[75.8257157381,11.5371690017],[75.8267637392,11.5387068233],[75.8298173931,11.537602559],[75.830347939,11.5332694414],[75.8333865659,11.5299695539],[75.8310959294,11.5237403577],[75.8312446679,11.5187988702],[75.837878978,11.5111867976],[75.8365039185,11.5081553444],[75.8381856605,11.5069438434],[75.8328689795,11.5013776955],[75.8288752263,11.5031800886],[75.8234354432,11.5106963918],[75.8101993367,11.5133152977],[75.8047025344,11.5244957619],[75.7922603077,11.5172503215],[75.7918562893,11.5171495638]],[[75.7909354176,11.5313748822],[75.7907858231,11.5312380745],[75.7909354176,11.5313748822]]]]}},{"type":"Feature","properties":{"code":"G11024","name":"Keezhariyur","type":"Grama Panchayat","leading":"LDF","seats":{"LDF":9,"UDF":5,"NDA":0,"OTHERS":0}},"geometry":{"type":"MultiPolygon","coordinates":[[[[75.6795043675,11.4886094003],[75.676831897,11.4934856855],[75.672637715,11.4967520384],[75.6685755718,11.5058519846],[75.6689981462,11.5094888326],[75.6720968464,11.5092705461],[75.6718149221,11.5112204321],[75.6757841852,11.5140702736],[75.6869289089,11.5171005502],[75.6922590659,11.5113008506],[75.7012662554,11.505635874],[75.6971898564,11.5000172277],[75.6986742937,11.495526358],[75.702048821,11.4949478743],[75.7011018784,11.4907180363],[75.7047142833,11.4918141278],[75.7030767818,11.4883674028],[75.7053401866,11.4862842815],[75.7087165205,11.486012999],[75.7100844108,11.4795138622],[75.7190004494,11.4773727988],[75.7148569425,11.4677343759],[75.7092775706,11.4670542359],[75.707728099,11.4624554159],[75.7052683054,11.4630113763],[75.6984845447,11.4687898007],[75.6992242826,11.473311566],[75.6983076413,11.4749174942],[75.6936215845,11.476094401],[75.6922477584,11.4815328168],[75.6867626021,11.4857575345],[75.6806701627,11.4868949608],[75.6795043675,11.4886094003]]]]}},{"type":"Feature","properties":{"code":"G11055","name":"Kizhakkoth","type":"Grama Panchayat","leading":"UDF","seats":{"LDF":1,"UDF":14,"NDA":0,"OTHERS":5}},"geometry":{"type":"MultiPolygon","coordinates":[[[[75.8974387032,11.3481993523],[75.8934443225,11.3505840816],[75.8903985607,11.355610739],[75.8885119608,11.3540719577],[75.8872991506,11.3560871351],[75.8884580515,11.3643733965],[75.8873456819,11.3662048955],[75.8845415501,11.3662232598],[75.8796818783,11.3693826909],[75.8806721038,11.3733364442],[75.883814554,11.375721089],[75.8792787968,11.3759466697],[75.8808810307,11.3791030862],[75.8801806824,11.3827105853],[75.8818109146,11.3837619603],[75.8818081597,11.3903677228],[75.885032817,11.3971734538],[75.8839216787,11.3998481556],[75.8798193342,11.4026594401],[75.8820495548,11.4057668346],[75.8834529837,11.4045522336],[75.8834861413,11.4065443154],[75.8848008566,11.4047691217],[75.8846778915,11.4086708383],[75.8909980433,11.4095272118],[75.894950736,11.4122780297],[75.8971825667,11.417026403],[75.9113048674,11.4179805631],[75.9154219804,11.4156907532],[75.9156256278,11.4135436343],[75.9132185095,11.4120107715],[75.913590986,11.4080265018],[75.9161823901,11.4065536647],[75.9100694064,11.3994454976],[75.9122809615,11.3939312681],[75.9086627023,11.3926790226],[75.9131794044,11.3902774701],[75.9111331772,11.3873537542],[75.9135128193,11.3840660967],[75.9089893189,11.3819187598],[75.9100178124,11.3770592965],[75.9075645944,11.3733456737],[75.9082465297,11.3691905912],[75.904637044,11.3659734393],[75.9047236127,11.3637932985],[75.908877205,11.3585660578],[75.9016506486,11.3548488799],[75.8974629598,11.3486723595],[75.8974387032,11.3481993523]]]]}},{"type":"Feature","properties":{"code":"G11062","name":"Kodenchery","type":"Grama Panchayat","leading":"UDF","seats":{"LDF":3,"UDF":18,"NDA":0,"OTHERS":0}},"geometry":{"type":"MultiPolygon","coordinates":[[[[76.0036865974,11.3776348176],[75.9952478632,11.3814927656],[75.9935637991,11.3793452495],[75.9917460334,11.3797980662],[75.9819659604,11.3936015404],[75.9767215443,11.3934402814],[75.9735555013,11.3962999711],[75.9687789203,11.3971292075],[75.9676536544,11.4032329064],[75.9653826459,11.4033895596],[75.9642086212,11.4057659778],[75.9665847455,11.4074274194],[75.9669708961,11.4118632727],[75.9696827873,11.4122023402],[75.9686638651,11.4159761697],[75.9713251564,11.4195333814],[75.9700358873,11.4204943437],[75.9719714737,11.4270894066],[75.9742746458,11.4287992795],[75.9745178515,11.4321477183],[75.9777513865,11.4374130106],[75.9752088279,11.4390089695],[75.9794038534,11.4492833799],[75.9838290986,11.4518607983],[75.9990748698,11.4477382465],[75.997718263,11.4650538285],[75.9920791519,11.469605965],[75.9933248188,11.4722876166],[75.9956220836,11.4701603157],[75.997186926,11.4727894126],[76.0010989311,11.4747718133],[76.0020606096,11.4801753592],[76.0121310973,11.4784813378],[76.0288050381,11.482710992],[76.0383739908,11.4942708768],[76.0396051639,11.5016456755],[76.04689373,11.5050774102],[76.0508056863,11.5019266676],[76.0526130165,11.5025315253],[76.0588476457,11.5094233264],[76.063567781,11.5098181779],[76.0682967052,11.517727695],[76.0720964139,11.5185033144],[76.0727308407,11.5212974808],[76.0760719806,11.5233677095],[76.0792831854,11.5221371779],[76.0830149917,11.5144358619],[76.0883511652,11.5140505173],[76.0905971676,11.5112003487],[76.0891941278,11.5058153897],[76.0927162715,11.4981758156],[76.0930827827,11.4928385482],[76.0880769051,11.4901871512],[76.0886094229,11.487030385],[76.09263854,11.4840137848],[76.0964978671,11.4858610033],[76.1060416383,11.4846261581],[76.1077482775,11.480360903],[76.1233652671,11.4730979942],[76.1305967549,11.4619142639],[76.1174194497,11.4566397267],[76.0998669626,11.4536533952],[76.0920425345,11.4474220324],[76.0818623703,11.443483756],[76.0786017659,11.4446333236],[76.0758758665,11.4432257871],[76.067606717,11.4434880448],[76.0584433557,11.4407577527],[76.0541542877,11.4420488676],[76.0483222381,11.4395814521],[76.0455943872,11.4363412429],[76.0456266281,11.4277081931],[76.0399785989,11.4201318499],[76.0403601733,11.4158498577],[76.0353574776,11.411151998],[76.0355499885,11.4066570406],[76.03202789,11.4022108674],[76.0296462958,11.3915601765],[76.0273247003,11.391706599],[76.0255062429,11.3966893848],[76.0177312495,11.3933212433],[76.0152815694,11.393696854],[76.0141630182,11.3909923807],[76.0081449626,11.3922754706],[76.0060982014,11.3832091987],[76.0068392336,11.3798473158],[76.0040525259,11.3782425825],[76.0036865974,11.3776348176]]]]}},{"type":"Feature","properties":{"code":"G11063","name":"Kodiyathur","type":"Grama Panchayat","leading":"UDF","seats":{"LDF":4,"UDF":11,"NDA":0,"OTHERS":4}},"geometry":{"type":"MultiPolygon","coordinates":[[[[75.9778678174,11.2673827123],[75.9802475229,11.2724542623],[75.9751811252,11.2830318254],[75.9793356979,11.2805785398],[75.9800566111,11.2827093339],[75.9762342881,11.290599555],[75.9785292493,11.2909351074],[75.9794160459,11.2889430746],[75.9831310157,11.2931182001],[75.9884053316,11.2892830305],[75.9894536911,11.2901484089],[75.9981973682,11.2866310016],[76.0085864427,11.2858181924],[76.0106658767,11.2841215284],[76.0141842391,11.2875816779],[76.0156067077,11.2862236202],[76.0185947455,11.2871798103],[76.0212742781,11.2925177574],[76.0352663571,11.2900138804],[76.0386491147,11.2910131595],[76.0414816112,11.29450916],[76.0482251556,11.2984608696],[76.0578094568,11.2999749262],[76.0621986361,11.2988908188],[76.0635445053,11.2965721228],[76.0696277193,11.2938527233],[76.0691252001,11.2924751374],[76.0724369621,11.2874821916],[76.0677648327,11.2857999279],[76.0669589207,11.2838828558],[76.0667775185,11.2852428825],[76.0650055782,11.2851492614],[76.060367899,11.282299963],[76.0579617341,11.2751733127],[76.055148174,11.2749758329],[76.0453658233,11.2651658156],[76.0360950166,11.2681515165],[76.0329914476,11.2664543482],[76.0262427113,11.2685414239],[76.0140605322,11.2678923003],[76.0086188301,11.2595586252],[75.9993573203,11.2582643],[75.9955470708,11.2543865795],[75.9779220002,11.2669765334],[75.9778678174,11.2673827123]],[[76.0039027972,11.2863386324],[76.0039057364,11.2862537753],[76.0039027972,11.2863386324]]]]}},{"type":"Feature","properties":{"code":"G11054","name":"Koodaranhi","type":"Grama Panchayat","leading":"UDF","seats":{"LDF":6,"UDF":8,"NDA":0,"OTHERS":1}},"geometry":{"type":"MultiPolygon","coordinates":[[[[76.015514189,11.3403592178],[76.0251544706,11.3463008246],[76.0275714411,11.3493167507],[76.0278612879,11.3546272872],[76.0315146166,11.3541067929],[76.0355233358,11.3574366565],[76.0384094831,11.3637930762],[76.0376787839,11.3662441608],[76.0408650133,11.3691604878],[76.0402520034,11.3708572125],[76.0521290744,11.3676119433],[76.0583388491,11.3719187732],[76.060719186,11.3809215926],[76.0676718314,11.3874593846],[76.0615283931,11.3928428978],[76.0622409031,11.4138623851],[76.0657755244,11.4159526839],[76.0707848746,11.4151730735],[76.0690655477,11.4175724516],[76.0711017867,11.4232647321],[76.0795459411,11.4163951784],[76.0912104701,11.4192858519],[76.1015058083,11.4104040345],[76.1053354057,11.4102252676],[76.106236758,11.4075933712],[76.1059722106,11.4021594047],[76.0995439568,11.3961129888],[76.0998722158,11.3893707651],[76.0975360447,11.3826280398],[76.0996779405,11.3720434405],[76.094837201,11.3668869107],[76.0911836364,11.3670547153],[76.096168945,11.3593471834],[76.0958905848,11.3526777523],[76.0938590805,11.3486995495],[76.1012023251,11.3419215478],[76.1004815678,11.3401475911],[76.1171244353,11.3373357457],[76.1151833572,11.3352674335],[76.1193844442,11.32173765],[76.1136652071,11.3146586909],[76.1073490344,11.3155172986],[76.1054480285,11.3146423271],[76.1044546605,11.3115142902],[76.0980019127,11.3116997742],[76.0931191831,11.3097745464],[76.0916616529,11.3115183531],[76.0802301361,11.3063936449],[76.0776262386,11.3070106694],[76.0698330061,11.3133379479],[76.0625620096,11.3148585049],[76.0594773493,11.3247724287],[76.0537223827,11.329875376],[76.0498326005,11.3288913518],[76.0478051807,11.3324493727],[76.0449458845,11.3326312915],[76.0437425869,11.3343582221],[76.0372249164,11.3340826541],[76.0345238725,11.336025909],[76.0257323493,11.3360445153],[76.0240252422,11.3339770167],[76.021857671,11.3379333638],[76.0192316052,11.3329085721],[76.0156865688,11.3398066112],[76.015514189,11.3403592178]]]]}},{"type":"Feature","properties":{"code":"G11041","name":"Koorachundu","type":"Grama Panchayat","leading":"UDF","seats":{"LDF":4,"UDF":9,"NDA":0,"OTHERS":1}},"geometry":{"type":"MultiPolygon","coordinates":[[[[75.8403598596,11.5013252919],[75.8392224635,11.5000407121],[75.8347247947,11.5038798312],[75.8381856605,11.5069438434],[75.8365039185,11.5081553444],[75.838032487,11.5109015537],[75.8313698894,11.5182638243],[75.8310959294,11.5237403577],[75.8333865659,11.5299695539],[75.830347939,11.5332694414],[75.8295042253,11.5376147441],[75.8267637392,11.5387068233],[75.8257157381,11.5371690017],[75.8229485656,11.5375703173],[75.8204982102,11.5404019429],[75.8214907959,11.5406976587],[75.8187055265,11.5436133382],[75.8197057952,11.5481467941],[75.8179552736,11.5489177638],[75.8180500202,11.552519181],[75.814736273,11.5581921912],[75.8220901582,11.5619350292],[75.8359963627,11.5575381028],[75.8385014239,11.5537689868],[75.8487196159,11.5528737595],[75.8511852911,11.5586130481],[75.8600929434,11.5550213407],[75.8646866407,11.5575528031],[75.8646094297,11.5599589487],[75.8741494615,11.5680695262],[75.8783884523,11.5742327556],[75.8788792366,11.5780898458],[75.8828352361,11.5809354701],[75.8831469369,11.5842621854],[75.8795810302,11.5876657227],[75.8888710588,11.6160412895],[75.8935259395,11.618284681],[75.8985464981,11.6176049105],[75.9009324897,11.6191033396],[75.9028419842,11.6173493214],[75.9065161522,11.6100141049],[75.9065656862,11.6044549905],[75.9085768267,11.6010632533],[75.9142662026,11.600126507],[75.9180201548,11.5953558965],[75.9251024867,11.5954908036],[75.9297239591,11.5911259311],[75.937300543,11.5914506548],[75.938044601,11.5864991462],[75.9425762268,11.5835180865],[75.9456107165,11.5840764267],[75.9531279898,11.5793703225],[75.958688916,11.5695371361],[75.9568563506,11.560728151],[75.9701361662,11.5513270108],[75.9729774037,11.546241528],[75.9801791681,11.5414276231],[75.9374820554,11.5032322992],[75.933031712,11.5084718212],[75.9324100411,11.5138247476],[75.9337675404,11.5174856492],[75.9377476826,11.5195479638],[75.9267193305,11.5430822106],[75.9235817341,11.5416506651],[75.9230860188,11.5385520882],[75.921457868,11.5388016627],[75.915052514,11.5334735889],[75.9045328645,11.5304576151],[75.9004436018,11.5250681607],[75.8985661983,11.5258050498],[75.888352966,11.5230936957],[75.8867505451,11.521860025],[75.88715179,11.51912853],[75.8841602614,11.5180282969],[75.8661639718,11.5182382747],[75.8612980714,11.5176011105],[75.8601685169,11.5160184085],[75.8581459258,11.5175651371],[75.8558917479,11.5160036716],[75.8509781215,11.5161600053],[75.8494752436,11.5149095968],[75.8497698771,11.5119583917],[75.847124755,11.5116170214],[75.8472809311,11.5080240314],[75.8439898397,11.5054164566],[75.8449770519,11.5037658517],[75.8403492859,11.5014621404],[75.8403598596,11.5013252919]]]]}},{"type":"Feature","properties":{"code":"G11032","name":"Koothali","type":"Grama Panchayat","leading":"UDF","seats":{"LDF":2,"UDF":10,"NDA":0,"OTHERS":2}},"geometry":{"type":"MultiPolygon","coordinates":[[[[75.7565586563,11.5857211989],[75.7546169194,11.5883317552],[75.7581299678,11.5975626971],[75.7605131455,11.5994280922],[75.7618570724,11.595220533],[75.7647137159,11.5963117786],[75.7691350948,11.5941612449],[75.7907546414,11.5933956894],[75.7932135641,11.589555369],[75.7953497953,11.5914908329],[75.8003811549,11.5909323316],[75.8012981855,11.5845590277],[75.8043372355,11.5849319565],[75.8067815121,11.5826519006],[75.8060278843,11.5739900453],[75.8008116741,11.5722795414],[75.7975324369,11.5644030296],[75.7983931973,11.5582726883],[75.8026928267,11.5600208303],[75.8071693226,11.5593227979],[75.8076373602,11.5578469915],[75.8024868318,11.5570215297],[75.7974142524,11.5571809872],[75.7967408215,11.5619888474],[75.7943558436,11.5624117424],[75.7928065095,11.5586416688],[75.7874272376,11.5599099478],[75.7891468824,11.5628984241],[75.7877341393,11.5623730698],[75.7869526367,11.5685913263],[75.7827268614,11.5679581505],[75.7833711612,11.5693605486],[75.7812376028,11.5698783443],[75.7796694554,11.5663231236],[75.7773792503,11.568957974],[75.7746667844,11.5684359166],[75.7735566182,11.5699520339],[75.7692090994,11.5685030849],[75.7686393131,11.5703318938],[75.7610450011,11.5727611317],[75.7601180445,11.5743243569],[75.7616429241,11.5790766865],[75.7577475722,11.5823579196],[75.7569222087,11.5853549386],[75.7565586563,11.5857211989]]]]}},{"type":"Feature","properties":{"code":"G11037","name":"Kottur","type":"Grama Panchayat","leading":"LDF","seats":{"LDF":10,"UDF":7,"NDA":0,"OTHERS":3}},"geometry":{"type":"MultiPolygon","coordinates":[[[[75.7921383977,11.4610741207],[75.7897022923,11.4611275287],[75.7889296623,11.4628430251],[75.7860147325,11.4612349175],[75.786411373,11.4647299205],[75.7812164959,11.4697569507],[75.7819176816,11.4725096072],[75.7850430673,11.4743527284],[75.7862623829,11.4812183086],[75.7819198771,11.4856544513],[75.7830007419,11.4918448895],[75.7785783333,11.4950983333],[75.7788089677,11.501082713],[75.7760485711,11.5031982348],[75.7777886225,11.5118343703],[75.7800346362,11.512276117],[75.7808611201,11.5107945535],[75.7860610378,11.5205074987],[75.7918562893,11.5171495638],[75.802841644,11.524243617],[75.8047025344,11.5244957619],[75.8112739019,11.5124670131],[75.8118496215,11.5135772515],[75.8207420799,11.5102694538],[75.8234354432,11.5106963918],[75.8288752263,11.5031800886],[75.8328689795,11.5013776955],[75.8347247947,11.5038798312],[75.8392224635,11.5000407121],[75.8403598596,11.5013252919],[75.8426896635,11.4991729079],[75.8440968917,11.4910645564],[75.8426171009,11.487023022],[75.8473582754,11.4813664595],[75.8452146167,11.4785932587],[75.8203388237,11.4732097456],[75.8143059389,11.4757810338],[75.8028275208,11.4665459567],[75.8029117952,11.464902785],[75.8000221123,11.4663581552],[75.7991766011,11.4635801237],[75.7956868037,11.4634491593],[75.7924976915,11.461140222],[75.7921383977,11.4610741207]]]]}},{"type":"Feature","properties":{"code":"G11067","name":"Kunnamangalam","type":"Grama Panchayat","leading":"UDF","seats":{"LDF":5,"UDF":16,"NDA":2,"OTHERS":1}},"geometry":{"type":"MultiPolygon","coordinates":[[[[75.871856405,11.2678560614],[75.871856405,11.2678560614],[75.871856405,11.2678560614]]],[[[75.8797043609,11.2960774501],[75.879616752,11.2934669914],[75.8757330898,11.2944167305],[75.8736573783,11.2928797251],[75.8725630125,11.2892436811],[75.8673173714,11.2899355646],[75.8648234215,11.2880056811],[75.8617724039,11.289538414],[75.8552979684,11.3014608683],[75.8585302613,11.3039678132],[75.8597116386,11.310769168],[75.8662398989,11.3157162184],[75.8695331062,11.3142915284],[75.8755813025,11.3182542748],[75.8779478418,11.314809578],[75.8781070151,11.3206952908],[75.8726305044,11.3237840581],[75.8740803347,11.3244549605],[75.8750180707,11.3291799009],[75.8790009828,11.3283325789],[75.8818704337,11.3308233397],[75.8900398875,11.3308199216],[75.8897159059,11.3347314761],[75.8913157374,11.336047254],[75.894378265,11.3357762291],[75.8965784593,11.337996847],[75.8975477418,11.3361481482],[75.9048423003,11.3368415183],[75.9074588367,11.3392402244],[75.9159042815,11.33459841],[75.9219823412,11.3332126997],[75.9208699668,11.3315877542],[75.9213459142,11.3224173537],[75.9150440227,11.3167790952],[75.9114040129,11.315934136],[75.9079870163,11.3119398193],[75.9021057226,11.3098881932],[75.9036060241,11.3052672778],[75.9079724968,11.3009572927],[75.9071688644,11.2992178605],[75.9010867551,11.2971502492],[75.9018847274,11.287607689],[75.8869682046,11.2869557564],[75.8873434661,11.2954473564],[75.8862852972,11.2948796896],[75.8843171195,11.2984902796],[75.8815651246,11.2987602182],[75.8798289327,11.2968445854],[75.8797043609,11.2960774501]]]]}},{"type":"Feature","properties":{"code":"G11012","name":"Kunnummal","type":"Grama Panchayat","leading":"LDF","seats":{"LDF":9,"UDF":6,"NDA":0,"OTHERS":0}},"geometry":{"type":"MultiPolygon","coordinates":[[[[75.7108555297,11.669566916],[75.7108555297,11.669566916],[75.7108555297,11.669566916]]]]}},{"type":"Feature","properties":{"code":"G11064","name":"Kuruvattur","type":"Grama Panchayat","leading":"UDF","seats":{"LDF":9,"UDF":10,"NDA":1,"OTHERS":1}},"geometry":{"type":"MultiPolygon","coordinates":[[[[75.8137254053,11.3083885273],[75.8210846343,11.3162579882],[75.8251482733,11.3164110837],[75.8275873561,11.3136210451],[75.8320892801,11.3163052624],[75.8335881875,11.3220096597],[75.8322630406,11.3280606036],[75.8333182651,11.3345424894],[75.831495903,11.3373716332],[75.8378228402,11.3435688715],[75.8454216644,11.3422632639],[75.8445283684,11.3400400336],[75.8475339779,11.3381676077],[75.8501055685,11.3384260982],[75.8472491005,11.3401858342],[75.8489249864,11.3413079621],[75.852828823,11.338868199],[75.853164955,11.3369871388],[75.8561359189,11.3385287723],[75.8613113503,11.3328802659],[75.8613737632,11.3303914787],[75.8705135297,11.3274951824],[75.8733145213,11.3225402773],[75.8773812112,11.3217238816],[75.8787882941,11.3186132375],[75.8779478418,11.314809578],[75.8755813025,11.3182542748],[75.8695331062,11.3142915284],[75.8658647603,11.3154926062],[75.8590834222,11.3098430157],[75.8583591062,11.3037225195],[75.8518331501,11.2985738998],[75.8486609426,11.304181043],[75.8433046077,11.3026803242],[75.8405685628,11.3052594254],[75.8371356831,11.300525748],[75.8298109825,11.2969878766],[75.8239238939,11.3024807509],[75.8203656249,11.3034528784],[75.8184525441,11.3019481757],[75.8152826899,11.3023639742],[75.816847831,11.3045181264],[75.8139933684,11.3081092212],[75.8137254053,11.3083885273]]]]}},{"type":"Feature","properties":{"code":"G11016","name":"Kuttiady","type":"Grama Panchayat","leading":"LDF","seats":{"LDF":8,"UDF":7,"NDA":0,"OTHERS":0}},"geometry":{"type":"MultiPolygon","coordinates":[[[[75.7224930732,11.6393604143],[75.7122167872,11.6412515968],[75.7042470111,11.6534540442],[75.7078270182,11.6559138396],[75.7044910994,11.6632330207],[75.7059342072,11.6629221493],[75.7065138567,11.6647556519],[75.7101118419,11.6630301003],[75.7108555297,11.669566916],[75.7136557058,11.6711420578],[75.7144797884,11.6745482327],[75.7180646986,11.67337294],[75.7259616626,11.6665043535],[75.7278426237,11.6657446354],[75.729661041,11.6674739809],[75.7307374232,11.66456228],[75.736545,11.66268],[75.737249613,11.6578905965],[75.7419046381,11.6560428135],[75.7458258459,11.6576301989],[75.7466440392,11.6596899235],[75.7508200389,11.6600505136],[75.750830349,11.6621391521],[75.7523206442,11.6600955302],[75.7546214355,11.6601981309],[75.7593544334,11.6545452206],[75.7555576183,11.6521995907],[75.7535427743,11.6478506395],[75.7526855125,11.6374402079],[75.7481250267,11.6295194488],[75.7459785072,11.629328225],[75.7458602904,11.6323623305],[75.7397781624,11.6358606264],[75.7292400812,11.6380522399],[75.7275595784,11.6416213469],[75.722464219,11.6428100801],[75.7226653055,11.6396874892],[75.7224930732,11.6393604143]],[[75.7226094967,11.6698720138],[75.7225672696,11.6697861248],[75.7226094967,11.6698720138]]]]}},{"type":"Feature","properties":{"code":"G11056","name":"Madavoor","type":"Grama Panchayat","leading":"UDF","seats":{"LDF":5,"UDF":13,"NDA":0,"OTHERS":1}},"geometry":{"type":"MultiPolygon","coordinates":[[[[75.869475927,11.3276680103],[75.869475927,11.3276680103],[75.869475927,11.3276680103]]]]}},{"type":"Feature","properties":{"code":"G11021","name":"Maniyur","type":"Grama Panchayat","leading":"LDF","seats":{"LDF":11,"UDF":10,"NDA":0,"OTHERS":2}},"geometry":{"type":"MultiPolygon","coordinates":[[[[75.6149173722,11.5659487805],[75.6139097933,11.5691493362],[75.6195677303,11.5716518095],[75.6217290041,11.5742584533],[75.6211355366,11.5793868669],[75.6236450413,11.5816515487],[75.6246144736,11.5809616716],[75.6253313714,11.585114846],[75.6304181083,11.5884749489],[75.6308658886,11.5865485269],[75.6322155828,11.5873413896],[75.6344060654,11.5858131852],[75.6361123236,11.5871786796],[75.6384390757,11.5845201917],[75.6411026515,11.5851303317],[75.6426388737,11.5828698256],[75.6418297945,11.5812818744],[75.639566678,11.5817372256],[75.6399112076,11.5803832688],[75.6440263947,11.5802526931],[75.6454042468,11.5776911261],[75.6511632404,11.5791234774],[75.6566966266,11.5842965826],[75.6627244544,11.5846868574],[75.6711815696,11.5684436812],[75.6720924757,11.5614363099],[75.6778770586,11.5537886131],[75.6777308596,11.5487562506],[75.6639926328,11.5313325851],[75.6577208161,11.5297152965],[75.6552019992,11.5271565622],[75.6422159349,11.5304461088],[75.6404155712,11.534717583],[75.6330481356,11.5379241876],[75.626712973,11.537861215],[75.6194010623,11.5489649827],[75.6185492497,11.5535387457],[75.6236940065,11.5575136656],[75.6238484576,11.5591832205],[75.61881857,11.5649814696],[75.6164254894,11.5655385531],[75.6149173722,11.5659487805]]]]}},{"type":"Feature","properties":{"code":"G11017","name":"Maruthonkara","type":"Grama Panchayat","leading":"LDF","seats":{"LDF":9,"UDF":5,"NDA":0,"OTHERS":1}},"geometry":{"type":"MultiPolygon","coordinates":[[[[75.7947698552,11.6241924853],[75.7924691769,11.6252487609],[75.7871246301,11.6238804778],[75.7825434258,11.626683847],[75.7799486831,11.632819562],[75.7765917335,11.6346705132],[75.776247602,11.64059145],[75.7726480312,11.6410963552],[75.7614861165,11.6492979794],[75.7557032274,11.6515535411],[75.7593544334,11.6545452206],[75.75402089,11.6618399741],[75.7545935543,11.6651328207],[75.7579055255,11.6661248837],[75.7633879399,11.6630213334],[75.7647612929,11.663972629],[75.76702762,11.6608110843],[75.7753852089,11.65701187],[75.7795390279,11.6562828581],[75.7829763293,11.6602490433],[75.7842981055,11.6581652538],[75.787170961,11.6582517277],[75.7885768137,11.6650024115],[75.7861691504,11.6691764506],[75.7875238748,11.6736646937],[75.7908274924,11.6761834437],[75.7940210689,11.6705842696],[75.7986286499,11.6675526424],[75.8052659989,11.6686433348],[75.8058733333,11.66325],[75.8082976643,11.6593769619],[75.8165071785,11.6549814686],[75.8162728372,11.6533366959],[75.8214951138,11.6565139902],[75.8263345828,11.6539010841],[75.8390369538,11.6580267286],[75.8415564885,11.6596051938],[75.8406274358,11.6664137088],[75.8472341517,11.6685175048],[75.8543202219,11.6661382863],[75.8637908527,11.6548563803],[75.8613477465,11.6529408006],[75.8629653204,11.652101125],[75.8621986527,11.6504292695],[75.858089286,11.6476229369],[75.8432768729,11.6454941547],[75.8356891409,11.6475237967],[75.8226086861,11.6384214252],[75.8151910201,11.6412671487],[75.8131366796,11.6406447117],[75.8121594186,11.6379295205],[75.805894454,11.6352356477],[75.8056051147,11.6254567445],[75.8037794088,11.6269157965],[75.8030067079,11.6248111634],[75.7951462242,11.6241555686],[75.7947698552,11.6241924853]]]]}},{"type":"Feature","properties":{"code":"G11065","name":"Mavoor","type":"Grama Panchayat","leading":"UDF","seats":{"LDF":5,"UDF":10,"NDA":0,"OTHERS":4}},"geometry":{"type":"MultiPolygon","coordinates":[[[[75.9208089558,11.2406509426],[75.9178987179,11.2423121227],[75.918777866,11.2460545506],[75.9176046144,11.2477514599],[75.9130201766,11.2505106458],[75.9130711235,11.2528890476],[75.9154192713,11.2532602512],[75.9133853324,11.2560744611],[75.9140982862,11.2604469315],[75.9090545253,11.2639835867],[75.9090077312,11.267188345],[75.9066193122,11.2675047526],[75.9057695226,11.2711182135],[75.9156677886,11.2735070951],[75.9180289365,11.2787052133],[75.9201213434,11.279546097],[75.9198944361,11.284278702],[75.9222972494,11.2830900598],[75.9275259509,11.2843869819],[75.9291118943,11.2824228388],[75.932082042,11.2846746681],[75.9403463563,11.2827613548],[75.9420090599,11.2842718097],[75.9521620384,11.2850015117],[75.9518621645,11.2813694822],[75.9533608155,11.2814124024],[75.9537881538,11.2786941634],[75.9597764374,11.272488261],[75.9684858665,11.2708882098],[75.9704221276,11.2664520972],[75.9656288546,11.2621235739],[75.9597959106,11.2531908587],[75.9476230485,11.2496934572],[75.9296217818,11.2474176557],[75.9242414693,11.2451159282],[75.9219844363,11.2421942197],[75.9208089558,11.2406509426]]]]}},{"type":"Feature","properties":{"code":"G11027","name":"Meppayur","type":"Grama Panchayat","leading":"LDF","seats":{"LDF":13,"UDF":6,"NDA":0,"OTHERS":0}},"geometry":{"type":"MultiPolygon","coordinates":[[[[75.7157939432,11.5031068837],[75.7132323089,11.5018952709],[75.7152342635,11.4979465411],[75.7122224566,11.4989777012],[75.7107803729,11.4949649356],[75.7074458234,11.4963325066],[75.6986742937,11.495526358],[75.6972200695,11.5007876301],[75.7012662554,11.505635874],[75.6922590659,11.5113008506],[75.6869289089,11.5171005502],[75.690482377,11.5198422627],[75.692025894,11.5177888384],[75.6932561643,11.5185577307],[75.6912906597,11.520597054],[75.6952192787,11.5239956421],[75.6901414371,11.5251671884],[75.6885909493,11.5297711087],[75.6848881504,11.5283244647],[75.679249414,11.5298827677],[75.6776496163,11.5334046329],[75.6811492313,11.5440335823],[75.6837600073,11.5434853704],[75.6834469449,11.5464830389],[75.6927834084,11.5543902622],[75.701423325,11.5569561093],[75.7087074252,11.5539352807],[75.7116681605,11.5547944089],[75.714307667,11.5516174431],[75.7210424273,11.5524641192],[75.722764469,11.5384494013],[75.7247974387,11.5382836745],[75.7268777915,11.5301289124],[75.7334545076,11.5314532591],[75.7339267642,11.5283300086],[75.7318397365,11.5259499937],[75.7338296095,11.5238226588],[75.7308747987,11.5219068091],[75.729901657,11.5177230805],[75.7266689277,11.5232878096],[75.7150954209,11.521802621],[75.7185207277,11.5166305485],[75.7178000238,11.5140565079],[75.7228851272,11.5104861657],[75.724101108,11.5073726426],[75.7193022941,11.5073519831],[75.7158244102,11.5032566267],[75.7157939432,11.5031068837]],[[75.6932561643,11.5185577307],[75.6933422085,11.5185812112],[75.6932561643,11.5185577307]]]]}},{"type":"Feature","properties":{"code":"G11044","name":"Moodadi","type":"Grama Panchayat","leading":"LDF","seats":{"LDF":10,"UDF":9,"NDA":0,"OTHERS":1}},"geometry":{"type":"MultiPolygon","coordinates":[[[[75.6182123708,11.4801759157],[75.6297306657,11.4791898026],[75.6336917939,11.4804220189],[75.6308661996,11.4835279997],[75.6324042292,11.4838049988],[75.6318150785,11.487015873],[75.6401791139,11.4889751015],[75.6414892453,11.4932451733],[75.6441913618,11.491395806],[75.6494555178,11.4915178876],[75.6508860784,11.4897335237],[75.6493517104,11.4873703495],[75.6531948319,11.4898659034],[75.6592274548,11.4901678255],[75.6576750606,11.4937778012],[75.6632596022,11.4966986848],[75.6609026503,11.4980278836],[75.6625679826,11.5013679412],[75.6603628037,11.5007768224],[75.6597680913,11.5022674295],[75.6614151466,11.5028884708],[75.6598997739,11.505761852],[75.6609898204,11.5086753641],[75.665400996,11.5093650355],[75.6685755718,11.5058519846],[75.672637715,11.4967520384],[75.676831897,11.4934856855],[75.6795043675,11.4886094003],[75.6755825897,11.4857486745],[75.6765660986,11.4761222544],[75.6672086848,11.4730975674],[75.6687387505,11.4713957387],[75.6699230404,11.472418623],[75.670364964,11.4701596805],[75.6688059359,11.4611560856],[75.6608728547,11.4623157618],[75.6547256178,11.4662694394],[75.6466091393,11.4684831538],[75.6375234213,11.4642602435],[75.6371828754,11.4620901646],[75.6342857016,11.4618833369],[75.6269062264,11.473222893],[75.6207888621,11.4746002662],[75.6168681823,11.4774317022],[75.6180668742,11.4798599763],[75.6182123708,11.4801759157]]]]}},{"type":"Feature","properties":{"code":"G11011","name":"Nadapuram","type":"Grama Panchayat","leading":"UDF","seats":{"LDF":5,"UDF":17,"NDA":0,"OTHERS":2}},"geometry":{"type":"MultiPolygon","coordinates":[[[[75.6652329614,11.6642480748],[75.6606607214,11.6598705409],[75.6580645189,11.6600690492],[75.6564199967,11.6621677912],[75.6577002245,11.6657582801],[75.6549298713,11.6655774333],[75.6508665157,11.6709955151],[75.6474909852,11.6688538998],[75.6446426016,11.6693097629],[75.6434117011,11.6712229528],[75.643988054,11.6785377366],[75.6428048869,11.6805500685],[75.6462123029,11.6822083175],[75.6481954127,11.6885165726],[75.6509636557,11.6894682583],[75.6494798524,11.6950680379],[75.6510646496,11.6987751855],[75.6491134834,11.6990299156],[75.6463895303,11.704510499],[75.6533821894,11.7093234743],[75.6545804698,11.7087846339],[75.6538692966,11.704947073],[75.6580644431,11.704035324],[75.6608319564,11.7069543834],[75.6629001102,11.7023664105],[75.6665498523,11.7011710934],[75.6744300697,11.7043946525],[75.6699485005,11.7064082267],[75.6735850147,11.7106285885],[75.6786201004,11.7078231504],[75.6795739089,11.7030666036],[75.6821098313,11.7056806134],[75.6837752111,11.7048953844],[75.6873984719,11.6918351096],[75.6915512268,11.6888875913],[75.6980720827,11.6906587523],[75.6985857749,11.6879062097],[75.6961163876,11.686486517],[75.6968332979,11.6842616773],[75.6924323085,11.6825359078],[75.6894757721,11.6843945387],[75.6858317501,11.6827249191],[75.6851456069,11.6804210353],[75.6834346785,11.6808232923],[75.6900763307,11.6752539281],[75.6895364689,11.6719596748],[75.6909114791,11.6707635998],[75.6858383858,11.6680131891],[75.6855100719,11.6650255561],[75.6825467397,11.6656257456],[75.6803189908,11.664144907],[75.6775070716,11.6668588839],[75.6736157065,11.6640176757],[75.6658381519,11.664553546],[75.6652329614,11.6642480748]]]]}},{"type":"Feature","properties":{"code":"G11050","name":"Nanmanda","type":"Grama Panchayat","leading":"TIE","seats":{"LDF":8,"UDF":8,"NDA":2,"OTHERS":0}},"geometry":{"type":"MultiPolygon","coordinates":[[[[75.7798938667,11.3914965717],[75.7811211423,11.3925868036],[75.7787920191,11.3931692704],[75.7791175853,11.3963372478],[75.7822510561,11.4042985352],[75.7811992501,11.4111017431],[75.7844324608,11.4132826782],[75.7818065953,11.4145811147],[75.7834658409,11.4184997206],[75.781476656,11.4183056341],[75.7831561495,11.4196837448],[75.7803618903,11.4211672636],[75.7798638261,11.4244404615],[75.7853903622,11.4224332058],[75.785766607,11.4179721688],[75.7900117583,11.4189792033],[75.7959190799,11.4171609228],[75.7985193776,11.4195481458],[75.7999938383,11.4190288377],[75.8010189357,11.4152324274],[75.8028279888,11.4147709851],[75.8044875196,11.4214173384],[75.80849483,11.4206181843],[75.808792744,11.4262931874],[75.8157623171,11.4251554762],[75.8166276395,11.4274456939],[75.8209351279,11.4293367085],[75.8214415347,11.4344512176],[75.8239903958,11.4362404056],[75.8239666191,11.4391802771],[75.8312192908,11.4401232034],[75.8346511501,11.4467837422],[75.8351991501,11.4451681134],[75.840294676,11.4450734059],[75.8415330777,11.4419343777],[75.8403127001,11.4362240607],[75.8385105979,11.4363974563],[75.837940783,11.4336951838],[75.8353431501,11.4339493642],[75.8351805072,11.4301216951],[75.8361772849,11.4287012382],[75.841022464,11.428281279],[75.8538059813,11.4194142203],[75.8509480768,11.4163883527],[75.8465625598,11.4150184649],[75.8454576943,11.4089955786],[75.8432091673,11.4065348611],[75.8442275498,11.3980779714],[75.8385375343,11.3951254615],[75.8301571247,11.4026487871],[75.8300662681,11.4052225103],[75.8270649484,11.403870618],[75.825200235,11.4053480142],[75.814477588,11.4057646335],[75.8057479205,11.3999164273],[75.7996826228,11.3901738821],[75.795168092,11.389315138],[75.787595886,11.3944512775],[75.7846518438,11.3909960467],[75.7806276984,11.3914043653],[75.7798938667,11.3914965717]]]]}},{"type":"Feature","properties":{"code":"G11051","name":"Narikkuni","type":"Grama Panchayat","leading":"UDF","seats":{"LDF":2,"UDF":13,"NDA":0,"OTHERS":2}},"geometry":{"type":"MultiPolygon","coordinates":[[[[75.8623656781,11.3527933295],[75.8558415612,11.3481477439],[75.8522848708,11.3487832354],[75.8475854314,11.3527756877],[75.8487809858,11.3677862327],[75.8516879164,11.3735038674],[75.8561699398,11.3766093687],[75.8531662901,11.3809577887],[75.8550992443,11.3894942015],[75.8503699287,11.3948144359],[75.8560388015,11.3983260417],[75.8539295289,11.4022025331],[75.8577530781,11.4071652221],[75.8620951159,11.409507108],[75.8633848683,11.4148198347],[75.8672518954,11.4133403269],[75.8665524848,11.4124877917],[75.8707485039,11.4088939396],[75.8761148967,11.4110053762],[75.876954503,11.4078704579],[75.8817571261,11.4054612869],[75.8800472152,11.4015670042],[75.8820953404,11.4014261934],[75.8850306316,11.3974184126],[75.8818081597,11.3903677228],[75.8818109146,11.3837619603],[75.8801806824,11.3827105853],[75.8808810307,11.3791030862],[75.8792787968,11.3759466697],[75.8836667283,11.3752445135],[75.8806721038,11.3733364442],[75.8781660707,11.365145693],[75.8760479041,11.3658586899],[75.8760072698,11.3615731827],[75.8746214557,11.3629934582],[75.8740048924,11.3616326769],[75.8700875434,11.3629661008],[75.8686874814,11.3607131169],[75.8645707221,11.3601069705],[75.862913243,11.353666017],[75.8623656781,11.3527933295]]]]}},{"type":"Feature","properties":{"code":"G11018","name":"Naripatta","type":"Grama Panchayat","leading":"LDF","seats":{"LDF":12,"UDF":5,"NDA":0,"OTHERS":1}},"geometry":{"type":"MultiPolygon","coordinates":[[[[75.7048290951,11.6879307599],[75.6979238338,11.6827625451],[75.6961163876,11.686486517],[75.6985857749,11.6879062097],[75.6980720827,11.6906587523],[75.6915512268,11.6888875913],[75.6873984719,11.6918351096],[75.6837752111,11.7048953844],[75.6937958192,11.7063486721],[75.6934474126,11.7092410557],[75.6952257473,11.7102999957],[75.6982772479,11.7070815033],[75.7025512362,11.7106912793],[75.7052948109,11.7085984186],[75.7062331558,11.7143867152],[75.7097628638,11.7157849352],[75.71194807,11.7148253952],[75.7139416158,11.7164180436],[75.7140875221,11.7182660076],[75.7103382193,11.722127],[75.7138164979,11.721988157],[75.7148263666,11.7258487392],[75.7138263349,11.7285025999],[75.7153263795,11.729706486],[75.7142298799,11.7343668123],[75.7206654039,11.7327169877],[75.7227254368,11.734908124],[75.7179675091,11.7435329334],[75.7220378784,11.7466821919],[75.7230022203,11.7448755667],[75.7284926207,11.7452079918],[75.7297164136,11.7503303244],[75.7328875646,11.7526086349],[75.7349072045,11.7591368122],[75.7436381559,11.7580350558],[75.7491835465,11.7648624188],[75.7528768873,11.7643317949],[75.7765370612,11.7757860207],[75.7799573187,11.773982349],[75.7860018854,11.7769799065],[75.7896128232,11.771722801],[75.788791106,11.7653696876],[75.7844849169,11.7624614232],[75.7836305729,11.760138761],[75.7939189158,11.753561512],[75.8002494975,11.753035495],[75.799369199,11.7496924016],[75.7921477149,11.7430095725],[75.7862808518,11.7404189224],[75.7860699175,11.7385243504],[75.778957395,11.7379530848],[75.7740107717,11.7343287221],[75.7728905261,11.7288314241],[75.7595166799,11.7253055406],[75.7586308084,11.720422096],[75.7571116979,11.7195472568],[75.7416074309,11.7163531891],[75.7417033507,11.7148789491],[75.7335180234,11.7124173582],[75.7329060092,11.708541166],[75.7282672465,11.7064710464],[75.7271638568,11.7033856685],[75.7304633714,11.6962383183],[75.7204185052,11.6973288992],[75.7151321809,11.6948653065],[75.7070325005,11.6946757924],[75.705132194,11.6933395691],[75.7063280391,11.6896691044],[75.7053489686,11.6882267951],[75.7048290951,11.6879307599]]]]}},{"type":"Feature","properties":{"code":"G11029","name":"Nochad","type":"Grama Panchayat","leading":"LDF","seats":{"LDF":12,"UDF":6,"NDA":0,"OTHERS":0}},"geometry":{"type":"MultiPolygon","coordinates":[[[[75.76410462,11.5156099116],[75.7633960122,11.5145137669],[75.7572376723,11.5167572209],[75.7552214081,11.5125853417],[75.7508860781,11.509917461],[75.7496638337,11.5152538532],[75.7451891183,11.5178484538],[75.7457553986,11.5231077911],[75.7478203748,11.526097897],[75.7468314301,11.527122539],[75.7450025405,11.5275227782],[75.7443789329,11.5295917335],[75.740917898,11.5301615763],[75.7388001024,11.5339841722],[75.737477239,11.5322840636],[75.734879767,11.5332230063],[75.7329754739,11.5305045522],[75.7268777915,11.5301289124],[75.7247974387,11.5382836745],[75.7225890287,11.5388722233],[75.7227575318,11.5458826552],[75.720632289,11.5495166072],[75.72217418,11.5529934187],[75.7251436439,11.5529216426],[75.7259420652,11.5545793916],[75.7384149717,11.5535906926],[75.7381032543,11.5562662772],[75.745130742,11.5571678224],[75.7538395207,11.5510860878],[75.7540203431,11.5481586672],[75.768058946,11.5468061993],[75.7719334645,11.544853835],[75.7746465269,11.5479745384],[75.7760208889,11.5450541392],[75.7791327001,11.5430283947],[75.7828134417,11.5431245917],[75.7855214493,11.5401759116],[75.784518489,11.5339926743],[75.7897275046,11.5311294173],[75.7879773213,11.5272713312],[75.7911691056,11.5248529915],[75.7925634684,11.5229840165],[75.79153615,11.5211415126],[75.7935451115,11.5200244976],[75.7915093102,11.5171452384],[75.7860610378,11.5205074987],[75.7808611201,11.5107945535],[75.7800346362,11.512276117],[75.7777886225,11.5118343703],[75.7776568432,11.5088847497],[75.7700432933,11.5132577753],[75.7691601275,11.5157372546],[75.7640455069,11.515817985],[75.76410462,11.5156099116]]],[[[75.7909354176,11.5313748822],[75.7908312024,11.5314900137],[75.7909354176,11.5313748822]]]]}},{"type":"Feature","properties":{"code":"G11075","name":"Olavanna","type":"Grama Panchayat","leading":"LDF","seats":{"LDF":15,"UDF":8,"NDA":1,"OTHERS":0}},"geometry":{"type":"MultiPolygon","coordinates":[[[[75.851205489,11.2554530291],[75.8534282566,11.2536600992],[75.8515075763,11.2482950714],[75.8422186805,11.2427538291],[75.8456292041,11.2388440963],[75.8492379965,11.2383774591],[75.853712557,11.2320880967],[75.8590617529,11.2332237006],[75.8624016227,11.227315969],[75.8690358769,11.2277872247],[75.8683863919,11.2250934525],[75.8703499619,11.2228559015],[75.8774131703,11.222398133],[75.8761686397,11.216905511],[75.8707126231,11.2081213688],[75.8613834505,11.2046160579],[75.8566696974,11.2091538137],[75.8460226922,11.2087685165],[75.8395680606,11.2048410568],[75.8336416014,11.1951911783],[75.833246907,11.1980351145],[75.8390251709,11.2103952328],[75.8342643321,11.2095755177],[75.8337398839,11.2074351771],[75.8315489149,11.2088758136],[75.8307860753,11.2071717923],[75.8323975994,11.2070096164],[75.8311627015,11.2057936539],[75.8290054779,11.2064264504],[75.8290732912,11.2080781768],[75.8274842117,11.2070196289],[75.8258630394,11.208783055],[75.8229579907,11.2081054812],[75.8214591465,11.2112288323],[75.8250757003,11.2146305835],[75.8248305243,11.2189777748],[75.8241962158,11.2230781424],[75.8215759502,11.2241975093],[75.8091270524,11.2176165298],[75.810810171,11.2222596009],[75.8061707611,11.2295826945],[75.8094088564,11.2299283226],[75.8141583574,11.2260142123],[75.8190652401,11.227131179],[75.8224389162,11.2298624895],[75.8238134633,11.2362719916],[75.8225698303,11.2438944439],[75.8258959913,11.2452185305],[75.8278709144,11.2438271569],[75.8268979887,11.2458454603],[75.8316409873,11.2464145955],[75.8333462877,11.2545280292],[75.8367926576,11.2548647218],[75.8390759798,11.2532052886],[75.8422931872,11.2550439268],[75.842935573,11.2510625968],[75.8448445421,11.2539474404],[75.850469851,11.2545836782],[75.851205489,11.2554530291]]]]}},{"type":"Feature","properties":{"code":"G11060","name":"Omasery","type":"Grama Panchayat","leading":"UDF","seats":{"LDF":5,"UDF":16,"NDA":0,"OTHERS":1}},"geometry":{"type":"MultiPolygon","coordinates":[[[[75.939789573,11.3459509657],[75.939789573,11.3459509657],[75.939789573,11.3459509657]],[[75.9545921497,11.3736770598],[75.9545921497,11.3736770598],[75.9545921497,11.3736770598]]]]}},{"type":"Feature","properties":{"code":"G11004","name":"Onchiyam","type":"Grama Panchayat","leading":"TIE","seats":{"LDF":7,"UDF":5,"NDA":0,"OTHERS":7}},"geometry":{"type":"MultiPolygon","coordinates":[[[[75.5728283333,11.6363433333],[75.5728283333,11.6363433333],[75.5728283333,11.6363433333]]]]}},{"type":"Feature","properties":{"code":"G11040","name":"Panangad","type":"Grama Panchayat","leading":"LDF","seats":{"LDF":13,"UDF":8,"NDA":0,"OTHERS":0}},"geometry":{"type":"MultiPolygon","coordinates":[[[[75.845939808,11.4410120775],[75.8414015867,11.4412775336],[75.840294676,11.4450734059],[75.8351991501,11.4451681134],[75.8361491905,11.4497578545],[75.8347875208,11.455124881],[75.8331199879,11.4541149091],[75.8324395992,11.4558230969],[75.8261122723,11.455852678],[75.8244167158,11.4593587682],[75.822088373,11.4572068156],[75.8208302152,11.4588110667],[75.814782249,11.4580024343],[75.8142890348,11.4599882699],[75.8120524029,11.4600611383],[75.8128781769,11.4622997816],[75.8076364934,11.463093693],[75.8049903887,11.4659598867],[75.8033740353,11.4643859907],[75.8025036727,11.4657421327],[75.8143059389,11.4757810338],[75.8203388237,11.4732097456],[75.8470338769,11.4797693105],[75.8464010246,11.4839873696],[75.8426171009,11.487023022],[75.8436667373,11.4953730775],[75.8403492859,11.5014621404],[75.8449770519,11.5037658517],[75.8439898397,11.5054164566],[75.8472809311,11.5080240314],[75.847124755,11.5116170214],[75.8497698771,11.5119583917],[75.8494752436,11.5149095968],[75.8509781215,11.5161600053],[75.8558917479,11.5160036716],[75.8581459258,11.5175651371],[75.8601685169,11.5160184085],[75.8612980714,11.5176011105],[75.8661639718,11.5182382747],[75.8841602614,11.5180282969],[75.88715179,11.51912853],[75.8867505451,11.521860025],[75.888352966,11.5230936957],[75.8985661983,11.5258050498],[75.9004436018,11.5250681607],[75.9045328645,11.5304576151],[75.915052514,11.5334735889],[75.921457868,11.5388016627],[75.9230860188,11.5385520882],[75.9235817341,11.5416506651],[75.9267193305,11.5430822106],[75.9377476826,11.5195479638],[75.9337675404,11.5174856492],[75.9324100411,11.5138247476],[75.933031712,11.5084718212],[75.9374820554,11.5032322992],[75.9361802518,11.5020052153],[75.9325360421,11.5034014984],[75.9281264155,11.5069975285],[75.92485358,11.5067713754],[75.921359078,11.5101098212],[75.9143063457,11.5131347848],[75.908194155,11.5113837914],[75.9036198354,11.5133735049],[75.8992474126,11.5094883018],[75.8945148619,11.5084672136],[75.8939422907,11.5018244388],[75.8986651361,11.4985565802],[75.8986079576,11.4963112223],[75.9057169583,11.4944681469],[75.9048583935,11.4907934583],[75.9081906715,11.4897842254],[75.906758605,11.4828836517],[75.9035576955,11.4826994018],[75.9018054919,11.4785703348],[75.8941234087,11.4807319572],[75.889097731,11.47939864],[75.8876343382,11.4703379178],[75.8896741314,11.468527532],[75.8899497585,11.4653590164],[75.8881179281,11.4638857739],[75.8823328816,11.4647427011],[75.8818372413,11.4596245525],[75.883684609,11.4586113255],[75.8814471895,11.4581143257],[75.8745397468,11.464057649],[75.8724611127,11.4608893759],[75.8689675467,11.4593912527],[75.8615534734,11.460209268],[75.8573814302,11.4461719247],[75.8557263873,11.4458317529],[75.8557286997,11.4425306711],[75.8459219027,11.4408076901],[75.845939808,11.4410120775]],[[75.8357181795,11.4485106278],[75.8358693331,11.4484563338],[75.8357181795,11.4485106278]]]]}},{"type":"Feature","properties":{"code":"G11033","name":"Perambra","type":"Grama Panchayat","leading":"UDF","seats":{"LDF":8,"UDF":10,"NDA":1,"OTHERS":2}},"geometry":{"type":"MultiPolygon","coordinates":[[[[75.7276167128,11.5545792653],[75.7276906893,11.5588902612],[75.7240089956,11.5652627374],[75.7278665594,11.5678746152],[75.7250180277,11.56710489],[75.7225071174,11.56841323],[75.7336874382,11.5736446295],[75.7327456982,11.5818003606],[75.7286115579,11.578666295],[75.7262707754,11.5794170756],[75.7261703742,11.5820868517],[75.723414296,11.5816666791],[75.7240222267,11.5884483372],[75.7211742498,11.591037481],[75.7190135303,11.5894967449],[75.7151997399,11.5960034043],[75.7166043924,11.597156717],[75.7160277611,11.5987887678],[75.7129348087,11.5997673306],[75.7178973574,11.6019010505],[75.7408217224,11.5926305118],[75.7446101791,11.5938732911],[75.7471592297,11.5892100057],[75.7415040277,11.5884087362],[75.7435451832,11.587960584],[75.742159752,11.5865966789],[75.7427069575,11.5828835866],[75.7444557384,11.5842953108],[75.7465230011,11.5833423052],[75.7463671915,11.5852602384],[75.7505726709,11.5854677367],[75.7525460376,11.58758453],[75.7548456222,11.5852675679],[75.7572204962,11.5854054882],[75.7577475722,11.5823579196],[75.7613686521,11.5796774258],[75.7610450011,11.5727611317],[75.7686393131,11.5703318938],[75.7692090994,11.5685030849],[75.7735566182,11.5699520339],[75.7746667844,11.5684359166],[75.7773792503,11.568957974],[75.7796694554,11.5663231236],[75.7812376028,11.5698783443],[75.7833711612,11.5693605486],[75.7827268614,11.5679581505],[75.7869526367,11.5685913263],[75.7877341393,11.5623730698],[75.7891468824,11.5628984241],[75.7874272376,11.5599099478],[75.7928065095,11.5586416688],[75.7943558436,11.5624117424],[75.7967408215,11.5619888474],[75.7974142524,11.5571809872],[75.8041471497,11.5552690718],[75.7971800404,11.5483364034],[75.793371113,11.5479045673],[75.7914419488,11.5455105384],[75.7907935617,11.5398242398],[75.7871624666,11.5395459196],[75.7866690974,11.5381609279],[75.7828134417,11.5431245917],[75.7781795472,11.5435668328],[75.7746465269,11.5479745384],[75.7719334645,11.544853835],[75.768058946,11.5468061993],[75.7540203431,11.5481586672],[75.7538395207,11.5510860878],[75.745130742,11.5571678224],[75.7381032543,11.5562662772],[75.7384149717,11.5535906926],[75.7276787509,11.554345423],[75.7276167128,11.5545792653]]]]}},{"type":"Feature","properties":{"code":"G11071","name":"Perumanna","type":"Grama Panchayat","leading":"UDF","seats":{"LDF":7,"UDF":14,"NDA":0,"OTHERS":1}},"geometry":{"type":"MultiPolygon","coordinates":[[[[75.8534282566,11.2536600992],[75.8554828152,11.2548587682],[75.8577427952,11.252968415],[75.8625688561,11.2529469719],[75.8677364261,11.2489906204],[75.8685494935,11.2554784773],[75.8725188222,11.2558705295],[75.8789183329,11.2533790048],[75.8814870248,11.2492936633],[75.884964769,11.2496953902],[75.8849566315,11.2561786521],[75.8822977746,11.262349789],[75.8846886685,11.264921356],[75.892426025,11.2632865746],[75.8945063309,11.2614534006],[75.8948544125,11.2579905106],[75.8930683154,11.2559696932],[75.8991091254,11.2522457664],[75.8991007169,11.2471886836],[75.9007274906,11.2445005667],[75.8994582017,11.2346370252],[75.8969225484,11.2297985715],[75.888454245,11.2290505527],[75.8774131703,11.222398133],[75.8703499619,11.2228559015],[75.8683863919,11.2250934525],[75.8690358769,11.2277872247],[75.8624016227,11.227315969],[75.8590617529,11.2332237006],[75.853712557,11.2320880967],[75.8492379965,11.2383774591],[75.8456292041,11.2388440963],[75.8422186805,11.2427538291],[75.8513400107,11.2481185435],[75.8532104274,11.2535062224],[75.8534282566,11.2536600992]]]]}},{"type":"Feature","properties":{"code":"G11070","name":"Peruvayal","type":"Grama Panchayat","leading":"UDF","seats":{"LDF":9,"UDF":12,"NDA":0,"OTHERS":3}},"geometry":{"type":"MultiPolygon","coordinates":[[[[75.8767597894,11.2696004466],[75.8767597894,11.2696004466],[75.8767597894,11.2696004466]]]]}},{"type":"Feature","properties":{"code":"G11006","name":"Purameri","type":"Grama Panchayat","leading":"UDF","seats":{"LDF":7,"UDF":12,"NDA":0,"OTHERS":0}},"geometry":{"type":"MultiPolygon","coordinates":[[[[75.6523364191,11.6562665194],[75.6523364191,11.6562665194],[75.6523364191,11.6562665194]]]]}},{"type":"Feature","properties":{"code":"G11058","name":"Puthuppadi","type":"Grama Panchayat","leading":"UDF","seats":{"LDF":2,"UDF":19,"NDA":0,"OTHERS":3}},"geometry":{"type":"MultiPolygon","coordinates":[[[[75.9719714737,11.4270894066],[75.9678897605,11.4295405654],[75.9662107996,11.4325604556],[75.9629304531,11.4323887842],[75.9572448591,11.4370939502],[75.9447800753,11.4411017906],[75.9434753803,11.4396067822],[75.9397421949,11.442569539],[75.9403446885,11.4474606226],[75.9441803978,11.4537922496],[75.9492841008,11.4553184812],[75.9521163751,11.4581669402],[75.9556863346,11.4568467351],[75.9554130123,11.4599130044],[75.9602014663,11.4644161667],[75.9598761623,11.4671718579],[75.9621690718,11.4695517422],[75.9654804031,11.4701936939],[75.9647786527,11.4799780865],[75.9608867308,11.4852315746],[75.955046459,11.4868048107],[75.9487044644,11.4914474886],[75.9439388606,11.4913072842],[75.949204245,11.4958060556],[75.9812185019,11.5386822947],[75.9918932762,11.535211778],[75.9940682128,11.5360301481],[75.9975402846,11.5332671292],[76.0000788262,11.5260368806],[76.0164905854,11.5177685581],[76.0182233993,11.5142149937],[76.0337402331,11.5102195567],[76.0372348664,11.5065983439],[76.0376633729,11.5022684975],[76.0396051639,11.5016456755],[76.0383739908,11.4942708768],[76.0289511437,11.4828004261],[76.0121310973,11.4784813378],[76.0020606096,11.4801753592],[76.0010989311,11.4747718133],[75.997186926,11.4727894126],[75.9956220836,11.4701603157],[75.9933248188,11.4722876166],[75.9920791519,11.469605965],[75.9965238953,11.467019018],[75.9989432297,11.4606346769],[75.9990748698,11.4477382465],[75.9838290986,11.4518607983],[75.9794038534,11.4492833799],[75.9752088279,11.4390089695],[75.9777513865,11.4374130106],[75.9745178515,11.4321477183],[75.9742746458,11.4287992795],[75.9724000296,11.4277722352],[75.9719714737,11.4270894066]]]]}},{"type":"Feature","properties":{"code":"G11052","name":"Thalakkulathur","type":"Grama Panchayat","leading":"UDF","seats":{"LDF":7,"UDF":12,"NDA":0,"OTHERS":0}},"geometry":{"type":"MultiPolygon","coordinates":[[[[75.7419934634,11.3547016865],[75.7441543217,11.355342893],[75.7486407034,11.3613266526],[75.748084721,11.3688221411],[75.7528961504,11.3698630702],[75.7559020228,11.3666068824],[75.7574475543,11.369051043],[75.7612197383,11.370114283],[75.7612717207,11.377924183],[75.7649883317,11.3806279696],[75.7670426852,11.3787311084],[75.7724106134,11.3800211004],[75.7732168319,11.3785765232],[75.7754250501,11.3789607147],[75.7771664159,11.3826327211],[75.7819438614,11.3851362112],[75.7798938667,11.3914965717],[75.7846518438,11.3909960467],[75.786648288,11.3944369001],[75.795168092,11.389315138],[75.8016323099,11.389766074],[75.7986939867,11.38377056],[75.7987442144,11.3803557714],[75.7953572666,11.378902333],[75.7971606036,11.3737523323],[75.7950401928,11.3710867849],[75.7920320066,11.3714948955],[75.7896094995,11.3675183257],[75.7880267009,11.3687848347],[75.7828417557,11.36790909],[75.7784849068,11.3646401373],[75.7762084149,11.3608915584],[75.7773091422,11.3565706437],[75.7738942267,11.3499991389],[75.7733499023,11.3435442275],[75.7701837974,11.3404779404],[75.7653945768,11.3436308266],[75.7461325703,11.3359190528],[75.7452823093,11.3491311367],[75.7417198545,11.3537577851],[75.7419934634,11.3547016865]]]]}},{"type":"Feature","properties":{"code":"G11059","name":"Thamarassery","type":"Grama Panchayat","leading":"UDF","seats":{"LDF":4,"UDF":16,"NDA":0,"OTHERS":2}},"geometry":{"type":"MultiPolygon","coordinates":[[[[75.9321783463,11.3927866268],[75.9321783463,11.3927866268],[75.9321783463,11.3927866268]]]]}},{"type":"Feature","properties":{"code":"G11025","name":"Thikkodi","type":"Grama Panchayat","leading":"UDF","seats":{"LDF":5,"UDF":12,"NDA":0,"OTHERS":1}},"geometry":{"type":"MultiPolygon","coordinates":[[[[75.6182123708,11.4801759157],[75.6176226871,11.4867467343],[75.6130961263,11.5006039583],[75.6174685659,11.503942788],[75.6246062965,11.5062669206],[75.6233745801,11.5092333865],[75.6295034516,11.5133473655],[75.6300925173,11.5166353648],[75.6324648472,11.5178697242],[75.6361434825,11.5162895979],[75.6387191407,11.5188704679],[75.6496392969,11.5122347226],[75.6588200411,11.511364909],[75.6609898204,11.5086753641],[75.6598997739,11.505761852],[75.6614151466,11.5028884708],[75.6597606476,11.5020633824],[75.6606459759,11.5006557931],[75.6625679826,11.5013679412],[75.6609026503,11.4980278836],[75.6632596022,11.4966986848],[75.6576750606,11.4937778012],[75.6592274548,11.4901678255],[75.6531948319,11.4898659034],[75.6506459342,11.4873882848],[75.6490092762,11.4877958936],[75.6508611378,11.4891544107],[75.6494555178,11.4915178876],[75.6441913618,11.491395806],[75.6414892453,11.4932451733],[75.6401791139,11.4889751015],[75.6318150785,11.487015873],[75.6324042292,11.4838049988],[75.6308661996,11.4835279997],[75.6334625134,11.4803314278],[75.6297306657,11.4791898026],[75.6190142426,11.4801539132],[75.6182123708,11.4801759157]]]]}},{"type":"Feature","properties":{"code":"G11022","name":"Thiruvallur","type":"Grama Panchayat","leading":"TIE","seats":{"LDF":11,"UDF":11,"NDA":0,"OTHERS":0}},"geometry":{"type":"MultiPolygon","coordinates":[[[[75.6519810054,11.5798565319],[75.6507863777,11.5842270883],[75.6464776475,11.588069482],[75.6468662771,11.5916412444],[75.6450252917,11.5910289879],[75.6422823505,11.5960660412],[75.6379216898,11.5951631564],[75.6362179814,11.5998134805],[75.6346351805,11.5993569714],[75.6337151945,11.6016494099],[75.6356014805,11.6062477432],[75.6344538964,11.608385593],[75.639048371,11.6121403422],[75.6464898756,11.6146070641],[75.646113924,11.6170504993],[75.6488111284,11.6198853627],[75.6522860371,11.6193850138],[75.6530312934,11.6315597986],[75.6566293366,11.6327621754],[75.6577241004,11.6368471269],[75.6628903483,11.6386074468],[75.663896734,11.6371445896],[75.6663347184,11.6374748558],[75.6684885499,11.6394922324],[75.6699588122,11.6364809013],[75.6688018434,11.6280281778],[75.6715316191,11.6207329394],[75.6712109969,11.6175284966],[75.6757904131,11.6136350407],[75.6770221751,11.6102763127],[75.6800662861,11.6109860645],[75.6842654626,11.6091485969],[75.6829469095,11.6067672144],[75.6845947904,11.605921],[75.6849797077,11.603337359],[75.6834522281,11.603062981],[75.6844203957,11.6006791188],[75.6912142064,11.6005203407],[75.6932432744,11.5986163191],[75.6978932595,11.6021509436],[75.698536964,11.5953481853],[75.695938678,11.5924669181],[75.6921874202,11.579515446],[75.688215094,11.5728141553],[75.678737103,11.5694170334],[75.6730898708,11.5605886118],[75.6711815696,11.5684436812],[75.6634797421,11.5841999885],[75.6589136516,11.5851565021],[75.6523231544,11.5800197564],[75.6519810054,11.5798565319]]]]}},{"type":"Feature","properties":{"code":"G11053","name":"Thiruvambady","type":"Grama Panchayat","leading":"UDF","seats":{"LDF":8,"UDF":9,"NDA":0,"OTHERS":2}},"geometry":{"type":"MultiPolygon","coordinates":[[[[75.993944331,11.3282373189],[75.9880300714,11.3306269999],[75.9873794535,11.3345572704],[75.9938873876,11.3465568596],[76.000864538,11.3509669444],[76.0008363831,11.3527027491],[75.9966279547,11.3558968742],[75.9991217705,11.3569871172],[76.0034339985,11.3658495686],[76.0037589336,11.3681040726],[76.0014410076,11.3714852227],[76.0040525259,11.3782425825],[76.0068392336,11.3798473158],[76.0060982014,11.3832091987],[76.0081449626,11.3922754706],[76.0141630182,11.3909923807],[76.0152815694,11.393696854],[76.0177312495,11.3933212433],[76.0255062429,11.3966893848],[76.0273247003,11.391706599],[76.0296462958,11.3915601765],[76.03202789,11.4022108674],[76.0355499885,11.4066570406],[76.0353574776,11.411151998],[76.0403601733,11.4158498577],[76.0399785989,11.4201318499],[76.0456266281,11.4277081931],[76.0455943872,11.4363412429],[76.0483222381,11.4395814521],[76.0541542877,11.4420488676],[76.0584433557,11.4407577527],[76.067606717,11.4434880448],[76.0758758665,11.4432257871],[76.0786017659,11.4446333236],[76.0818623703,11.443483756],[76.0920425345,11.4474220324],[76.0998669626,11.4536533952],[76.1174194497,11.4566397267],[76.1305967549,11.4619142639],[76.1358552422,11.4596005574],[76.1417916859,11.4514694704],[76.1408065743,11.4476670379],[76.1373323024,11.4436179815],[76.1443889927,11.4299357156],[76.1420364754,11.4270902598],[76.1410293754,11.4197088283],[76.1375522994,11.4197794611],[76.1305123256,11.4263394615],[76.1207387396,11.4160647175],[76.1206578381,11.4116883678],[76.1156496973,11.4081379906],[76.1073530152,11.4113332857],[76.1015058083,11.4104040345],[76.0912104701,11.4192858519],[76.0795459411,11.4163951784],[76.0711017867,11.4232647321],[76.0690655477,11.4175724516],[76.0707848746,11.4151730735],[76.0657755244,11.4159526839],[76.0622409031,11.4138623851],[76.0615283931,11.3928428978],[76.0676718314,11.3874593846],[76.060719186,11.3809215926],[76.0583388491,11.3719187732],[76.0521290744,11.3676119433],[76.0402520034,11.3708572125],[76.0408650133,11.3691604878],[76.0376787839,11.3662441608],[76.0384094831,11.3637930762],[76.0355233358,11.3574366565],[76.0315146166,11.3541067929],[76.0278612879,11.3546272872],[76.0275714411,11.3493167507],[76.0233250259,11.3443968994],[76.0141267747,11.3399185525],[76.0147265947,11.3377881918],[76.01169332,11.3368213383],[76.0076430802,11.3400341318],[76.0016323713,11.33751183],[75.9992968808,11.3389701382],[75.996319552,11.3383522391],[75.9990695375,11.3346027805],[75.9967286514,11.3316355059],[75.9942985133,11.3312485048],[75.9946484447,11.3287065091],[75.993944331,11.3282373189]]]]}},{"type":"Feature","properties":{"code":"G11007","name":"Thuneri","type":"Grama Panchayat","leading":"UDF","seats":{"LDF":5,"UDF":12,"NDA":0,"OTHERS":0}},"geometry":{"type":"MultiPolygon","coordinates":[[[[75.6267232863,11.6818780024],[75.6267232863,11.6818780024],[75.6267232863,11.6818780024]]]]}},{"type":"Feature","properties":{"code":"G11023","name":"Thurayur","type":"Grama Panchayat","leading":"UDF","seats":{"LDF":5,"UDF":9,"NDA":0,"OTHERS":0}},"geometry":{"type":"MultiPolygon","coordinates":[[[[75.6685755718,11.5058519846],[75.665400996,11.5093650355],[75.6609898204,11.5086753641],[75.659017075,11.5111611864],[75.6480393608,11.5130931817],[75.6493489436,11.5167294317],[75.6485721745,11.5282520703],[75.6552019992,11.5271565622],[75.6573690256,11.5296758653],[75.6628379444,11.530685251],[75.6768196568,11.5463274339],[75.6781247719,11.545186552],[75.6856418667,11.5487376714],[75.6834469449,11.5464830389],[75.6837600073,11.5434853704],[75.6808244578,11.5435342662],[75.6777649388,11.5319670214],[75.679249414,11.5298827677],[75.6832840844,11.5285910219],[75.6885909493,11.5297711087],[75.6901414371,11.5251671884],[75.6955710039,11.5232073737],[75.6912906597,11.520597054],[75.6932685953,11.5189030069],[75.692025894,11.5177888384],[75.690482377,11.5198422627],[75.6872242091,11.517205396],[75.6757841852,11.5140702736],[75.6718149221,11.5112204321],[75.6720968464,11.5092705461],[75.6689981462,11.5094888326],[75.6687771143,11.5075865559],[75.6685755718,11.5058519846]]]]}},{"type":"Feature","properties":{"code":"G11038","name":"Ulliyeri","type":"Grama Panchayat","leading":"LDF","seats":{"LDF":15,"UDF":6,"NDA":0,"OTHERS":0}},"geometry":{"type":"MultiPolygon","coordinates":[[[[75.7298558882,11.4372102731],[75.7281054029,11.4394297625],[75.7294118267,11.4453958496],[75.7358934659,11.4533222116],[75.7402361234,11.4625273848],[75.7435121185,11.4621386806],[75.7460970326,11.4673603227],[75.7444272479,11.4700855408],[75.7499507651,11.4720544442],[75.7555205701,11.4772097342],[75.7583562579,11.4776536215],[75.7652638027,11.4747872906],[75.7700585359,11.4666987123],[75.7734099885,11.465874091],[75.7746039833,11.4675398086],[75.7761668134,11.4663234284],[75.7775794579,11.4683697862],[75.7822432833,11.4690989105],[75.7846357966,11.4655119754],[75.7830722107,11.4665615442],[75.7809008061,11.4646388799],[75.7761454215,11.4571909569],[75.7840420035,11.4538593907],[75.7835176872,11.4524137275],[75.786484893,11.4521421903],[75.7892961228,11.448372345],[75.7871636171,11.444629666],[75.7875250592,11.4421029639],[75.7841362817,11.4390084844],[75.7807134458,11.4402208293],[75.7809889537,11.4422364486],[75.7792857557,11.443196405],[75.7727819449,11.4402341185],[75.7700873663,11.4413879868],[75.7645004357,11.4393891501],[75.7663193246,11.4359973501],[75.7651217308,11.4319452825],[75.7624816906,11.431764883],[75.7631502793,11.4281234865],[75.761971747,11.4266359404],[75.7683119023,11.4211359069],[75.7670241649,11.4147339012],[75.7632163548,11.41097378],[75.7565831006,11.4141120651],[75.7488046932,11.4224797571],[75.7431618823,11.4226002655],[75.7372373291,11.4256817781],[75.7327781357,11.4305249303],[75.7299370964,11.436861877],[75.7298558882,11.4372102731]]]]}},{"type":"Feature","properties":{"code":"G11039","name":"Unnikulam","type":"Grama Panchayat","leading":"UDF","seats":{"LDF":9,"UDF":13,"NDA":2,"OTHERS":0}},"geometry":{"type":"MultiPolygon","coordinates":[[[[75.8624714413,11.4133735787],[75.8624714413,11.4133735787],[75.8624714413,11.4133735787]]]]}},{"type":"Feature","properties":{"code":"G11008","name":"Valayam","type":"Grama Panchayat","leading":"LDF","seats":{"LDF":11,"UDF":4,"NDA":0,"OTHERS":0}},"geometry":{"type":"MultiPolygon","coordinates":[[[[75.6819044349,11.7185015331],[75.6844159718,11.7179355267],[75.6852501775,11.7122711358],[75.6803666133,11.7121275347],[75.6776496048,11.7086160402],[75.6724533568,11.710378796],[75.6712417013,11.7158734823],[75.6669730718,11.7185994922],[75.6628041827,11.7188039238],[75.6604842674,11.7250785784],[75.6563944316,11.7291108607],[75.6613167963,11.735571558],[75.6674633333,11.739025],[75.6697457489,11.744006244],[75.6733426931,11.7462506796],[75.6747007591,11.7490764942],[75.6799835849,11.7511639931],[75.6806306826,11.7550874742],[75.6821928181,11.7554069763],[75.6807299811,11.7578986494],[75.6872559452,11.7657998112],[75.6876623316,11.7694617038],[75.6993319765,11.7792844885],[75.7001749582,11.7884302795],[75.697384685,11.7940879988],[75.6976000633,11.7984445637],[75.695415472,11.7999964964],[75.6985120347,11.801616535],[75.7073198278,11.7962348777],[75.7084020073,11.7880601868],[75.706044219,11.7793608053],[75.7077368016,11.7788733206],[75.7077181195,11.7765050685],[75.7050020228,11.7759794263],[75.7030213636,11.771220189],[75.7047225157,11.7690998355],[75.7045352508,11.7636167762],[75.7070244879,11.7601969176],[75.7056318787,11.7554066787],[75.7122249596,11.7474612652],[75.7124754943,11.7436043715],[75.7009301798,11.7394670018],[75.6992494398,11.7347044314],[75.6928962822,11.7338229294],[75.6916331398,11.7259488448],[75.6883314699,11.7257412424],[75.6876760558,11.7213260578],[75.6826387657,11.722858459],[75.6802247737,11.7215606562],[75.6817756013,11.7186529041],[75.6819044349,11.7185015331]]]]}},{"type":"Feature","properties":{"code":"G11009","name":"Vanimel","type":"Grama Panchayat","leading":"LDF","seats":{"LDF":9,"UDF":8,"NDA":0,"OTHERS":1}},"geometry":{"type":"MultiPolygon","coordinates":[[[[75.6837752111,11.7048953844],[75.6817473495,11.7055180972],[75.679847109,11.703017903],[75.6782749603,11.7043394918],[75.6776496048,11.7086160402],[75.6799126623,11.710090155],[75.679466846,11.7116037084],[75.6841895424,11.7120214748],[75.6845061196,11.7139212885],[75.6842917826,11.7168747692],[75.6802247737,11.7215606562],[75.6826387657,11.722858459],[75.687980014,11.7214695217],[75.6883314699,11.7257412424],[75.6916331398,11.7259488448],[75.6928962822,11.7338229294],[75.6992494398,11.7347044314],[75.7009301798,11.7394670018],[75.7124754943,11.7436043715],[75.7122249596,11.7474612652],[75.7056318787,11.7554066787],[75.7070244879,11.7601969176],[75.7045352508,11.7636167762],[75.7047225157,11.7690998355],[75.7030213636,11.771220189],[75.7050020228,11.7759794263],[75.7077181195,11.7765050685],[75.7077368016,11.7788733206],[75.706044219,11.7793608053],[75.7084020073,11.7880601868],[75.7066920907,11.7970579842],[75.7155972164,11.7985015651],[75.7200397964,11.7957623887],[75.725333415,11.7960137912],[75.7293594808,11.7871025133],[75.7294936829,11.7809717364],[75.7380155221,11.7819570491],[75.7377247507,11.7876061067],[75.7456012737,11.7876334513],[75.7491638007,11.7834698929],[75.7531989077,11.7849645109],[75.7570204738,11.7897377196],[75.7523012023,11.7914694305],[75.752053053,11.7947779819],[75.7458317585,11.7991823754],[75.7507293757,11.803968662],[75.7569944189,11.8054466537],[75.7641060429,11.8031084734],[75.7686814653,11.8036921444],[75.7772383332,11.8017179766],[75.7805907867,11.7978711347],[75.7931966116,11.7907484007],[75.7936984612,11.7823127045],[75.7915762017,11.7777951962],[75.787668835,11.7754698092],[75.7851206043,11.7767544295],[75.7799573187,11.773982349],[75.7765370612,11.7757860207],[75.7528768873,11.7643317949],[75.749706265,11.7650907647],[75.7436381559,11.7580350558],[75.7349072045,11.7591368122],[75.7328875646,11.7526086349],[75.7297164136,11.7503303244],[75.7284926207,11.7452079918],[75.7230022203,11.7448755667],[75.7223714612,11.7466212995],[75.7179675091,11.7435329334],[75.7227254368,11.734908124],[75.7206654039,11.7327169877],[75.7142298799,11.7343668123],[75.7153263795,11.729706486],[75.7138263349,11.7285025999],[75.7148263666,11.7258487392],[75.7138164979,11.721988157],[75.7103382193,11.722127],[75.7140875221,11.7182660076],[75.7139416158,11.7164180436],[75.71194807,11.7148253952],[75.7097628638,11.7157849352],[75.7062331558,11.7143867152],[75.7052948109,11.7085984186],[75.7025512362,11.7106912793],[75.6982772479,11.7070815033],[75.6952257473,11.7102999957],[75.6934474126,11.7092410557],[75.6937958192,11.7063486721],[75.6894026278,11.7067183947],[75.6868654344,11.7046633817],[75.6840992224,11.7047696978],[75.6837752111,11.7048953844]]]]}},{"type":"Feature","properties":{"code":"G11013","name":"Velom","type":"Grama Panchayat","leading":"UDF","seats":{"LDF":4,"UDF":13,"NDA":0,"OTHERS":1}},"geometry":{"type":"MultiPolygon","coordinates":[[[[75.6977858846,11.5940041356],[75.6976111999,11.6023474125],[75.7000287449,11.6052755733],[75.6980439349,11.6072509196],[75.6962834374,11.6067363479],[75.6953361967,11.6099359277],[75.697367751,11.6120381372],[75.6944775547,11.6172269846],[75.6951440272,11.6215178867],[75.6918694447,11.622502258],[75.6927888944,11.6241343468],[75.6915529177,11.6266548708],[75.6944534814,11.6290351959],[75.6901003077,11.6298760876],[75.6883232595,11.633072291],[75.6931449292,11.6441480617],[75.6954633581,11.6444729402],[75.6976214303,11.6473649874],[75.7028267555,11.643398717],[75.7041917247,11.6461166894],[75.7046754976,11.6445818205],[75.7088769941,11.6451925671],[75.7122167872,11.6412515968],[75.7224930732,11.6393604143],[75.722464219,11.6428100801],[75.7243478725,11.6427279656],[75.7247920139,11.6412425827],[75.7275595784,11.6416213469],[75.7292400812,11.6380522399],[75.7412801646,11.6352354978],[75.7458602904,11.6323623305],[75.7459785072,11.629328225],[75.7481250267,11.6295194488],[75.7485203952,11.6278769604],[75.7482204605,11.6235102977],[75.7441754959,11.6203804645],[75.7418127635,11.6155646657],[75.7430529583,11.6109601172],[75.7410957684,11.604915244],[75.744305217,11.595965727],[75.7430488831,11.5929418184],[75.7408217224,11.5926305118],[75.7190171875,11.6016924675],[75.711238861,11.6003935514],[75.7039615162,11.6025042457],[75.6986126481,11.594692146],[75.6977858846,11.5940041356]]]]}},{"type":"Feature","properties":{"code":"G11020","name":"Villiappally","type":"Grama Panchayat","leading":"LDF","seats":{"LDF":12,"UDF":9,"NDA":0,"OTHERS":0}},"geometry":{"type":"MultiPolygon","coordinates":[[[[75.6211982754,11.5843971511],[75.6211982754,11.5843971511],[75.6211982754,11.5843971511]]]]}},{"type":"Feature","properties":{"code":"G11030","name":"Changaroth","type":"Grama Panchayat","leading":"UDF","seats":{"LDF":1,"UDF":17,"NDA":0,"OTHERS":2}},"geometry":{"type":"MultiPolygon","coordinates":[[[[75.7565586563,11.5857211989],[75.7548456222,11.5852675679],[75.7519584456,11.5876468847],[75.7505726709,11.5854677367],[75.7463671915,11.5852602384],[75.7465230011,11.5833423052],[75.7444557384,11.5842953108],[75.7427069575,11.5828835866],[75.742159752,11.5865966789],[75.7435451832,11.587960584],[75.7415040277,11.5884087362],[75.7471592297,11.5892100057],[75.7457050353,11.5932183479],[75.743746976,11.593641889],[75.744305217,11.595965727],[75.7410957684,11.604915244],[75.7430529583,11.6109601172],[75.7420445313,11.6166730616],[75.7482204605,11.6235102977],[75.7482623537,11.6308422196],[75.7526855125,11.6374402079],[75.7530270608,11.6458631798],[75.7560184921,11.651677296],[75.7726480312,11.6410963552],[75.776247602,11.64059145],[75.7765917335,11.6346705132],[75.7799486831,11.632819562],[75.7825434258,11.626683847],[75.7849999978,11.6246401828],[75.7947698552,11.6241924853],[75.7989519853,11.6123522558],[75.8022685762,11.6072639166],[75.8049233816,11.6063733275],[75.803524434,11.6013155892],[75.8067732201,11.5865963445],[75.8003811549,11.5909323316],[75.7953497953,11.5914908329],[75.7932135641,11.589555369],[75.7907546414,11.5933956894],[75.7691350948,11.5941612449],[75.7647137159,11.5963117786],[75.7616066475,11.5952861302],[75.7605131455,11.5994280922],[75.7581299678,11.5975626971],[75.7546169194,11.5883317552],[75.7567496878,11.5857862091],[75.7565586563,11.5857211989]]]]}},{"type":"Feature","properties":{"code":"G11003","name":"Eramala","type":"Grama Panchayat","leading":"LDF","seats":{"LDF":8,"UDF":7,"NDA":0,"OTHERS":6}},"geometry":{"type":"MultiPolygon","coordinates":[[[[75.5916733449,11.6469832895],[75.5916733449,11.6469832895],[75.5916733449,11.6469832895]]]]}},{"type":"Feature","properties":{"code":"G11036","name":"Naduvannur","type":"Grama Panchayat","leading":"UDF","seats":{"LDF":7,"UDF":10,"NDA":0,"OTHERS":1}},"geometry":{"type":"MultiPolygon","coordinates":[[[[75.7444272479,11.4700855408],[75.7444272479,11.4700855408],[75.7444272479,11.4700855408]]]]}},{"type":"Feature","properties":{"code":"M11080","name":"Faroke","type":"Municipality","leading":"UDF","seats":{"LDF":15,"UDF":23,"NDA":1,"OTHERS":0}},"geometry":{"type":"MultiPolygon","coordinates":[[[[75.8088088522,11.1647171229],[75.8111823997,11.1662258316],[75.8183725397,11.17821292],[75.8210514781,11.1800910327],[75.8294340443,11.1800335266],[75.8359002502,11.1839450676],[75.8363188363,11.1888447546],[75.8392309667,11.1895812403],[75.8426035954,11.1887896747],[75.8476445744,11.1833239952],[75.8539647817,11.1824745118],[75.8555571144,11.1782348418],[75.8606996229,11.1757610857],[75.8613000793,11.1728753482],[75.8647682272,11.1713291504],[75.8632698043,11.1681576834],[75.8607330771,11.1677998968],[75.8590760101,11.1578398236],[75.855106602,11.1563142384],[75.8521359707,11.1582000341],[75.8498101263,11.1566903651],[75.8479359287,11.1587657401],[75.8454509331,11.157715955],[75.8360986664,11.1602431353],[75.8315717302,11.1580426675],[75.8246511663,11.1592855441],[75.8229131791,11.1565009241],[75.8170707138,11.1605715265],[75.8112458396,11.1581947665],[75.8121355624,11.1638832113],[75.809228236,11.1646241988],[75.8088088522,11.1647171229]]]]}},{"type":"Feature","properties":{"code":"M11078","name":"Koduvally","type":"Municipality","leading":"UDF","seats":{"LDF":3,"UDF":21,"NDA":0,"OTHERS":13}},"geometry":{"type":"MultiPolygon","coordinates":[[[[75.9212442972,11.3333572673],[75.9074588367,11.3392402244],[75.9048423003,11.3368415183],[75.8971673521,11.3362592277],[75.8979536864,11.3401321584],[75.8942654088,11.3459372768],[75.8972536422,11.3466889379],[75.9016506486,11.3548488799],[75.908877205,11.3585660578],[75.9047236127,11.3637932985],[75.904637044,11.3659734393],[75.9082465297,11.3691905912],[75.9075645944,11.3733456737],[75.9100178124,11.3770592965],[75.9089893189,11.3819187598],[75.9135206878,11.3844144031],[75.9111331772,11.3873537542],[75.9131794044,11.3902774701],[75.9087197543,11.3931825215],[75.9122809615,11.3939312681],[75.9101267228,11.3996117056],[75.9132249815,11.401928745],[75.9165622612,11.4079023834],[75.9196950639,11.409664591],[75.9168279983,11.3985622844],[75.9201796057,11.3979451302],[75.9271311727,11.3916901824],[75.9321783463,11.3927866268],[75.9360074818,11.3966877034],[75.9414706609,11.3936241644],[75.9371141649,11.3839511658],[75.9400669679,11.3790599056],[75.9360843621,11.3663778424],[75.9424663312,11.3608889166],[75.9414798338,11.3585904611],[75.9376592825,11.3565728993],[75.938190622,11.3539158795],[75.9360608387,11.3511245175],[75.9390224291,11.3471113788],[75.9325154602,11.3460060432],[75.9287987281,11.3406529],[75.9276632613,11.3344077166],[75.9213956536,11.333357342],[75.9212442972,11.3333572673]]]]}},{"type":"Feature","properties":{"code":"M11079","name":"Mukkam","type":"Municipality","leading":"LDF","seats":{"LDF":16,"UDF":10,"NDA":1,"OTHERS":7}},"geometry":{"type":"MultiPolygon","coordinates":[[[[75.9531429917,11.3129989274],[75.9529188521,11.3191151311],[75.9508203201,11.3239532248],[75.9522890625,11.3257839352],[75.9545878361,11.3242765887],[75.9568988027,11.3260418738],[75.9567808855,11.3309399156],[75.9598505516,11.3380888575],[75.9586528154,11.3466904741],[75.9602063725,11.3487425661],[75.9565757304,11.3495446533],[75.9553971984,11.3514521099],[75.9537086806,11.3510662441],[75.9544122759,11.3495677717],[75.9529486438,11.3488981467],[75.9518915682,11.344432596],[75.9490200696,11.3458398068],[75.9457559386,11.3441879831],[75.9451512529,11.3420532242],[75.9421955366,11.3448076111],[75.9414002436,11.3424967881],[75.9371399575,11.3438710026],[75.9395964717,11.3444962147],[75.9396290722,11.346475375],[75.9432700296,11.3463143331],[75.9486189303,11.3487880583],[75.9487346949,11.3503749919],[75.9516155237,11.351324851],[75.951792775,11.3534449049],[75.9553448407,11.3533038075],[75.9567742016,11.3554285034],[75.9593387994,11.35392649],[75.964004039,11.3609681599],[75.966817823,11.3600841124],[75.9684475555,11.3617773489],[75.9748553366,11.3628150564],[75.9785897061,11.3611892107],[75.9801788664,11.3633404124],[75.9846453446,11.361612498],[75.9855433073,11.3629535155],[75.9898825902,11.3627335991],[75.9881362804,11.3699309759],[75.9845061648,11.374659258],[75.9854104308,11.3775145161],[75.9897588856,11.3806429556],[75.9935637991,11.3793452495],[75.9952478632,11.3814927656],[76.0036865974,11.3776348176],[76.0014410076,11.3714852227],[76.0037589336,11.3681040726],[76.002562817,11.3631463063],[75.9991217705,11.3569871172],[75.9966279547,11.3558968742],[76.0008363831,11.3527027491],[76.000864538,11.3509669444],[75.9938873876,11.3465568596],[75.9920511824,11.3414307271],[75.9884768046,11.3383584015],[75.9872549296,11.3338334694],[75.9880300714,11.3306269999],[75.9928714706,11.3292585064],[75.9954372706,11.3246457443],[76.0013552299,11.3247407551],[75.99866117,11.3180103044],[75.9919433674,11.3177554522],[75.9930611275,11.3138718861],[75.9886168255,11.311506737],[75.9885878453,11.3068134318],[75.9832436729,11.3078266254],[75.9851581163,11.3023667106],[75.9894902265,11.2992449173],[75.9890682357,11.2893569215],[75.9836015509,11.2931038161],[75.9792245055,11.2888982524],[75.9785292493,11.2909351074],[75.9762342881,11.290599555],[75.9758749664,11.2925711676],[75.97367485,11.2917014809],[75.9692011175,11.2973364767],[75.9659235241,11.2970760211],[75.9660955585,11.3010201089],[75.963417387,11.3012577792],[75.9599121387,11.3092832899],[75.9559531266,11.3088107224],[75.9536729653,11.3121781488],[75.9531429917,11.3129989274]]]]}},{"type":"Feature","properties":{"code":"M11076","name":"Payyoli","type":"Municipality","leading":"UDF","seats":{"LDF":14,"UDF":21,"NDA":1,"OTHERS":1}},"geometry":{"type":"MultiPolygon","coordinates":[[[[75.5915566346,11.5587748804],[75.5933839133,11.5610486416],[75.59102884,11.568643132],[75.5927805421,11.5705307086],[75.6000095898,11.5655385857],[75.6038188146,11.5651713238],[75.6054406055,11.562723051],[75.6129720084,11.5658393853],[75.61881857,11.5649814696],[75.6238484576,11.5591832205],[75.6236940065,11.5575136656],[75.6185492497,11.5535387457],[75.6194010623,11.5489649827],[75.6253721372,11.5392934752],[75.6286636353,11.5372665525],[75.6317271983,11.5382640081],[75.639549592,11.5352745888],[75.6422159349,11.5304461088],[75.6485721745,11.5282520703],[75.6493489436,11.5167294317],[75.6480393608,11.5130931817],[75.6387191407,11.5188704679],[75.6361434825,11.5162895979],[75.6318271114,11.5176941141],[75.629398932,11.5156671894],[75.6295034516,11.5133473655],[75.6234865501,11.5094287666],[75.6246062965,11.5062669206],[75.6174685659,11.503942788],[75.6130961263,11.5006039583],[75.5916173635,11.5586080962],[75.5915566346,11.5587748804]]]]}},{"type":"Feature","properties":{"code":"M11049","name":"Koilandy","type":"Municipality","leading":"LDF","seats":{"LDF":22,"UDF":19,"NDA":4,"OTHERS":1}},"geometry":{"type":"MultiPolygon","coordinates":[[[[75.7000039406,11.4204565163],[75.6819135849,11.4493108837],[75.6760437563,11.4505541682],[75.6659747292,11.4606987629],[75.6688059359,11.4611560856],[75.6703649474,11.4698442164],[75.6699230404,11.472418623],[75.6687387505,11.4713957387],[75.6672086848,11.4730975674],[75.6765660986,11.4761222544],[75.6755825897,11.4857486745],[75.6795043675,11.4886094003],[75.680880428,11.4865857381],[75.6867626021,11.4857575345],[75.6922477584,11.4815328168],[75.6936215845,11.476094401],[75.6983076413,11.4749174942],[75.6992242826,11.473311566],[75.6984845447,11.4687898007],[75.7052683054,11.4630113763],[75.707728099,11.4624554159],[75.7092775706,11.4670542359],[75.7148569425,11.4677343759],[75.7192755035,11.477499661],[75.736063701,11.4754001521],[75.7395956662,11.4729627267],[75.7419349893,11.4681815074],[75.7417965947,11.4631554234],[75.7294118267,11.4453958496],[75.7281054029,11.4394297625],[75.7088821993,11.4389377933],[75.7049863976,11.4322941261],[75.6990586569,11.4306414296],[75.7034368395,11.4221858332],[75.7007037815,11.4208974703],[75.7000039406,11.4204565163]]]]}},{"type":"Feature","properties":{"code":"M11077","name":"Ramanattukara","type":"Municipality","leading":"UDF","seats":{"LDF":9,"UDF":22,"NDA":0,"OTHERS":1}},"geometry":{"type":"MultiPolygon","coordinates":[[[[75.85378787,11.1824061099],[75.8476445744,11.1833239952],[75.8426035954,11.1887896747],[75.8363188363,11.1888447546],[75.8354045754,11.1957331612],[75.8368171921,11.200983109],[75.8395680606,11.2048410568],[75.8460226922,11.2087685165],[75.8576011114,11.208704178],[75.8587973035,11.206770477],[75.855048185,11.2022766444],[75.8596556063,11.2009766669],[75.8604164271,11.1952978355],[75.8570931448,11.1951248451],[75.856672278,11.1938870966],[75.8591693962,11.1936482033],[75.8626401286,11.1890113618],[75.8757154987,11.1863026538],[75.8752437999,11.1838605586],[75.8769200501,11.1824231939],[75.8814480835,11.1825116812],[75.8817876468,11.1848497597],[75.8849561068,11.1851121856],[75.886466008,11.1793185651],[75.8884613747,11.1783895702],[75.8862699394,11.1770694869],[75.8873694998,11.170781588],[75.8826458862,11.1718738063],[75.8791831776,11.1675017709],[75.8744597758,11.166465046],[75.8702876759,11.1695565461],[75.8702148962,11.1727667063],[75.8669392981,11.1714907182],[75.8613000793,11.1728753482],[75.8606996229,11.1757610857],[75.8555571144,11.1782348418],[75.8539647817,11.1824745118],[75.85378787,11.1824061099]]]]}},{"type":"Feature","properties":{"code":"M11050","name":"Vadakara","type":"Municipality","leading":"LDF","seats":{"LDF":28,"UDF":15,"NDA":3,"OTHERS":2}},"geometry":{"type":"MultiPolygon","coordinates":[[[[75.5915566346,11.5587748804],[75.5744821409,11.6078441068],[75.5850264801,11.608353192],[75.5859925656,11.6107403621],[75.5826918241,11.6118931373],[75.5869366908,11.6149438204],[75.5903936128,11.6206982869],[75.5957680469,11.6205948489],[75.5986782533,11.6221037708],[75.6010834835,11.6167023837],[75.6052661438,11.6156892093],[75.6071851212,11.6099062479],[75.6144619196,11.6123078236],[75.6205025868,11.6116717687],[75.6186167876,11.6077765931],[75.6192156314,11.5995163049],[75.6154650814,11.5970935252],[75.6156199065,11.5938915437],[75.6123453038,11.5910028075],[75.6110383434,11.5866744756],[75.611751338,11.5834365004],[75.6138358438,11.5818689835],[75.6182920672,11.5844939861],[75.6213735172,11.5843909488],[75.6216761386,11.5828963941],[75.6228949155,11.5869067274],[75.6246979149,11.5862339041],[75.625285079,11.5836963618],[75.6246144736,11.5809616716],[75.6236450413,11.5816515487],[75.6208185373,11.578549725],[75.6217290041,11.5742584533],[75.6139097933,11.5691493362],[75.6149173722,11.5659487805],[75.6054406055,11.562723051],[75.6039415323,11.5649888026],[75.6000095898,11.5655385857],[75.5918353737,11.5702097885],[75.59143036,11.5656744877],[75.5933839133,11.5610486416],[75.5915902477,11.5589768047],[75.5915566346,11.5587748804]]]]}}]}
