{"type":"FeatureCollection","features":[{"type":"Feature","properties":{"code":"G10072","name":"Abdurehman Nagar","type":"Grama Panchayat","leading":"UDF","seats":{"LDF":0,"UDF":22,"NDA":0,"OTHERS":2}},"geometry":{"type":"MultiPolygon","coordinates":[[[[75.9136803447,11.0535196457],[75.9154857899,11.0553110235],[75.9125070206,11.0582473417],[75.9129374516,11.0649766603],[75.9079254024,11.0650270085],[75.9034786419,11.0682342787],[75.9100628531,11.081490734],[75.9126677843,11.080341809],[75.9163870859,11.0813921424],[75.917762119,11.0784423031],[75.9207246484,11.0780151838],[75.9219189703,11.0797355064],[75.9247087525,11.0797131249],[75.9267986641,11.0836099734],[75.9340771158,11.0815371135],[75.9402521742,11.085105435],[75.940389465,11.0870356685],[75.9518700479,11.0895419821],[75.9551052238,11.0884169197],[75.9542616927,11.0855163605],[75.9568105919,11.0855766472],[75.9558123306,11.0815380981],[75.9587521437,11.0757830875],[75.9470475752,11.0716213342],[75.9406441423,11.0675896688],[75.9387474119,11.0617909006],[75.9360878276,11.0604171955],[75.934653522,11.0455002311],[75.9278904573,11.0463935018],[75.9214634196,11.053872083],[75.9216280125,11.0449971572],[75.9178525417,11.0448261968],[75.9074265676,11.0519430549],[75.9135309615,11.0508749555],[75.9138779516,11.0535065432],[75.9136803447,11.0535196457]],[[75.9166728159,11.0521501008],[75.9166728159,11.0521501008],[75.9166728159,11.0521501008]]]]}},{"type":"Feature","properties":{"code":"G10096","name":"Alamkode","type":"Grama Panchayat","leading":"UDF","seats":{"LDF":5,"UDF":14,"NDA":0,"OTHERS":2}},"geometry":{"type":"MultiPolygon","coordinates":[[[[76.0347100965,10.7336612578],[76.0347100965,10.7336612578],[76.0347100965,10.7336612578]]]]}},{"type":"Feature","properties":{"code":"G10043","name":"Aliparamba","type":"Grama Panchayat","leading":"UDF","seats":{"LDF":4,"UDF":15,"NDA":0,"OTHERS":5}},"geometry":{"type":"MultiPolygon","coordinates":[[[[76.2657727833,10.9079477458],[76.2630385396,10.9093872833],[76.2632401657,10.9117664289],[76.2612906313,10.913125888],[76.2531081401,10.9147125446],[76.250433815,10.9195925616],[76.2461746109,10.9216646556],[76.2442453134,10.9297150846],[76.2482986139,10.9350997751],[76.2473274286,10.9399418892],[76.2511419413,10.94553968],[76.2497793084,10.9463905029],[76.2538736975,10.95434514],[76.2552662695,10.9554214731],[76.2601611629,10.9546653784],[76.2692661984,10.9583057272],[76.2702476212,10.95479734],[76.2733399248,10.9550853949],[76.2738667067,10.9581071731],[76.2781536892,10.9624898215],[76.2809492592,10.9606438467],[76.2832452072,10.9542530116],[76.2888893035,10.9482737271],[76.2894729508,10.9453287402],[76.2985191101,10.9430069378],[76.2996487522,10.9395943742],[76.306554413,10.939934071],[76.3085663948,10.9425183332],[76.3074196765,10.9466766135],[76.3104894476,10.9489290134],[76.314090332,10.9493961518],[76.3177356461,10.9478113309],[76.3204260938,10.9438923806],[76.3203961237,10.9364204738],[76.3334661303,10.9227667664],[76.3323099849,10.9144673573],[76.3354445005,10.9125936841],[76.335641425,10.9058116607],[76.3290900061,10.9045815192],[76.3222312036,10.9057377509],[76.3193610404,10.9118663793],[76.3124595704,10.9128445333],[76.3052244054,10.9114730705],[76.2964084359,10.9199485223],[76.2844440177,10.9134168285],[76.2795404634,10.9161304354],[76.2722333598,10.9145106667],[76.2684684457,10.9153295611],[76.265925732,10.9082310805],[76.2657727833,10.9079477458]]]]}},{"type":"Feature","properties":{"code":"G10026","name":"Amarambalam","type":"Grama Panchayat","leading":"UDF","seats":{"LDF":4,"UDF":16,"NDA":0,"OTHERS":2}},"geometry":{"type":"MultiPolygon","coordinates":[[[[76.2884259288,11.2239516204],[76.2797159714,11.2183220441],[76.2823845405,11.2148318428],[76.280366016,11.2131495648],[76.2806530071,11.211197861],[76.2726773757,11.2056963307],[76.2725326998,11.2039781245],[76.2709986763,11.2041183367],[76.2716258992,11.2063445051],[76.278360518,11.2107159455],[76.2808557862,11.2162193268],[76.2763120051,11.2176568226],[76.2717334184,11.2143532986],[76.2679525321,11.2151528113],[76.2689119192,11.2186063777],[76.2639544009,11.2211963702],[76.2640912306,11.2266772329],[76.2608461245,11.2286295253],[76.2593427671,11.2377222644],[76.2612130657,11.2438709823],[76.2570547481,11.2501242319],[76.2617215339,11.2515220107],[76.2616429816,11.2549791618],[76.2632848255,11.2558671057],[76.2651648071,11.2617801064],[76.2649692272,11.2653336645],[76.262775062,11.2671523575],[76.2641025792,11.274177625],[76.2663131707,11.2723160281],[76.2665120593,11.2682556871],[76.2688047126,11.2676369486],[76.2717800558,11.2637178664],[76.2765808753,11.2648261608],[76.2790102939,11.2610478162],[76.2888490653,11.261680766],[76.2893144349,11.2669070281],[76.2958734714,11.2680804375],[76.3012383712,11.2662103559],[76.3057827525,11.2675230884],[76.3109247013,11.2644037759],[76.3125310603,11.266846533],[76.3151410723,11.2648352098],[76.3243817685,11.2644671834],[76.3239199814,11.2749096263],[76.3289942206,11.2746690138],[76.3295586042,11.2721097592],[76.3337561868,11.2734341292],[76.3347161107,11.2712406591],[76.3374768734,11.2722380692],[76.3414172987,11.2691583271],[76.3407577801,11.265795567],[76.3457477356,11.2710625922],[76.3478929931,11.2686782174],[76.3550595942,11.2691886434],[76.3624255679,11.2670323816],[76.376531896,11.2775394891],[76.3815945651,11.2867319276],[76.3837193794,11.2843763536],[76.3969180103,11.2800596419],[76.4036191639,11.2814754699],[76.4057905027,11.2784248358],[76.4141670916,11.281890961],[76.4190761861,11.2817387762],[76.4219355559,11.2841061848],[76.4233089429,11.288021869],[76.4263674582,11.3052866472],[76.4309663827,11.3080064075],[76.4349776371,11.3066267448],[76.4370050153,11.308982798],[76.4447354246,11.3073846764],[76.4533373742,11.311041921],[76.4576877939,11.3061521869],[76.4712400776,11.3014595481],[76.4793032684,11.2960711506],[76.4872837105,11.2867410737],[76.4939566455,11.282903584],[76.4970048661,11.2754042132],[76.5002401373,11.2724327449],[76.4997985382,11.2702892804],[76.5030869173,11.2624858161],[76.4961998079,11.2633955734],[76.4531824985,11.2402179622],[76.4504464254,11.2153702071],[76.4487301807,11.2123454652],[76.4404526056,11.2149997631],[76.4278593171,11.2218121973],[76.4091875251,11.225611375],[76.3815018364,11.2370926291],[76.3719358434,11.2365864338],[76.3670448959,11.238957167],[76.3646385205,11.2375123202],[76.3622309923,11.2401280435],[76.3565934562,11.2389417254],[76.3521123219,11.2439690447],[76.3462650101,11.2430590747],[76.3339129195,11.2372551479],[76.3235320923,11.2351381292],[76.3229492089,11.2387094751],[76.3192217355,11.239577255],[76.3183914866,11.2421878708],[76.3144770015,11.2404033319],[76.3118515132,11.2411287812],[76.309828961,11.2387992544],[76.3123234518,11.2361282601],[76.3083916535,11.2321768667],[76.2992192942,11.2323116148],[76.2945740706,11.2247448191],[76.2924709625,11.2264811151],[76.2885335561,11.2240500191],[76.2884259288,11.2239516204]]]]}},{"type":"Feature","properties":{"code":"G10037","name":"Anakayam","type":"Grama Panchayat","leading":"UDF","seats":{"LDF":2,"UDF":19,"NDA":0,"OTHERS":3}},"geometry":{"type":"MultiPolygon","coordinates":[[[[76.1260203709,11.0753849637],[76.1260904283,11.0711567879],[76.1183338321,11.0620605691],[76.1159331935,11.0652881626],[76.1164616823,11.0699421781],[76.1098547379,11.0659258316],[76.1060665642,11.0747358757],[76.1036850061,11.0729410209],[76.1043306093,11.0692218562],[76.096021483,11.069035523],[76.0939047835,11.0651064599],[76.0899267152,11.0674530653],[76.0870404982,11.0712336335],[76.085996431,11.0765130676],[76.0814872787,11.0811630569],[76.0849817174,11.099400881],[76.0804736711,11.1051329854],[76.0833722371,11.116007299],[76.0888274114,11.1146825845],[76.0940364158,11.1101069071],[76.0985911278,11.1099636299],[76.1012364272,11.1076165086],[76.1027343587,11.1053805922],[76.101378405,11.0995918568],[76.1072444653,11.0927749553],[76.1089710621,11.0959030165],[76.1112792545,11.0965179369],[76.1150832314,11.0947781981],[76.1221197792,11.0949684788],[76.1237098763,11.0968795087],[76.128070673,11.0974256413],[76.133005061,11.0954901552],[76.1336600436,11.0989745487],[76.1388900403,11.0961760304],[76.1458029851,11.0965867451],[76.1449207877,11.0932370792],[76.1475923137,11.089435879],[76.1537356299,11.0927675294],[76.1583424522,11.0913639451],[76.1619733241,11.0922271607],[76.1637054037,11.0961126078],[76.1660579122,11.0951018525],[76.168012512,11.091439421],[76.1736803286,11.0941065964],[76.1754896684,11.0877381133],[76.179091567,11.0891601922],[76.1818498262,11.0882321577],[76.1825775388,11.0932096461],[76.188815421,11.0998248862],[76.1899761581,11.0983736809],[76.1882793525,11.0924686705],[76.1892303308,11.0903548307],[76.1921992029,11.0895377519],[76.1972246626,11.0936137985],[76.1994698475,11.0934798289],[76.1998417903,11.0887487563],[76.2025951928,11.0874864602],[76.2019588899,11.0837733979],[76.2048466861,11.0810378439],[76.2056923998,11.077094387],[76.204624284,11.0745302818],[76.1994253211,11.07253431],[76.1980332894,11.0684710663],[76.1937159156,11.0706450666],[76.195951606,11.0641607041],[76.1947262524,11.0585497856],[76.1916985775,11.0578964162],[76.1830323497,11.0498793021],[76.1740530741,11.0499462596],[76.1638262411,11.0588154904],[76.1616163494,11.0630821878],[76.1590567224,11.0631651749],[76.1567675366,11.0659180697],[76.1481710235,11.0674783726],[76.1485973114,11.0692950691],[76.1393021325,11.0756687006],[76.1297028197,11.0754888588],[76.1279160512,11.078887583],[76.1247882563,11.0794059943],[76.1231167264,11.0821808759],[76.1223163854,11.0800791287],[76.1256516527,11.0758462846],[76.1260203709,11.0753849637]]]]}},{"type":"Feature","properties":{"code":"G10050","name":"Angadippuram","type":"Grama Panchayat","leading":"UDF","seats":{"LDF":5,"UDF":13,"NDA":1,"OTHERS":5}},"geometry":{"type":"MultiPolygon","coordinates":[[[[76.1886884098,10.9501842785],[76.1886884098,10.9501842785],[76.1886884098,10.9501842785]]]]}},{"type":"Feature","properties":{"code":"G10029","name":"Areacode","type":"Grama Panchayat","leading":"UDF","seats":{"LDF":4,"UDF":13,"NDA":0,"OTHERS":3}},"geometry":{"type":"MultiPolygon","coordinates":[[[[76.0406765951,11.2008542697],[76.0406765951,11.2008542697],[76.0406765951,11.2008542697]]]]}},{"type":"Feature","properties":{"code":"G10057","name":"Athavanad","type":"Grama Panchayat","leading":"UDF","seats":{"LDF":2,"UDF":19,"NDA":0,"OTHERS":3}},"geometry":{"type":"MultiPolygon","coordinates":[[[[76.0215813995,10.8861824852],[76.0215813995,10.8861824852],[76.0215813995,10.8861824852]]]]}},{"type":"Feature","properties":{"code":"G10006","name":"Chaliyar","type":"Grama Panchayat","leading":"UDF","seats":{"LDF":4,"UDF":11,"NDA":0,"OTHERS":1}},"geometry":{"type":"MultiPolygon","coordinates":[[[[76.2059365476,11.2677944873],[76.204394667,11.2719601661],[76.2087161127,11.2746121703],[76.2088570643,11.2764882437],[76.2010392318,11.2794113705],[76.1978108079,11.2790479121],[76.1976169747,11.2763471543],[76.194183459,11.2780757721],[76.1983030564,11.2803835408],[76.1977301858,11.2820185604],[76.1995334844,11.2842111818],[76.1982230751,11.2850812273],[76.2011412823,11.289481634],[76.2014086946,11.294804418],[76.1989595834,11.2975449839],[76.2032751604,11.2996537287],[76.1988169896,11.3040906992],[76.1959050707,11.3039360803],[76.1948651424,11.3075259197],[76.1884011537,11.309902304],[76.1786786505,11.3094641353],[76.1706863359,11.3072531224],[76.1622478609,11.3095438813],[76.1556601161,11.3094259073],[76.1496391203,11.3048446861],[76.1455370998,11.3043830617],[76.1372526796,11.2959374171],[76.1356872202,11.2965417523],[76.1325091034,11.3013853376],[76.1350512328,11.3087086826],[76.1298770232,11.3122314006],[76.1334361079,11.3164732907],[76.1336415471,11.3210684788],[76.1297321443,11.3277645437],[76.1250181105,11.3309721937],[76.1253801211,11.333983043],[76.121971746,11.338149233],[76.1222149779,11.3430479825],[76.1174989068,11.3418174126],[76.1161368353,11.3428312545],[76.1166551151,11.3375193872],[76.1004921239,11.3400675029],[76.1012035543,11.3419123747],[76.0938941473,11.3486877124],[76.0956061645,11.351640428],[76.0961909741,11.3595460047],[76.0911997544,11.3669005229],[76.0948514342,11.3669062178],[76.0997626454,11.3720997022],[76.0975727872,11.383748606],[76.099876963,11.3893689241],[76.0995393662,11.3961009109],[76.1064749676,11.4032748938],[76.1053429584,11.4101845284],[76.1074947302,11.4114160619],[76.1169274447,11.4086025787],[76.1212192381,11.4125326266],[76.1206520961,11.4158526182],[76.1305493449,11.4262672419],[76.13755747,11.4197796148],[76.1410400457,11.419679834],[76.1420460202,11.4271149141],[76.1443817764,11.429948524],[76.1432642353,11.4318485181],[76.1576344718,11.4317981982],[76.1641762518,11.4252375356],[76.1697986587,11.4222715689],[76.1616685301,11.4202553303],[76.1564417356,11.4149740136],[76.1553158371,11.4070684506],[76.1597754383,11.3980060477],[76.1601361966,11.3938773353],[76.1660584524,11.3866907],[76.1731261228,11.3808479775],[76.1808656561,11.3804403166],[76.186292821,11.3771596641],[76.1884180928,11.3780950744],[76.189192578,11.3732780487],[76.1940460827,11.3727978347],[76.1973447452,11.3673193062],[76.2006534826,11.3653831111],[76.2054257822,11.3649220907],[76.2091065431,11.3670643664],[76.2195298769,11.3645061353],[76.2182809693,11.3620395624],[76.2190303667,11.3560524344],[76.224122888,11.349131626],[76.2252846656,11.3455985537],[76.2241249523,11.3416091424],[76.2311234974,11.3353590833],[76.2364189443,11.3223822343],[76.2387263181,11.321238601],[76.2383431236,11.3196086083],[76.2411292509,11.3187441881],[76.241685464,11.3168490929],[76.2388260625,11.3154154815],[76.2370595244,11.3119792313],[76.2409682088,11.3037462651],[76.2377842104,11.2996681684],[76.2321269276,11.2968069558],[76.2310309266,11.2864981018],[76.2271016778,11.2816259391],[76.2250070376,11.2814860252],[76.2189817184,11.2865508635],[76.2136295359,11.2856905458],[76.2131806945,11.2829661734],[76.2163770389,11.2763207847],[76.2062855202,11.2679564361],[76.2059365476,11.2677944873]]]]}},{"type":"Feature","properties":{"code":"G10034","name":"Cheacode","type":"Grama Panchayat","leading":"UDF","seats":{"LDF":1,"UDF":14,"NDA":0,"OTHERS":6}},"geometry":{"type":"MultiPolygon","coordinates":[[[[75.9684669089,11.2048453746],[75.9635568972,11.2038787325],[75.960234755,11.195906954],[75.957563187,11.1986551426],[75.9568430583,11.2046957415],[75.9544234811,11.2053320563],[75.9529460678,11.2095025298],[75.9543527211,11.2128282295],[75.9601103077,11.2176827749],[75.9605891723,11.2228073921],[75.9664982125,11.222914885],[75.9662149676,11.2244545262],[75.9680976153,11.223936678],[75.97318565,11.22977852],[75.968654423,11.2345511603],[75.9788502001,11.2433908632],[75.9788229907,11.2461727699],[75.9835869658,11.2483175852],[75.9893773182,11.2441573277],[75.9929516109,11.2450952279],[75.9950190855,11.2418193701],[76.001907379,11.2472935252],[76.0135741973,11.2377102888],[76.018325474,11.236867182],[76.0192787465,11.2344709128],[76.0135895878,11.2331150247],[76.0100281206,11.2298406308],[76.0095951087,11.2271950852],[76.0149029433,11.227416632],[76.0141844307,11.2247786558],[76.024181647,11.2236996963],[76.0250610328,11.2224755278],[76.0241179796,11.2195741472],[76.0205043196,11.2165856575],[76.0220075719,11.2143565161],[76.0188522942,11.2119851498],[76.0140072192,11.211311273],[76.0108178722,11.2127538216],[76.0052770634,11.2087259069],[75.9943188098,11.2100385357],[75.9882984747,11.2033329994],[75.9834442784,11.2040629579],[75.9790214375,11.2022504294],[75.9772931005,11.2044739602],[75.9686399294,11.2047315518],[75.9684669089,11.2048453746]]]]}},{"type":"Feature","properties":{"code":"G10015","name":"Chelembra","type":"Grama Panchayat","leading":"UDF","seats":{"LDF":2,"UDF":17,"NDA":2,"OTHERS":0}},"geometry":{"type":"MultiPolygon","coordinates":[[[[75.8713698117,11.1319135296],[75.8713698117,11.1319135296],[75.8713698117,11.1319135296]]]]}},{"type":"Feature","properties":{"code":"G10066","name":"Cheriyamundam","type":"Grama Panchayat","leading":"UDF","seats":{"LDF":1,"UDF":17,"NDA":0,"OTHERS":2}},"geometry":{"type":"MultiPolygon","coordinates":[[[[75.9437060153,10.9177042577],[75.9437060153,10.9177042577],[75.9437060153,10.9177042577]]]]}},{"type":"Feature","properties":{"code":"G10008","name":"Cherukavu","type":"Grama Panchayat","leading":"UDF","seats":{"LDF":6,"UDF":14,"NDA":1,"OTHERS":1}},"geometry":{"type":"MultiPolygon","coordinates":[[[[75.905654981,11.1645351096],[75.905654981,11.1645351096],[75.905654981,11.1645351096]]]]}},{"type":"Feature","properties":{"code":"G10023","name":"Chokkad","type":"Grama Panchayat","leading":"UDF","seats":{"LDF":4,"UDF":13,"NDA":0,"OTHERS":3}},"geometry":{"type":"MultiPolygon","coordinates":[[[[76.3112416979,11.1887766062],[76.3101500947,11.1862899727],[76.3067462785,11.1875921177],[76.3015164168,11.1860959891],[76.2951605178,11.1912581162],[76.2955038679,11.1931436023],[76.291433868,11.1938884996],[76.290068239,11.1978700809],[76.2936766253,11.2078128346],[76.2983995863,11.2137633687],[76.2963933615,11.2160322786],[76.2975300825,11.2185263213],[76.2964415532,11.2204789306],[76.290932994,11.2245997814],[76.2924709625,11.2264811151],[76.2940469023,11.2244326239],[76.2950293592,11.2251597073],[76.2992192942,11.2323116148],[76.3083916535,11.2321768667],[76.3123234518,11.2361282601],[76.309828961,11.2387992544],[76.3118515132,11.2411287812],[76.3144770015,11.2404033319],[76.3183914866,11.2421878708],[76.3192217355,11.239577255],[76.3229492089,11.2387094751],[76.3235320923,11.2351381292],[76.3339129195,11.2372551479],[76.3462650101,11.2430590747],[76.3521123219,11.2439690447],[76.3565934562,11.2389417254],[76.3622309923,11.2401280435],[76.3646385205,11.2375123202],[76.3670448959,11.238957167],[76.3719358434,11.2365864338],[76.3815018364,11.2370926291],[76.4091875251,11.225611375],[76.4278593171,11.2218121973],[76.4421019034,11.214327437],[76.4487301807,11.2123454652],[76.4502457055,11.2153193173],[76.4490078182,11.2055247184],[76.4395706779,11.2029478768],[76.4312533593,11.2032516268],[76.425993715,11.2082790499],[76.4155522777,11.2100433972],[76.4053914727,11.2084793463],[76.4074979295,11.192842119],[76.4048226385,11.1899544588],[76.39740916,11.19398644],[76.3946602514,11.192499849],[76.3886048897,11.1926737879],[76.3679132734,11.196748123],[76.3523300132,11.188715896],[76.3437199564,11.1908697664],[76.3413839179,11.1882043875],[76.3414845414,11.1790698902],[76.3368305136,11.1756895919],[76.3306095394,11.1797395984],[76.3177400731,11.1815716903],[76.3157256619,11.1861729167],[76.3115102769,11.1886444669],[76.3112416979,11.1887766062]],[[76.3112416979,11.1887766062],[76.3111732825,11.1888343009],[76.3112416979,11.1887766062]]]]}},{"type":"Feature","properties":{"code":"G10005","name":"Chungathara","type":"Grama Panchayat","leading":"UDF","seats":{"LDF":4,"UDF":15,"NDA":1,"OTHERS":2}},"geometry":{"type":"MultiPolygon","coordinates":[[[[76.2603741794,11.3058600484],[76.2603741794,11.3058600484],[76.2603741794,11.3058600484]]]]}},{"type":"Feature","properties":{"code":"G10003","name":"Edakkara","type":"Grama Panchayat","leading":"UDF","seats":{"LDF":4,"UDF":12,"NDA":0,"OTHERS":3}},"geometry":{"type":"MultiPolygon","coordinates":[[[[76.3003363512,11.3503355209],[76.3003363512,11.3503355209],[76.3003363512,11.3503355209]]]]}},{"type":"Feature","properties":{"code":"G10094","name":"Edappal","type":"Grama Panchayat","leading":"TIE","seats":{"LDF":7,"UDF":7,"NDA":5,"OTHERS":2}},"geometry":{"type":"MultiPolygon","coordinates":[[[[75.990547557,10.7518118208],[75.990547557,10.7518118208],[75.990547557,10.7518118208]]]]}},{"type":"Feature","properties":{"code":"G10028","name":"Edapatta","type":"Grama Panchayat","leading":"UDF","seats":{"LDF":3,"UDF":13,"NDA":0,"OTHERS":1}},"geometry":{"type":"MultiPolygon","coordinates":[[[[76.2943270094,11.050616279],[76.2880332885,11.0532159575],[76.2844336682,11.0583000869],[76.2862243774,11.061987127],[76.2898528793,11.0603180522],[76.2933469963,11.061934649],[76.2924416683,11.0695523467],[76.290315646,11.070138971],[76.2934998473,11.0764438289],[76.2929892692,11.078612417],[76.288042279,11.0789144268],[76.2758583395,11.0724225102],[76.2712935283,11.0737193711],[76.2663212601,11.076980836],[76.2662313932,11.0802217963],[76.2697658428,11.0831115162],[76.2658771743,11.0889615918],[76.2662500295,11.092279356],[76.2704977269,11.0887973032],[76.2747146635,11.0912866938],[76.2746516144,11.0948856563],[76.2762114625,11.0942537713],[76.2764229009,11.091858154],[76.2796807404,11.0909355952],[76.2823502016,11.0957546973],[76.2948918988,11.0953902214],[76.2990234314,11.0924895232],[76.3032722819,11.0820994997],[76.3078890742,11.0798565311],[76.3091481865,11.0771144365],[76.3098869475,11.0787539317],[76.3152928132,11.0791878251],[76.3154619779,11.0867872502],[76.3168079607,11.0846100478],[76.3183556941,11.0848018111],[76.3218569338,11.0927975552],[76.3393717536,11.0933895991],[76.3465406544,11.0888715443],[76.3438943885,11.0878385478],[76.3397392325,11.0780303906],[76.3320010352,11.0731351942],[76.3297470492,11.0741921006],[76.3347913439,11.0629391074],[76.333060085,11.0582406156],[76.330415719,11.0573171497],[76.3314645687,11.055025984],[76.3250547928,11.0505236581],[76.3210802066,11.0521691594],[76.3110478994,11.0506020024],[76.3094751234,11.0468634933],[76.295685632,11.0500907298],[76.2943270094,11.050616279]]]]}},{"type":"Feature","properties":{"code":"G10078","name":"Edarikkode","type":"Grama Panchayat","leading":"UDF","seats":{"LDF":3,"UDF":14,"NDA":0,"OTHERS":1}},"geometry":{"type":"MultiPolygon","coordinates":[[[[75.9775001272,10.9844509582],[75.9746701922,10.9870928978],[75.9766441077,10.9916014072],[75.9757101253,10.9998058542],[75.9692004415,11.0063045353],[75.9641273322,11.0161702275],[75.9636744156,11.0200518162],[75.9552102395,11.0255468178],[75.961813892,11.0340400827],[75.9690046113,11.0275367705],[75.9759260578,11.0254918434],[75.9813222076,11.0171472461],[75.980556906,11.0093110917],[75.9823420603,11.0065455321],[75.9809471291,11.0047661091],[75.9855013663,11.0035156443],[75.9873270974,10.9973501386],[75.9917781921,10.9989703846],[75.9937924475,10.9869488911],[75.9968362704,10.9841499498],[75.9966763938,10.979357286],[76.0060450594,10.9769973161],[76.0086518634,10.972932542],[75.9994438742,10.9709100315],[75.9950010721,10.9723680135],[75.9819334258,10.9719351287],[75.9801514998,10.9730223012],[75.9802546687,10.981252324],[75.9779905245,10.9840222998],[75.9775001272,10.9844509582]]]]}},{"type":"Feature","properties":{"code":"G10036","name":"Edavanna","type":"Grama Panchayat","leading":"UDF","seats":{"LDF":3,"UDF":16,"NDA":0,"OTHERS":5}},"geometry":{"type":"MultiPolygon","coordinates":[[[[76.1291040545,11.1891811889],[76.1291040545,11.1891811889],[76.1291040545,11.1891811889]],[[76.1323127043,11.1861877716],[76.1323525278,11.186309837],[76.1323127043,11.1861877716]]]]}},{"type":"Feature","properties":{"code":"G10058","name":"Edayur","type":"Grama Panchayat","leading":"UDF","seats":{"LDF":4,"UDF":16,"NDA":0,"OTHERS":2}},"geometry":{"type":"MultiPolygon","coordinates":[[[[76.0971515956,10.8952242309],[76.095289386,10.8984894111],[76.0867951685,10.898203504],[76.0882995223,10.9035894278],[76.0864610207,10.90712682],[76.0816264705,10.9079850264],[76.0754516664,10.9038436478],[76.0706466359,10.9039218561],[76.0703261675,10.9084603957],[76.0663943257,10.9163215928],[76.0628982803,10.9205980983],[76.0591873715,10.9210878998],[76.0569094719,10.9237870364],[76.0621761565,10.9319057991],[76.0685471924,10.9322950633],[76.0671184585,10.9411318688],[76.07283994,10.9432142901],[76.0744848495,10.9454001063],[76.0754166437,10.9531275249],[76.0779296708,10.955395708],[76.0829563713,10.9560780895],[76.0853004392,10.9557015509],[76.091216827,10.9495032426],[76.0936813998,10.9496923683],[76.0967642173,10.9459143553],[76.0969711536,10.9432825136],[76.1027018617,10.94095744],[76.1086791075,10.9434087312],[76.1098490167,10.9411935211],[76.1171694653,10.9424994126],[76.1208510275,10.9386186121],[76.1192544316,10.9346855479],[76.1194889711,10.927577973],[76.1164201383,10.9282418922],[76.1141128901,10.9260175635],[76.1182362666,10.9183710214],[76.1156255664,10.9072078612],[76.1194532504,10.9053665216],[76.1203437238,10.9001175509],[76.1156201189,10.8981610663],[76.109144451,10.8900847633],[76.1007139816,10.8924356685],[76.0999760256,10.8949645426],[76.0976158521,10.8951607129],[76.0971515956,10.8952242309]]]]}},{"type":"Feature","properties":{"code":"G10044","name":"Elamkulam","type":"Grama Panchayat","leading":"LDF","seats":{"LDF":8,"UDF":7,"NDA":0,"OTHERS":3}},"geometry":{"type":"MultiPolygon","coordinates":[[[[76.2160580105,10.913770783],[76.2160303541,10.9184299126],[76.2134761141,10.922289389],[76.2147124461,10.9237693937],[76.2134450588,10.9233671522],[76.2057536279,10.9354314992],[76.2124681267,10.9374235724],[76.2204017355,10.9358138686],[76.229017098,10.9390810957],[76.2362454017,10.9370806968],[76.2379293736,10.9346558409],[76.2377081113,10.9280483071],[76.2405802529,10.9245163253],[76.2456653355,10.9241057849],[76.2461746109,10.9216646556],[76.250433815,10.9195925616],[76.2531081401,10.9147125446],[76.2612906313,10.913125888],[76.2632401657,10.9117664289],[76.2630385396,10.9093872833],[76.2657727833,10.9079477458],[76.25333131,10.88579163],[76.2510518182,10.8847222851],[76.2435132822,10.8866933091],[76.2295745613,10.8858363632],[76.2272859446,10.8937231212],[76.2204408213,10.9046503804],[76.2175153593,10.9066858243],[76.2160725032,10.9137613009],[76.2160580105,10.913770783]]]]}},{"type":"Feature","properties":{"code":"G10059","name":"Irumbiliyum","type":"Grama Panchayat","leading":"UDF","seats":{"LDF":2,"UDF":15,"NDA":0,"OTHERS":3}},"geometry":{"type":"MultiPolygon","coordinates":[[[[76.0725471364,10.8389179834],[76.0732006607,10.8438361667],[76.0764338007,10.8487108593],[76.0727323724,10.8514916099],[76.0726975426,10.8547587895],[76.0711260831,10.8544280731],[76.0722485542,10.8566958355],[76.0706370065,10.8576643538],[76.0716069114,10.864652861],[76.0705038372,10.8707265834],[76.0743793076,10.876683737],[76.0835855013,10.8764959601],[76.0854202915,10.8788855855],[76.0832143214,10.8794365201],[76.0861338401,10.8990689709],[76.0939090451,10.8975655619],[76.095289386,10.8984894111],[76.0965087995,10.8952977624],[76.0999760256,10.8949645426],[76.1007139816,10.8924356685],[76.1086586998,10.8900278088],[76.1156201189,10.8981610663],[76.1219765729,10.9012742843],[76.1238891105,10.8965349808],[76.13014942,10.8948625788],[76.1301046203,10.8854018606],[76.1316764495,10.8802504915],[76.1284572961,10.8787406415],[76.1151370764,10.8822392944],[76.112831873,10.8672159855],[76.11110775,10.8665928667],[76.1039091064,10.8715759489],[76.1024088242,10.8708682053],[76.1021973398,10.8485232523],[76.1000793345,10.843652378],[76.0918515458,10.8405414692],[76.0751427954,10.8392844918],[76.0725471364,10.8389179834]]]]}},{"type":"Feature","properties":{"code":"G10095","name":"Kalady","type":"Grama Panchayat","leading":"UDF","seats":{"LDF":4,"UDF":13,"NDA":0,"OTHERS":1}},"geometry":{"type":"MultiPolygon","coordinates":[[[[75.9850231581,10.8038293095],[75.9850231581,10.8038293095],[75.9850231581,10.8038293095]],[[75.995484263,10.8278192103],[75.9955527218,10.8277390239],[75.995484263,10.8278192103]]]]}},{"type":"Feature","properties":{"code":"G10022","name":"Kalikavu","type":"Grama Panchayat","leading":"UDF","seats":{"LDF":3,"UDF":19,"NDA":0,"OTHERS":0}},"geometry":{"type":"MultiPolygon","coordinates":[[[[76.2807077564,11.1409917211],[76.2785767772,11.1432065269],[76.2734820856,11.1428867599],[76.2704027038,11.1406150656],[76.2676924547,11.1466024641],[76.270183176,11.150874551],[76.2688108814,11.1558214091],[76.2764194689,11.1569918093],[76.2754069984,11.1593956493],[76.2703919033,11.1625807958],[76.270017205,11.1652127976],[76.2729021291,11.1706409055],[76.2707903164,11.1735149954],[76.2703833932,11.1806691595],[76.2752890618,11.1808343867],[76.2829903402,11.1882072925],[76.2799938862,11.1882288877],[76.2777202314,11.1902225121],[76.2709420788,11.1884144454],[76.2704395951,11.1922170079],[76.2717271284,11.1946044143],[76.2752746665,11.1943221729],[76.2782164146,11.1960547482],[76.2789127722,11.1986051936],[76.2839136115,11.201121127],[76.2863842381,11.1991187689],[76.2866224207,11.1968267502],[76.2907026348,11.1978089723],[76.291433868,11.1938884996],[76.2955038679,11.1931436023],[76.2951605178,11.1912581162],[76.3015164168,11.1860959891],[76.3067462785,11.1875921177],[76.3101500947,11.1862899727],[76.31112843,11.1887998777],[76.3138606058,11.1880699549],[76.3177400731,11.1815716903],[76.3306095394,11.1797395984],[76.3368305136,11.1756895919],[76.3414845414,11.1790698902],[76.3413839179,11.1882043875],[76.3437199564,11.1908697664],[76.3523300132,11.188715896],[76.3679132734,11.196748123],[76.3863157718,11.192897552],[76.3946602514,11.192499849],[76.39740916,11.19398644],[76.4008260484,11.1928968486],[76.4048226385,11.1899544588],[76.4020475515,11.1878676976],[76.4077950472,11.1801438919],[76.3899175527,11.172856488],[76.3786257835,11.1642993067],[76.3747239603,11.1647058633],[76.3644280992,11.161919227],[76.3569308611,11.1594214354],[76.355947161,11.1574880447],[76.350964798,11.1551977433],[76.3443719494,11.1583692122],[76.34008959,11.1564517283],[76.3408159308,11.1588073289],[76.3378190739,11.1599837634],[76.3338567813,11.1579513776],[76.3330311091,11.1630556968],[76.3315193837,11.1642387184],[76.330855672,11.1623404957],[76.3279882184,11.1642432864],[76.3260439905,11.1632267107],[76.3252218875,11.1597779028],[76.323633296,11.1600098216],[76.3194837528,11.1556157151],[76.3149978144,11.1586162469],[76.3141792352,11.1623046034],[76.312180029,11.1632349159],[76.3089616995,11.1617916367],[76.3035005519,11.1555849135],[76.3008888322,11.1514177516],[76.3003492281,11.1447442463],[76.2863217929,11.1457325976],[76.2832036778,11.1438176174],[76.2807077564,11.1409917211]]]]}},{"type":"Feature","properties":{"code":"G10063","name":"Kalpakancheri","type":"Grama Panchayat","leading":"UDF","seats":{"LDF":1,"UDF":16,"NDA":0,"OTHERS":4}},"geometry":{"type":"MultiPolygon","coordinates":[[[[75.9901075152,10.9211217865],[75.9901075152,10.9211217865],[75.9901075152,10.9211217865]]]]}},{"type":"Feature","properties":{"code":"G10076","name":"Kannamangalam","type":"Grama Panchayat","leading":"UDF","seats":{"LDF":0,"UDF":20,"NDA":0,"OTHERS":4}},"geometry":{"type":"MultiPolygon","coordinates":[[[[75.9739524778,11.0598890882],[75.9742021914,11.0627012373],[75.9715935164,11.064067681],[75.9712284093,11.0677834921],[75.967419576,11.0698092235],[75.9671227816,11.0741687694],[75.9564749325,11.0746004698],[75.9587959517,11.0759349635],[75.9558123306,11.0815380981],[75.9568105919,11.0855766472],[75.9542616927,11.0855163605],[75.9551052238,11.0884169197],[75.9516482453,11.0895425284],[75.9532678406,11.0906738838],[75.9527389742,11.0920307928],[75.9490620963,11.0927825099],[75.9509128401,11.0946338703],[75.9495913378,11.0967144643],[75.9508018579,11.1010923961],[75.9555527404,11.1041079555],[75.9581193341,11.1107821004],[75.9602973865,11.1132755911],[75.9623946393,11.1131511334],[75.9646083503,11.1180801862],[75.9729512963,11.1121137988],[75.9829391331,11.1119430881],[75.9881836021,11.1091346227],[75.993223672,11.1085302133],[76.00871441,11.0981299999],[76.0108285327,11.0934771062],[76.0085201822,11.0853460897],[76.0056088759,11.0819877289],[76.0063025728,11.0780838593],[76.004028787,11.077068348],[76.0045234694,11.0722761763],[75.9984726503,11.0661031293],[75.9933120216,11.06406018],[75.9935101314,11.0614064883],[75.9884958979,11.058049278],[75.9852806237,11.0588054676],[75.9822197632,11.0571565061],[75.9741849954,11.0599559943],[75.9739524778,11.0598890882]]]]}},{"type":"Feature","properties":{"code":"G10027","name":"Karulai","type":"Grama Panchayat","leading":"UDF","seats":{"LDF":5,"UDF":9,"NDA":0,"OTHERS":3}},"geometry":{"type":"MultiPolygon","coordinates":[[[[76.2641025792,11.274177625],[76.2737014477,11.2816229321],[76.2756497478,11.2870731108],[76.2733840266,11.2906300713],[76.2764835086,11.2956363464],[76.2785029086,11.3033623442],[76.2808182531,11.3042683562],[76.2816989431,11.307278574],[76.2836303869,11.3070079354],[76.2846156821,11.3037152781],[76.2898181632,11.3023052741],[76.2915676445,11.2981965779],[76.2965882355,11.2947083383],[76.302724888,11.2967166236],[76.3073219622,11.2955888772],[76.31245999,11.30274306],[76.3183294485,11.2995836915],[76.3204444241,11.3000116012],[76.3206680224,11.3021901052],[76.3188177789,11.3037648818],[76.3230850305,11.3053486785],[76.3217044235,11.308880606],[76.3229547123,11.3108180483],[76.325271772,11.3102401722],[76.3260487283,11.3071802278],[76.3291422552,11.3114931136],[76.3395565739,11.3137035132],[76.3432627678,11.3176870166],[76.3565702231,11.3165343915],[76.3617519268,11.3181766888],[76.3663063948,11.3249222223],[76.3667574365,11.3382607003],[76.3682280876,11.3396639754],[76.3647900155,11.3526203802],[76.3661134028,11.364184818],[76.3746185802,11.3713231732],[76.3743590447,11.3801244244],[76.3773416906,11.3830626611],[76.3820730508,11.378240183],[76.3889787828,11.3760051726],[76.3903958015,11.3699238413],[76.4036773349,11.3617638158],[76.4088333061,11.3620492772],[76.4191571786,11.3665535923],[76.4341864547,11.3786921036],[76.4445538627,11.376433969],[76.4622900381,11.3873359409],[76.5182498746,11.3711707276],[76.5164333284,11.3600554945],[76.51015573,11.3551277816],[76.5477886543,11.358955154],[76.5474704235,11.3455874165],[76.5498942095,11.3309276799],[76.5373338642,11.3140947786],[76.5393419081,11.3046426373],[76.545800607,11.3003223339],[76.5262659344,11.2882811853],[76.5221667781,11.2713580688],[76.5024152466,11.264293284],[76.5002401373,11.2724327449],[76.4970048661,11.2754042132],[76.4939566455,11.282903584],[76.4872837105,11.2867410737],[76.4793032684,11.2960711506],[76.4712400776,11.3014595481],[76.4576877939,11.3061521869],[76.4533373742,11.311041921],[76.4447354246,11.3073846764],[76.4370050153,11.308982798],[76.4349776371,11.3066267448],[76.4309663827,11.3080064075],[76.4263674582,11.3052866472],[76.4233089429,11.288021869],[76.4219355559,11.2841061848],[76.4190761861,11.2817387762],[76.4141670916,11.281890961],[76.4057905027,11.2784248358],[76.4036191639,11.2814754699],[76.3969180103,11.2800596419],[76.3837193794,11.2843763536],[76.3815945651,11.2867319276],[76.376531896,11.2775394891],[76.3624255679,11.2670323816],[76.3550595942,11.2691886434],[76.3478929931,11.2686782174],[76.3457477356,11.2710625922],[76.3407577801,11.265795567],[76.3414172987,11.2691583271],[76.3374768734,11.2722380692],[76.3347161107,11.2712406591],[76.3337561868,11.2734341292],[76.3295586042,11.2721097592],[76.3289942206,11.2746690138],[76.3239199814,11.2749096263],[76.3243817685,11.2644671834],[76.3151410723,11.2648352098],[76.3125310603,11.266846533],[76.3109247013,11.2644037759],[76.3057827525,11.2675230884],[76.3012383712,11.2662103559],[76.2958734714,11.2680804375],[76.2893144349,11.2669070281],[76.2888490653,11.261680766],[76.2790102939,11.2610478162],[76.2765808753,11.2648261608],[76.2717800558,11.2637178664],[76.2688047126,11.2676369486],[76.2665120593,11.2682556871],[76.2665126037,11.2717048433],[76.2646984945,11.2739758065],[76.2641025792,11.274177625]]]]}},{"type":"Feature","properties":{"code":"G10024","name":"Karuvarakundu","type":"Grama Panchayat","leading":"UDF","seats":{"LDF":2,"UDF":19,"NDA":0,"OTHERS":3}},"geometry":{"type":"MultiPolygon","coordinates":[[[[76.3157412477,11.0846455164],[76.3152928132,11.0791878251],[76.3098869475,11.0787539317],[76.3087812379,11.0771398365],[76.3078890742,11.0798565311],[76.3032722819,11.0820994997],[76.3014669506,11.0882176025],[76.2993263939,11.0902602332],[76.3018826021,11.0919392622],[76.304284212,11.0978136799],[76.3123423689,11.1019502334],[76.3168228388,11.1075064116],[76.3207479515,11.1176499548],[76.3256403255,11.1204502985],[76.3144474201,11.1332239922],[76.3149130756,11.1353786575],[76.3241026157,11.1374996635],[76.324597761,11.1399681599],[76.3329849708,11.1436514045],[76.3329500649,11.1501929434],[76.3361020149,11.1497158773],[76.3370782693,11.1524621868],[76.3407532425,11.1521357127],[76.3440328762,11.1583668454],[76.350964798,11.1551977433],[76.355947161,11.1574880447],[76.3569308611,11.1594214354],[76.3644280992,11.161919227],[76.3747239603,11.1647058633],[76.3786257835,11.1642993067],[76.3899175527,11.172856488],[76.4077950472,11.1801438919],[76.4119792558,11.1751537345],[76.4134807579,11.170674246],[76.4127620155,11.1633096973],[76.4077455667,11.154783645],[76.4148145577,11.1419989254],[76.4107443489,11.1330172895],[76.4149115072,11.1197600839],[76.4090505857,11.1130096302],[76.3994012117,11.1121483482],[76.3922417194,11.1083716919],[76.3875710727,11.0992542282],[76.3823776016,11.1007069759],[76.3756937399,11.0973005039],[76.3691552085,11.0988968392],[76.3652963553,11.0975466429],[76.3607502561,11.0981715978],[76.357900231,11.0934970032],[76.3511458183,11.0926344317],[76.3478640636,11.0886026627],[76.3387782662,11.0935277787],[76.3218569338,11.0927975552],[76.320010754,11.0866336773],[76.3168079607,11.0846100478],[76.3154619779,11.0867872502],[76.315725803,11.0848190591],[76.3157412477,11.0846455164]],[[76.3192425107,11.1127661124],[76.3193226946,11.1127319263],[76.3192425107,11.1127661124]]]]}},{"type":"Feature","properties":{"code":"G10031","name":"Kavannur","type":"Grama Panchayat","leading":"UDF","seats":{"LDF":5,"UDF":17,"NDA":0,"OTHERS":1}},"geometry":{"type":"MultiPolygon","coordinates":[[[[76.0691429483,11.1672378747],[76.0691429483,11.1672378747],[76.0691429483,11.1672378747]]]]}},{"type":"Feature","properties":{"code":"G10046","name":"Keezhattur","type":"Grama Panchayat","leading":"UDF","seats":{"LDF":2,"UDF":17,"NDA":0,"OTHERS":3}},"geometry":{"type":"MultiPolygon","coordinates":[[[[76.2286458121,11.020734265],[76.2286458121,11.020734265],[76.2286458121,11.020734265]]]]}},{"type":"Feature","properties":{"code":"G10032","name":"Keezhuparamba","type":"Grama Panchayat","leading":"UDF","seats":{"LDF":3,"UDF":9,"NDA":0,"OTHERS":4}},"geometry":{"type":"MultiPolygon","coordinates":[[[[76.018325474,11.236867182],[76.0135741973,11.2377102888],[76.001907379,11.2472935252],[75.9955835199,11.2419789964],[75.9928769518,11.2442123398],[75.9964702432,11.2509955956],[75.9959398414,11.2552494126],[75.9993655288,11.2582698246],[76.0086214376,11.2595531775],[76.0139292525,11.2679323909],[76.0262346192,11.2685408204],[76.0332410106,11.2664802758],[76.0361186744,11.2681643582],[76.0453563608,11.2651634069],[76.0466072094,11.267546442],[76.0491925448,11.2681234187],[76.050073147,11.2627214606],[76.0488116375,11.2555879322],[76.0459048022,11.2545790189],[76.047747352,11.2484548252],[76.0467598894,11.2466618874],[76.0492238615,11.2417990194],[76.0465941465,11.2416024175],[76.0414722785,11.2371224775],[76.0388053872,11.2370107986],[76.0363029241,11.2390733813],[76.0361738756,11.2450124623],[76.0305976123,11.2465886147],[76.0260579531,11.2438585242],[76.0217866998,11.2376984409],[76.0186242559,11.2369441534],[76.018325474,11.236867182]]]]}},{"type":"Feature","properties":{"code":"G10042","name":"Kodur","type":"Grama Panchayat","leading":"UDF","seats":{"LDF":1,"UDF":18,"NDA":0,"OTHERS":4}},"geometry":{"type":"MultiPolygon","coordinates":[[[[76.0652052421,10.9976418103],[76.0652052421,10.9976418103],[76.0652052421,10.9976418103]]]]}},{"type":"Feature","properties":{"code":"G10052","name":"Koottilangadi","type":"Grama Panchayat","leading":"UDF","seats":{"LDF":2,"UDF":16,"NDA":0,"OTHERS":4}},"geometry":{"type":"MultiPolygon","coordinates":[[[[76.1165792044,11.029918584],[76.1165792044,11.029918584],[76.1165792044,11.029918584]]]]}},{"type":"Feature","properties":{"code":"G10051","name":"Kuruva","type":"Grama Panchayat","leading":"UDF","seats":{"LDF":3,"UDF":17,"NDA":0,"OTHERS":4}},"geometry":{"type":"MultiPolygon","coordinates":[[[[76.0931079017,10.9498170232],[76.0883630365,10.9514189177],[76.0853004392,10.9557015509],[76.0782308979,10.9552230885],[76.0681054183,10.9627626443],[76.0749873428,10.9721120853],[76.0756784023,10.9706317219],[76.0797114,10.9707057594],[76.0869003671,10.9919460208],[76.0904642166,10.9955128384],[76.0889154465,11.0047053406],[76.0903275295,11.0070863094],[76.088963523,11.0096915676],[76.0907950355,11.0154055297],[76.088773003,11.0232466664],[76.0916672513,11.0217038831],[76.0954051226,11.0226323597],[76.0955858056,11.0244213184],[76.0974455454,11.025017594],[76.0978206725,11.0301592831],[76.1011956457,11.0291918427],[76.1041469591,11.0318057576],[76.1040228372,11.0298752463],[76.1107046514,11.0242069678],[76.1136112612,11.026511716],[76.1137534092,11.024653348],[76.1159190264,11.0240349678],[76.1196330353,11.0156298285],[76.1174089867,11.0123423637],[76.1205503584,11.0101649708],[76.1182263023,11.0051292958],[76.1224430748,11.002726867],[76.1249422027,11.0043813543],[76.1286692906,11.0034572365],[76.1304339156,10.9983234246],[76.1324100778,10.9969275666],[76.1320069605,10.9942263099],[76.1363438961,10.9902015301],[76.1359500981,10.98617748],[76.1342453532,10.9825470022],[76.1184776644,10.985813375],[76.1149899086,10.9840399755],[76.1082388833,10.9857676865],[76.1072834998,10.9842338201],[76.1085511674,10.9786069544],[76.1120072992,10.9769243009],[76.117505662,10.9696543701],[76.1277665839,10.9665252585],[76.1211726137,10.962012713],[76.120833708,10.9584406623],[76.1222787782,10.9580173679],[76.1189480265,10.953034011],[76.119698428,10.9495514453],[76.1171694653,10.9424994126],[76.1098490167,10.9411935211],[76.1086791075,10.9434087312],[76.1027018617,10.94095744],[76.0969711536,10.9432825136],[76.0967642173,10.9459143553],[76.0934417438,10.9497505098],[76.0931079017,10.9498170232]]]]}},{"type":"Feature","properties":{"code":"G10061","name":"Kuttippuram","type":"Grama Panchayat","leading":"UDF","seats":{"LDF":1,"UDF":18,"NDA":0,"OTHERS":5}},"geometry":{"type":"MultiPolygon","coordinates":[[[[76.0299876413,10.8330536271],[76.0253294886,10.8337133679],[76.0236742987,10.8363682458],[76.0223282756,10.8498042658],[76.0157151201,10.8589943298],[76.0029280691,10.8640273742],[75.9955468014,10.8635524067],[75.9961379801,10.8707157998],[75.9878683189,10.8728368402],[75.9907308044,10.8749284645],[75.9911384395,10.8792109452],[75.9983345614,10.8830102217],[76.0037099466,10.883965724],[76.0100001142,10.8891744394],[76.0131571921,10.8897757484],[76.0155212299,10.8896004177],[76.0175825889,10.8868723344],[76.0198217191,10.8874620516],[76.026131218,10.8826735812],[76.0282107823,10.883059909],[76.0314496839,10.8796384285],[76.0345109846,10.8824904871],[76.0405013497,10.8825820088],[76.0437450432,10.8807779532],[76.0448933818,10.8781897945],[76.0472802029,10.8772090388],[76.0473534948,10.8708249104],[76.0449688788,10.8680922078],[76.0517741379,10.8684193118],[76.0552700069,10.8708011815],[76.0556139556,10.8731621007],[76.0630981498,10.8740576025],[76.0707292735,10.8709938251],[76.0706370065,10.8576643538],[76.0722485542,10.8566958355],[76.0711260831,10.8544280731],[76.0726975426,10.8547587895],[76.0727323724,10.8514916099],[76.0764338007,10.8487108593],[76.0732006607,10.8438361667],[76.0725471364,10.8389179834],[76.061405506,10.8400188084],[76.0511621124,10.8474177191],[76.0425505423,10.8487218509],[76.0396867154,10.8457243237],[76.0358060906,10.8350900797],[76.0322712965,10.8330886586],[76.0299876413,10.8330536271]]]]}},{"type":"Feature","properties":{"code":"G10033","name":"Kuzhimanna","type":"Grama Panchayat","leading":"UDF","seats":{"LDF":0,"UDF":20,"NDA":0,"OTHERS":1}},"geometry":{"type":"MultiPolygon","coordinates":[[[[75.9896767325,11.1545386342],[75.987564438,11.1519349793],[75.9844983128,11.1555243711],[75.9812010247,11.1559244354],[75.9779285021,11.1541693112],[75.9759824172,11.1570075816],[75.9788063176,11.1592631556],[75.9780945542,11.1607293554],[75.9799423794,11.1639952606],[75.9783775606,11.1671623284],[75.9790874867,11.1708433416],[75.9825514812,11.1750556373],[75.9819456129,11.1812770169],[75.978730447,11.1826875026],[75.9787716733,11.1853796485],[75.9848686729,11.1812774854],[75.99220841,11.179540317],[75.9982348504,11.180380209],[75.9983893215,11.1822160016],[76.0001809767,11.1823285149],[75.9978276413,11.1899454254],[75.9999513003,11.1956655732],[76.0104814989,11.1919451356],[76.010937956,11.1959952474],[76.0189674566,11.1967141639],[76.0206492706,11.2059281881],[76.0258928753,11.2048605909],[76.0256772933,11.2030592277],[76.0301993627,11.2025890816],[76.0309310637,11.2008012449],[76.033146205,11.2020421781],[76.0329572257,11.1984417899],[76.0371363511,11.1985419331],[76.0363079285,11.1966761224],[76.040011394,11.1869500681],[76.0358597822,11.180731814],[76.0383256748,11.1748209047],[76.0334193718,11.1716245394],[76.0336038307,11.1686891281],[76.0296934458,11.1671693336],[76.0217834087,11.1695717348],[76.0209654067,11.1750634293],[76.0174534873,11.1663400894],[76.0175287016,11.164704196],[76.0200301469,11.1637032026],[76.0165614736,11.1597310078],[76.0073371971,11.160634514],[75.9990413582,11.156575564],[75.9915430401,11.1595566294],[75.9898390413,11.1582106202],[75.9897622277,11.1547755714],[75.9896767325,11.1545386342]],[[75.9982420108,11.1699418386],[75.9982420108,11.1699418386],[75.9982420108,11.1699418386]]]]}},{"type":"Feature","properties":{"code":"G10055","name":"Makkaraparamba","type":"Grama Panchayat","leading":"UDF","seats":{"LDF":0,"UDF":9,"NDA":0,"OTHERS":6}},"geometry":{"type":"MultiPolygon","coordinates":[[[[76.1314205995,11.0094857642],[76.1297501647,11.0091348361],[76.1305407689,11.0036886817],[76.1275987212,11.0027127891],[76.1249422027,11.0043813543],[76.1209848709,11.0029934839],[76.120391441,11.0049495776],[76.1182263023,11.0051292958],[76.1205503584,11.0101649708],[76.1174089867,11.0123423637],[76.1196561604,11.015420256],[76.1185821395,11.0197910399],[76.1170420163,11.0195925881],[76.1160626628,11.0214318075],[76.1167197971,11.0305459378],[76.1193598622,11.033133959],[76.1233705234,11.0337652549],[76.126900324,11.0334028796],[76.1299112471,11.0308317224],[76.1376465565,11.0355927307],[76.1440906846,11.0346696275],[76.1458342733,11.0311624508],[76.1483938444,11.0316765065],[76.1492411457,11.0286750642],[76.1524488583,11.0271150409],[76.1516826833,11.0257883101],[76.1552942661,11.0222958945],[76.1546106075,11.020069998],[76.1565075518,11.0175162829],[76.159372729,11.0160636422],[76.1590376072,11.01402456],[76.1572127963,11.0117766905],[76.1419954643,11.0087861071],[76.1363703419,11.0053944094],[76.1316503116,11.009350668],[76.1314205995,11.0094857642]]]]}},{"type":"Feature","properties":{"code":"G10018","name":"Mampad","type":"Grama Panchayat","leading":"UDF","seats":{"LDF":4,"UDF":14,"NDA":0,"OTHERS":4}},"geometry":{"type":"MultiPolygon","coordinates":[[[[76.1960385072,11.2185771494],[76.1942369936,11.2187892712],[76.1928141637,11.216185889],[76.1902762608,11.2182750679],[76.1847085081,11.2179211587],[76.1836491769,11.2203445503],[76.1814279812,11.2205830781],[76.1821184534,11.2236065965],[76.1796194996,11.2233123898],[76.1784337477,11.2258532735],[76.1714142307,11.2280644571],[76.1681540608,11.2317898859],[76.1672134766,11.2361103336],[76.1622152556,11.2323995998],[76.1625995556,11.2308020116],[76.1575780752,11.2314164947],[76.1540930407,11.2381918129],[76.1521714365,11.2391982104],[76.152471095,11.2445984525],[76.1440766677,11.2513601488],[76.1442997353,11.2541593512],[76.1401186312,11.2628375252],[76.1408274918,11.2676321817],[76.1450773386,11.2684394212],[76.1453673055,11.271259461],[76.1439174198,11.2782211182],[76.1391241291,11.2830461536],[76.1369157856,11.2894164502],[76.1373221316,11.2961133223],[76.1421913051,11.3018773025],[76.1455370998,11.3043830617],[76.1496391203,11.3048446861],[76.1556601161,11.3094259073],[76.1622478609,11.3095438813],[76.1706863359,11.3072531224],[76.1828338938,11.3100498558],[76.1923415951,11.3088112535],[76.1948651424,11.3075259197],[76.1959050707,11.3039360803],[76.1988169896,11.3040906992],[76.2031691302,11.2999490426],[76.1989595834,11.2975449839],[76.2014086946,11.294804418],[76.2011412823,11.289481634],[76.1982230751,11.2850812273],[76.1995334844,11.2842111818],[76.1977301858,11.2820185604],[76.1983030564,11.2803835408],[76.194183459,11.2780757721],[76.1976169747,11.2763471543],[76.1978108079,11.2790479121],[76.2010392318,11.2794113705],[76.209302331,11.2760154556],[76.2045659334,11.2724186744],[76.2059365476,11.2677944873],[76.2020440884,11.2667150298],[76.2008138843,11.264014029],[76.2105965256,11.2596260875],[76.2140820056,11.2608491861],[76.2128066538,11.2645486209],[76.2140829035,11.2655699984],[76.2158374902,11.2609895181],[76.2138065377,11.2555270974],[76.2191875872,11.2560953743],[76.224511808,11.2539659819],[76.221124022,11.248902604],[76.221656587,11.2392739458],[76.2164206437,11.2337719367],[76.2143274723,11.2338730904],[76.2140951599,11.2292971073],[76.2109130809,11.2254562994],[76.2119395287,11.2201868967],[76.2083727101,11.216205331],[76.1981459118,11.2164897488],[76.1980091445,11.2184726767],[76.1966677319,11.2185743724],[76.1960385072,11.2185771494]]]]}},{"type":"Feature","properties":{"code":"G10087","name":"Mangalam","type":"Grama Panchayat","leading":"UDF","seats":{"LDF":3,"UDF":16,"NDA":0,"OTHERS":2}},"geometry":{"type":"MultiPolygon","coordinates":[[[[75.9225952081,10.8292818711],[75.9225952081,10.8292818711],[75.9225952081,10.8292818711]],[[75.9211358465,10.8388845074],[75.9211358465,10.8388845074],[75.9211358465,10.8388845074]]]]}},{"type":"Feature","properties":{"code":"G10056","name":"Mankada","type":"Grama Panchayat","leading":"UDF","seats":{"LDF":4,"UDF":15,"NDA":0,"OTHERS":2}},"geometry":{"type":"MultiPolygon","coordinates":[[[[76.1642202984,11.0103045845],[76.1572127963,11.0117766905],[76.159372729,11.0160636422],[76.1546106075,11.020069998],[76.1552942661,11.0222958945],[76.1523549364,11.0246096284],[76.1524488583,11.0271150409],[76.1492411457,11.0286750642],[76.1483938444,11.0316765065],[76.1458342733,11.0311624508],[76.1440906846,11.0346696275],[76.1407949912,11.0350359308],[76.1378668796,11.03924528],[76.1388200179,11.0411717514],[76.1374757057,11.0479266924],[76.1395852591,11.0501610039],[76.1375852712,11.052800191],[76.1391903699,11.0591720069],[76.1460434802,11.0633008232],[76.1481710235,11.0674783726],[76.1567675366,11.0659180697],[76.1590567224,11.0631651749],[76.1616163494,11.0630821878],[76.1638262411,11.0588154904],[76.1740530741,11.0499462596],[76.1792806672,11.0504395387],[76.1873747927,11.0481726959],[76.1943443196,11.0426194293],[76.2027465523,11.0401684357],[76.2072589435,11.03616968],[76.2123143983,11.0348073305],[76.2114226278,11.0274545734],[76.2079320864,11.02202327],[76.2008251866,11.0179807162],[76.1978590094,11.0131998468],[76.1943335526,11.0129520446],[76.1890052048,11.0091438948],[76.1882630088,11.0044849725],[76.1847229884,11.0045684612],[76.1847135927,11.006575276],[76.1807403279,11.0085977773],[76.1788996341,11.0116173874],[76.1779285692,11.0106146028],[76.175400838,11.0120212773],[76.166643429,11.0122651097],[76.1644290453,11.0104012514],[76.1642202984,11.0103045845]]]]}},{"type":"Feature","properties":{"code":"G10060","name":"Marakkara","type":"Grama Panchayat","leading":"UDF","seats":{"LDF":3,"UDF":16,"NDA":0,"OTHERS":5}},"geometry":{"type":"MultiPolygon","coordinates":[[[[76.0346218732,10.9297911949],[76.0259763952,10.9294709286],[76.0262799544,10.9380320123],[76.0233864725,10.9434830533],[76.0045674891,10.9475252428],[76.0081053749,10.9594409917],[76.0088025792,10.9725503755],[76.0147132669,10.9699918535],[76.0186552284,10.972941441],[76.0254717717,10.9712062499],[76.0287567721,10.9731252499],[76.0367483999,10.9717624601],[76.0448059432,10.9731135307],[76.0463979164,10.9707001581],[76.0442619125,10.9712479702],[76.0443713165,10.9684416993],[76.0472114736,10.9664012637],[76.0537329614,10.9640751926],[76.0555873418,10.9683885359],[76.0611717619,10.9682241767],[76.0659680632,10.9619227519],[76.0683522888,10.9627605839],[76.0779296708,10.955395708],[76.0745108721,10.9509697173],[76.0748341854,10.9460860734],[76.07283994,10.9432142901],[76.0671184585,10.9411318688],[76.0685471924,10.9322950633],[76.0621761565,10.9319057991],[76.0569094719,10.9237870364],[76.0546182637,10.9270807855],[76.0425966212,10.9271645022],[76.040890383,10.9292998018],[76.0358457506,10.9300321598],[76.0346218732,10.9297911949]]]]}},{"type":"Feature","properties":{"code":"G10097","name":"Maranchery","type":"Grama Panchayat","leading":"UDF","seats":{"LDF":10,"UDF":11,"NDA":0,"OTHERS":1}},"geometry":{"type":"MultiPolygon","coordinates":[[[[75.9596387243,10.7310220658],[75.9557402242,10.7436641978],[75.9507883566,10.7448517881],[75.9477706289,10.7431182893],[75.9439072683,10.7538601615],[75.9397617882,10.7586174853],[75.9415379957,10.7615214447],[75.9485526588,10.7618550259],[75.9534443307,10.7644660154],[75.9502136597,10.7696167289],[75.9515958187,10.7775290734],[75.9589442128,10.7797047818],[75.9628545266,10.7842915759],[75.9679986961,10.7860523741],[75.9705553463,10.7850476521],[75.9720963407,10.7825914613],[75.9694850624,10.7814019183],[75.9679718645,10.7779209471],[75.9712885343,10.7730235791],[75.9743245211,10.7761498314],[75.9775539757,10.7735709098],[75.9766278664,10.7630413931],[75.9824854035,10.7623591551],[75.9895173851,10.7549794884],[75.9905220228,10.7447637193],[75.9851681432,10.7276148292],[75.9614729026,10.7250294984],[75.9598295116,10.7306180332],[75.9596387243,10.7310220658]]]]}},{"type":"Feature","properties":{"code":"G10045","name":"Melattur","type":"Grama Panchayat","leading":"UDF","seats":{"LDF":6,"UDF":11,"NDA":0,"OTHERS":1}},"geometry":{"type":"MultiPolygon","coordinates":[[[[76.2705044082,11.0249059941],[76.2705044082,11.0249059941],[76.2705044082,11.0249059941]]]]}},{"type":"Feature","properties":{"code":"G10081","name":"Moonniyur","type":"Grama Panchayat","leading":"UDF","seats":{"LDF":3,"UDF":20,"NDA":0,"OTHERS":1}},"geometry":{"type":"MultiPolygon","coordinates":[[[[75.8898647547,11.0511333241],[75.8898647547,11.0511333241],[75.8898647547,11.0511333241]]]]}},{"type":"Feature","properties":{"code":"G10054","name":"Moorkanad","type":"Grama Panchayat","leading":"UDF","seats":{"LDF":7,"UDF":11,"NDA":1,"OTHERS":3}},"geometry":{"type":"MultiPolygon","coordinates":[[[[76.1277378603,10.895442061],[76.1238891105,10.8965349808],[76.1219765729,10.9012742843],[76.1199975702,10.9009097607],[76.1194532504,10.9053665216],[76.1154742929,10.9078870335],[76.1182362666,10.9183710214],[76.1141128901,10.9260175635],[76.1164201383,10.9282418922],[76.1192526318,10.9272636937],[76.1197654756,10.9287816704],[76.1192544316,10.9346855479],[76.1208510275,10.9386186121],[76.1171694653,10.9424994126],[76.119698428,10.9495514453],[76.1189480265,10.953034011],[76.1222787782,10.9580173679],[76.120833708,10.9584406623],[76.1211726137,10.962012713],[76.128956768,10.9669338238],[76.1310120104,10.9659046986],[76.1353545471,10.9675945236],[76.14962504,10.96466352],[76.15239121,10.96329528],[76.15209277,10.96051365],[76.1539460925,10.9574306548],[76.1526278672,10.953902485],[76.1550279123,10.9507134415],[76.1519313569,10.9449513473],[76.1521159753,10.940473909],[76.1549379781,10.9394178509],[76.1559667763,10.9412591944],[76.1598298277,10.93728279],[76.1596497459,10.9322966989],[76.1561153277,10.9329831208],[76.1535524005,10.9300564027],[76.1473913265,10.9296006498],[76.1500140098,10.920646402],[76.1542954604,10.9182497845],[76.158821124,10.910899784],[76.1574646098,10.9016485235],[76.1510579206,10.8916764151],[76.1475335206,10.8902179748],[76.1426748922,10.8915649768],[76.135413092,10.8972900912],[76.1314987288,10.8976333238],[76.13014942,10.8948625788],[76.1280919369,10.895349195],[76.1277378603,10.895442061]]]]}},{"type":"Feature","properties":{"code":"G10004","name":"Moothedam","type":"Grama Panchayat","leading":"UDF","seats":{"LDF":1,"UDF":15,"NDA":0,"OTHERS":1}},"geometry":{"type":"MultiPolygon","coordinates":[[[[76.3144000826,11.3024321863],[76.3144000826,11.3024321863],[76.3144000826,11.3024321863]],[[76.3157800812,11.3282950412],[76.3157800812,11.3282950412],[76.3157800812,11.3282950412]]]]}},{"type":"Feature","properties":{"code":"G10038","name":"Morayur","type":"Grama Panchayat","leading":"UDF","seats":{"LDF":0,"UDF":20,"NDA":0,"OTHERS":1}},"geometry":{"type":"MultiPolygon","coordinates":[[[[76.0142608446,11.1027746494],[76.0142608446,11.1027746494],[76.0142608446,11.1027746494]]]]}},{"type":"Feature","properties":{"code":"G10014","name":"Muthuvallur","type":"Grama Panchayat","leading":"UDF","seats":{"LDF":2,"UDF":12,"NDA":0,"OTHERS":4}},"geometry":{"type":"MultiPolygon","coordinates":[[[[75.9794067532,11.1626265074],[75.9794067532,11.1626265074],[75.9794067532,11.1626265074]]]]}},{"type":"Feature","properties":{"code":"G10080","name":"Nannambra","type":"Grama Panchayat","leading":"UDF","seats":{"LDF":0,"UDF":17,"NDA":0,"OTHERS":7}},"geometry":{"type":"MultiPolygon","coordinates":[[[[75.9086901232,10.9827799629],[75.9086901232,10.9827799629],[75.9086901232,10.9827799629]]]]}},{"type":"Feature","properties":{"code":"G10098","name":"Nannamukku","type":"Grama Panchayat","leading":"UDF","seats":{"LDF":6,"UDF":11,"NDA":1,"OTHERS":1}},"geometry":{"type":"MultiPolygon","coordinates":[[[[75.9898220394,10.7134177556],[75.9912972162,10.7265119869],[75.9851681432,10.7276148292],[75.9866271481,10.7335533664],[75.9877832726,10.7352955085],[75.9984195736,10.7373216758],[76.0014596182,10.7406629098],[76.008238743,10.7433620282],[76.0128732195,10.7408717291],[76.0203792699,10.741341519],[76.0236077481,10.7360077689],[76.041111951,10.7323875891],[76.0450821617,10.7285120646],[76.0426934895,10.7278957167],[76.0397485784,10.7213641473],[76.0380924116,10.708853689],[76.0347694192,10.7042871095],[76.0343305189,10.7010750857],[76.0240772105,10.6976179249],[76.0199248547,10.6975925803],[76.0209808821,10.700270902],[76.0176792635,10.7053432236],[76.0122398788,10.7044373065],[76.0090636953,10.7090265168],[76.0016761066,10.708259608],[75.9992816999,10.7110280304],[75.9920056345,10.7098889356],[75.9900416354,10.7122293567],[75.9898220394,10.7134177556]]]]}},{"type":"Feature","properties":{"code":"G10068","name":"Niramaruthoor","type":"Grama Panchayat","leading":"LDF","seats":{"LDF":11,"UDF":8,"NDA":0,"OTHERS":0}},"geometry":{"type":"MultiPolygon","coordinates":[[[[75.883280399,10.9129135589],[75.8769351264,10.9410386246],[75.8937627945,10.9425860025],[75.902465249,10.9456866919],[75.9073267462,10.9288303151],[75.908817295,10.9286347932],[75.9056898006,10.9241961186],[75.9065687248,10.9204403584],[75.9042564226,10.9173383946],[75.9058223977,10.9139156183],[75.9016062477,10.9131195197],[75.8994627369,10.9071633604],[75.8958920376,10.9054682823],[75.8921734019,10.9057125151],[75.8895289286,10.9130679943],[75.883570705,10.9129606242],[75.883280399,10.9129135589]]]]}},{"type":"Feature","properties":{"code":"G10041","name":"Othukkungal","type":"Grama Panchayat","leading":"UDF","seats":{"LDF":1,"UDF":15,"NDA":0,"OTHERS":7}},"geometry":{"type":"MultiPolygon","coordinates":[[[[76.0233783102,10.9997708828],[76.0233783102,10.9997708828],[76.0233783102,10.9997708828]]]]}},{"type":"Feature","properties":{"code":"G10067","name":"Ozhoor","type":"Grama Panchayat","leading":"UDF","seats":{"LDF":8,"UDF":10,"NDA":1,"OTHERS":2}},"geometry":{"type":"MultiPolygon","coordinates":[[[[75.913272769,10.9619241377],[75.913272769,10.9619241377],[75.913272769,10.9619241377]]]]}},{"type":"Feature","properties":{"code":"G10009","name":"Pallikkal","type":"Grama Panchayat","leading":"UDF","seats":{"LDF":1,"UDF":22,"NDA":0,"OTHERS":1}},"geometry":{"type":"MultiPolygon","coordinates":[[[[75.9264437875,11.1276702277],[75.9264437875,11.1276702277],[75.9264437875,11.1276702277]]]]}},{"type":"Feature","properties":{"code":"G10020","name":"Pandikkad","type":"Grama Panchayat","leading":"UDF","seats":{"LDF":6,"UDF":17,"NDA":0,"OTHERS":1}},"geometry":{"type":"MultiPolygon","coordinates":[[[[76.2346399384,11.0849039525],[76.2311710856,11.0799003519],[76.2286328885,11.0793603597],[76.2235629053,11.0838296347],[76.2151293263,11.0872611158],[76.2127373713,11.0903939704],[76.2108769071,11.0873788421],[76.2050080227,11.0884731934],[76.2017540739,11.0873445885],[76.1998417903,11.0887487563],[76.1996921769,11.0931302022],[76.1981756408,11.0939705853],[76.1925242739,11.0896400424],[76.1892303308,11.0903548307],[76.1882793525,11.0924686705],[76.1892347731,11.0969743826],[76.1912521978,11.0984912511],[76.191248663,11.1020725093],[76.1883840023,11.1024115414],[76.1877549713,11.1041075033],[76.1901808761,11.1085703779],[76.1926962819,11.1090667272],[76.1823744155,11.113547509],[76.184978021,11.1168163821],[76.1849570701,11.1203599782],[76.1890851474,11.12566495],[76.1910811328,11.1263725147],[76.1914273587,11.12453824],[76.1937254498,11.1257004598],[76.1943097164,11.1293496964],[76.1975337694,11.1286076713],[76.1987966081,11.1364734987],[76.2049177854,11.1365978037],[76.2050104508,11.1354144276],[76.207857607,11.1359457664],[76.2087858711,11.1377721785],[76.210750354,11.1357583461],[76.2145302478,11.1356018709],[76.2145558788,11.1374488542],[76.2171650128,11.137802316],[76.2201130725,11.1371267015],[76.2202101373,11.1346321289],[76.2224355382,11.1338981261],[76.2248794061,11.1352634679],[76.2248693948,11.1326870873],[76.2275380511,11.1326979663],[76.2325846888,11.1369213591],[76.2335883286,11.1342780671],[76.2417487573,11.1411229502],[76.2453164863,11.1423385809],[76.2497439385,11.1491754419],[76.2564483796,11.1496609994],[76.261442882,11.1540378237],[76.2641945922,11.153232672],[76.2661416347,11.1559152166],[76.2688108814,11.1558214091],[76.270183176,11.150874551],[76.2676924547,11.1466024641],[76.2692477962,11.1414999282],[76.271758617,11.1407106647],[76.2734820856,11.1428867599],[76.2785767772,11.1432065269],[76.2807077564,11.1409917211],[76.2796187353,11.1325928408],[76.2809793209,11.1311765646],[76.2779771893,11.1283545215],[76.2787520323,11.1238609642],[76.2730592137,11.1204659974],[76.2747514259,11.1163487897],[76.277230999,11.1151897824],[76.2759784717,11.1131289912],[76.276201613,11.106151133],[76.2736620786,11.1024684339],[76.2754077405,11.099157305],[76.2739742852,11.094333724],[76.2747146635,11.0912866938],[76.2704977269,11.0887973032],[76.2664361384,11.0923760572],[76.2651613619,11.0878215543],[76.2588456673,11.0864964331],[76.2554730318,11.0819043115],[76.2515439393,11.0829548263],[76.2487569451,11.0861073464],[76.2449098016,11.0825817541],[76.2426381279,11.0844438082],[76.2437793326,11.0868493601],[76.2392678616,11.0849201671],[76.2347081428,11.0851842385],[76.2346399384,11.0849039525]]]]}},{"type":"Feature","properties":{"code":"G10073","name":"Parappur","type":"Grama Panchayat","leading":"UDF","seats":{"LDF":0,"UDF":17,"NDA":0,"OTHERS":5}},"geometry":{"type":"MultiPolygon","coordinates":[[[[75.9891608048,11.0040230994],[75.9891608048,11.0040230994],[75.9891608048,11.0040230994]]]]}},{"type":"Feature","properties":{"code":"G10071","name":"Perumanna Clari","type":"Grama Panchayat","leading":"UDF","seats":{"LDF":0,"UDF":12,"NDA":0,"OTHERS":6}},"geometry":{"type":"MultiPolygon","coordinates":[[[[75.9601454913,10.9667539956],[75.9601454913,10.9667539956],[75.9601454913,10.9667539956]]]]}},{"type":"Feature","properties":{"code":"G10099","name":"Perumbadappu","type":"Grama Panchayat","leading":"UDF","seats":{"LDF":6,"UDF":12,"NDA":0,"OTHERS":1}},"geometry":{"type":"MultiPolygon","coordinates":[[[[75.9472290213,10.7101446254],[75.9647299919,10.715473407],[75.9695825805,10.7100769215],[75.9738695677,10.7113051512],[75.9739427585,10.7078361473],[75.9781115192,10.709134002],[75.9772207657,10.7038940759],[75.978601396,10.7024049808],[75.9898220394,10.7134177556],[75.9920056345,10.7098889356],[75.9979960498,10.7111459108],[76.0016761066,10.708259608],[76.0090636953,10.7090265168],[76.0122398788,10.7044373065],[76.0176792635,10.7053432236],[76.0210775108,10.6991645567],[76.0102594207,10.6896147256],[76.0069883791,10.6895870124],[75.9992520806,10.6938239967],[75.9854716057,10.6910005406],[75.9821823877,10.6893638854],[75.9824565536,10.6871974122],[75.9812344296,10.6868475045],[75.9810233333,10.6914833333],[75.9773820223,10.6966093913],[75.9769865425,10.6928298726],[75.9756725388,10.6923123825],[75.9744342471,10.694304974],[75.9716306913,10.6921156497],[75.9675966667,10.6943233333],[75.9562648812,10.6857972892],[75.9469053953,10.7100512578],[75.9472290213,10.7101446254]]]]}},{"type":"Feature","properties":{"code":"G10085","name":"Peruvallur","type":"Grama Panchayat","leading":"UDF","seats":{"LDF":0,"UDF":20,"NDA":1,"OTHERS":0}},"geometry":{"type":"MultiPolygon","coordinates":[[[[75.9251097781,11.0819741357],[75.9251097781,11.0819741357],[75.9251097781,11.0819741357]]]]}},{"type":"Feature","properties":{"code":"G10039","name":"Ponmala","type":"Grama Panchayat","leading":"UDF","seats":{"LDF":2,"UDF":15,"NDA":0,"OTHERS":4}},"geometry":{"type":"MultiPolygon","coordinates":[[[[76.051999904,10.9856978278],[76.051999904,10.9856978278],[76.051999904,10.9856978278]],[[76.0367591226,11.0335315019],[76.0367591226,11.0335315019],[76.0367591226,11.0335315019]],[[76.0454923113,11.0226627425],[76.0454923113,11.0226627425],[76.0454923113,11.0226627425]],[[76.04547047972235,11.021605321961925],[76.04547047972235,11.021605321961925],[76.04547047972235,11.021605321961925]]]]}},{"type":"Feature","properties":{"code":"G10065","name":"Ponmundam","type":"Grama Panchayat","leading":"OTHERS","seats":{"LDF":0,"UDF":4,"NDA":0,"OTHERS":14}},"geometry":{"type":"MultiPolygon","coordinates":[[[[75.9484638197,10.9496060951],[75.9484638197,10.9496060951],[75.9484638197,10.9496060951]]]]}},{"type":"Feature","properties":{"code":"G10040","name":"Pookkottur","type":"Grama Panchayat","leading":"UDF","seats":{"LDF":1,"UDF":21,"NDA":0,"OTHERS":1}},"geometry":{"type":"MultiPolygon","coordinates":[[[[76.0516053239,11.0884864732],[76.0516053239,11.0884864732],[76.0516053239,11.0884864732]]]]}},{"type":"Feature","properties":{"code":"G10019","name":"Porur","type":"Grama Panchayat","leading":"UDF","seats":{"LDF":5,"UDF":12,"NDA":0,"OTHERS":2}},"geometry":{"type":"MultiPolygon","coordinates":[[[[76.2308676838,11.135815928],[76.2308676838,11.135815928],[76.2308676838,11.135815928]]]]}},{"type":"Feature","properties":{"code":"G10002","name":"Pothukal","type":"Grama Panchayat","leading":"UDF","seats":{"LDF":2,"UDF":11,"NDA":0,"OTHERS":6}},"geometry":{"type":"MultiPolygon","coordinates":[[[[76.2493862441,11.3719788695],[76.2464021958,11.3688560879],[76.2422332728,11.3696300496],[76.2403425442,11.3676100886],[76.237960458,11.369052447],[76.2373307045,11.371819351],[76.2346028265,11.3716821085],[76.2291539568,11.3666645211],[76.2258699451,11.3738582841],[76.2073639214,11.3957807048],[76.1990836759,11.4032603735],[76.1944741781,11.410738247],[76.1896188046,11.4120797645],[76.1833769506,11.4187936048],[76.1659612427,11.4241390996],[76.1571484776,11.4320512042],[76.1432642353,11.4318485181],[76.1373001974,11.4436299554],[76.1408029219,11.447642653],[76.1421022569,11.4519309989],[76.1456479133,11.4518057576],[76.1478257382,11.4534762517],[76.1526426119,11.4527708936],[76.1583853966,11.4568275142],[76.1590734454,11.4592471338],[76.1608997114,11.4572945038],[76.1635081361,11.4577792685],[76.1694736847,11.466697718],[76.1784099209,11.4690487869],[76.1817756682,11.4723408409],[76.185896589,11.4734370971],[76.1869246502,11.4783552903],[76.1819902261,11.483638731],[76.1847546044,11.4840048305],[76.1856154652,11.4894894207],[76.1883144291,11.4903459251],[76.1877796203,11.4914304036],[76.189890422,11.4930021231],[76.1888938939,11.4943829629],[76.2016595838,11.5081582514],[76.2051610246,11.5071710181],[76.220413524,11.5116967589],[76.224555162,11.5100782792],[76.229183513,11.5248330207],[76.2338036959,11.5290296178],[76.2385631326,11.5267228933],[76.2441880257,11.5177350442],[76.2481304415,11.5165930985],[76.2492342494,11.5129052379],[76.248635247,11.5069332573],[76.2509222417,11.5026664665],[76.2476096343,11.4684725162],[76.264938578,11.4808984159],[76.2678263071,11.4806263634],[76.2706794653,11.4771766332],[76.2757952896,11.4768918137],[76.2818181682,11.4793200061],[76.2846356878,11.4828218448],[76.2944144838,11.4727749032],[76.2931627434,11.4701711873],[76.2905847919,11.4696158397],[76.2935463889,11.4656923568],[76.2953702401,11.4655673913],[76.2887314807,11.4539663035],[76.2829373796,11.4479528824],[76.280071735,11.4412922575],[76.2809538913,11.4384161715],[76.275768917,11.4379892296],[76.2718503348,11.4319112286],[76.2715257425,11.4288768402],[76.2767732131,11.425081293],[76.279441209,11.4158577119],[76.2796482764,11.4056458793],[76.2825009462,11.4030562667],[76.2759038774,11.3922845651],[76.2660525404,11.3856673164],[76.2678907933,11.3793511825],[76.2580223103,11.377105527],[76.2584575041,11.3718641402],[76.2501161878,11.3723380004],[76.2493862441,11.3719788695]]]]}},{"type":"Feature","properties":{"code":"G10049","name":"Pulamanthole","type":"Grama Panchayat","leading":"TIE","seats":{"LDF":8,"UDF":8,"NDA":0,"OTHERS":7}},"geometry":{"type":"MultiPolygon","coordinates":[[[[76.158821124,10.910899784],[76.1542954604,10.9182497845],[76.1500140098,10.920646402],[76.1473913265,10.9296006498],[76.1535524005,10.9300564027],[76.1561153277,10.9329831208],[76.1600409814,10.9331893931],[76.1584475764,10.9391493148],[76.1559667763,10.9412591944],[76.1549379781,10.9394178509],[76.1521159753,10.940473909],[76.1519313569,10.9449513473],[76.1550279123,10.9507134415],[76.1526278672,10.953902485],[76.1539460925,10.9574306548],[76.15209277,10.96051365],[76.1523333414,10.9637914587],[76.1647341572,10.9638682506],[76.1683408822,10.9615551196],[76.168412173,10.9573544452],[76.1786315882,10.9522686651],[76.1900824359,10.9503631566],[76.1911196227,10.947560196],[76.1937289853,10.9461373998],[76.1976071121,10.9457756551],[76.2000379305,10.9479814777],[76.2039667955,10.9474592538],[76.2050963839,10.948903139],[76.2100379413,10.9408114128],[76.2085882321,10.9394130018],[76.2093273778,10.9370179999],[76.2057536279,10.9354314992],[76.2134450588,10.9233671522],[76.2147124461,10.9237693937],[76.2134761141,10.922289389],[76.2162906948,10.9154758211],[76.2162066202,10.9137932935],[76.2137964162,10.9144268016],[76.2115307212,10.9127086899],[76.2102770214,10.9073194365],[76.2063221119,10.9033435104],[76.2053988487,10.8992730374],[76.1908682912,10.8984540689],[76.1878516793,10.9008620305],[76.1892154456,10.910683574],[76.1833578973,10.9110042158],[76.1747330665,10.9066221716],[76.1730617042,10.908026787],[76.1710153797,10.9157741365],[76.1593964359,10.9116320553],[76.158821124,10.910899784]],[[76.2025451535,10.906531207],[76.2025451535,10.906531207],[76.2025451535,10.906531207]]]]}},{"type":"Feature","properties":{"code":"G10012","name":"Pulikkal","type":"Grama Panchayat","leading":"UDF","seats":{"LDF":1,"UDF":21,"NDA":0,"OTHERS":2}},"geometry":{"type":"MultiPolygon","coordinates":[[[[75.933565056,11.1532159639],[75.9318321774,11.1522210879],[75.9316085351,11.1478615469],[75.9228048493,11.1450626279],[75.9214301381,11.145295027],[75.9215117845,11.149560536],[75.9152868842,11.1542191538],[75.9196023173,11.1552375922],[75.9239291866,11.1590546953],[75.9233266961,11.1691830607],[75.9207999067,11.172570719],[75.9216679727,11.174469808],[75.9196186849,11.176106525],[75.9234514302,11.1785973557],[75.9244883333,11.1839966667],[75.9265426875,11.1845898386],[75.9241885322,11.1919556508],[75.9239554363,11.2003251545],[75.9227113547,11.2015753819],[75.9176248409,11.2008232224],[75.912351076,11.2032810846],[75.9184996646,11.2115435093],[75.9171115908,11.2143188549],[75.919852306,11.2199862912],[75.9186449822,11.2228104781],[75.9250293905,11.2229824936],[75.9284285879,11.2254469358],[75.9295249377,11.2230848468],[75.9352207686,11.2226210076],[75.9376042466,11.2206110909],[75.9406989418,11.2224412777],[75.948012624,11.2208858158],[75.9515833335,11.2223267053],[75.9606422958,11.2216076231],[75.9601103077,11.2176827749],[75.9543527211,11.2128282295],[75.9529460678,11.2095025298],[75.9544234811,11.2053320563],[75.9568430583,11.2046957415],[75.957563187,11.1986551426],[75.9609873391,11.1941947215],[75.9534987373,11.1874336116],[75.9567362475,11.1820913912],[75.9564963741,11.1787659398],[75.9625663342,11.1766626604],[75.9652941392,11.1739037817],[75.9645659438,11.1719367396],[75.9628466905,11.1723890047],[75.9622344076,11.1706211448],[75.9580084652,11.1690190445],[75.9540583041,11.1716136657],[75.9471912088,11.1664896133],[75.9447081587,11.1665871809],[75.94012265,11.16322861],[75.9388481724,11.1588892411],[75.9329940347,11.1590090271],[75.9334551546,11.1535032227],[75.933565056,11.1532159639]],[[75.9231029708,11.178370256],[75.9231814884,11.1783117985],[75.9231029708,11.178370256]]]]}},{"type":"Feature","properties":{"code":"G10035","name":"Pulpetta","type":"Grama Panchayat","leading":"UDF","seats":{"LDF":4,"UDF":17,"NDA":0,"OTHERS":3}},"geometry":{"type":"MultiPolygon","coordinates":[[[[76.0475233203,11.1371628468],[76.0475233203,11.1371628468],[76.0475233203,11.1371628468]]]]}},{"type":"Feature","properties":{"code":"G10086","name":"Purathur","type":"Grama Panchayat","leading":"UDF","seats":{"LDF":9,"UDF":10,"NDA":0,"OTHERS":1}},"geometry":{"type":"MultiPolygon","coordinates":[[[[75.9092544118,10.7855183342],[75.9094285279,10.7931810435],[75.8997132094,10.8359126994],[75.9053761158,10.8368409774],[75.9059944229,10.8350158923],[75.90965215,10.83354023],[75.9142139694,10.8345459778],[75.9155598693,10.832112441],[75.9195321249,10.831637333],[75.9214564585,10.8291049938],[75.925011349,10.8293621498],[75.9251677311,10.8280378459],[75.93576387,10.8243103371],[75.9371027758,10.820411788],[75.9418222395,10.8221567067],[75.9468361628,10.8182755854],[75.9519270608,10.8178583363],[75.9569707202,10.8139823223],[75.9477760252,10.8028654809],[75.9327411765,10.7916232852],[75.9276059529,10.7892834069],[75.9125361072,10.7879528332],[75.910675343,10.7864275609],[75.9092544118,10.7855183342]]]]}},{"type":"Feature","properties":{"code":"G10053","name":"Puzhakkatiri","type":"Grama Panchayat","leading":"UDF","seats":{"LDF":1,"UDF":16,"NDA":0,"OTHERS":2}},"geometry":{"type":"MultiPolygon","coordinates":[[[[76.1452486897,10.9649118707],[76.1452486897,10.9649118707],[76.1452486897,10.9649118707]]]]}},{"type":"Feature","properties":{"code":"G10069","name":"Thanalur","type":"Grama Panchayat","leading":"UDF","seats":{"LDF":7,"UDF":14,"NDA":0,"OTHERS":3}},"geometry":{"type":"MultiPolygon","coordinates":[[[[75.893210081,10.9424884222],[75.893210081,10.9424884222],[75.893210081,10.9424884222]]]]}},{"type":"Feature","properties":{"code":"G10092","name":"Thavanur","type":"Grama Panchayat","leading":"UDF","seats":{"LDF":8,"UDF":11,"NDA":0,"OTHERS":2}},"geometry":{"type":"MultiPolygon","coordinates":[[[[75.9796362577,10.8246538585],[75.9755504237,10.8239892733],[75.9752066667,10.8224633333],[75.9706785243,10.8246332493],[75.9676365137,10.8246298303],[75.9670667239,10.8232613425],[75.9655187012,10.8281691354],[75.9610228874,10.8296485097],[75.9617536159,10.8448867615],[75.9707560498,10.8548434885],[75.9702332806,10.8563515303],[75.9755952794,10.8597411489],[75.9849920099,10.863900988],[75.9956834864,10.8663106308],[75.9955468014,10.8635524067],[76.0029280691,10.8640273742],[76.015183815,10.8593040689],[76.0211481281,10.8525156794],[76.0236742987,10.8363682458],[76.0253294886,10.8337133679],[76.0299876413,10.8330536271],[76.0287323999,10.8249187278],[76.0262025136,10.822618679],[76.0272718132,10.8214895606],[76.0218419471,10.8212934686],[76.0212765899,10.8224261082],[76.0189674357,10.8208835425],[76.0173276806,10.8235059985],[76.0142913042,10.8221089705],[76.0118795276,10.8236254924],[76.0130265389,10.8247377889],[76.0102839554,10.8276094767],[76.0066214408,10.8282805775],[76.0026646735,10.8282722139],[76.0022534735,10.8270652572],[75.9963067571,10.8285502918],[75.9940934354,10.826641586],[75.9920925788,10.8292049403],[75.9880673028,10.8289036009],[75.9849639622,10.8251888483],[75.9828344611,10.8251630658],[75.9814333158,10.827455616],[75.9798263184,10.8250121299],[75.9796362577,10.8246538585]]]]}},{"type":"Feature","properties":{"code":"G10090","name":"Thalakkad","type":"Grama Panchayat","leading":"UDF","seats":{"LDF":7,"UDF":11,"NDA":1,"OTHERS":3}},"geometry":{"type":"MultiPolygon","coordinates":[[[[75.923481258,10.8716126828],[75.923481258,10.8716126828],[75.923481258,10.8716126828]],[[75.9454464819,10.8815256498],[75.9454464819,10.8815256498],[75.9454464819,10.8815256498]]]]}},{"type":"Feature","properties":{"code":"G10047","name":"Thazhekkode","type":"Grama Panchayat","leading":"UDF","seats":{"LDF":7,"UDF":16,"NDA":0,"OTHERS":1}},"geometry":{"type":"MultiPolygon","coordinates":[[[[76.26226436,10.9564660484],[76.2638369456,10.9593239231],[76.2621467872,10.9612750814],[76.263158113,10.965418248],[76.2582324229,10.9705036822],[76.2512761748,10.9742793919],[76.2535668725,10.9793617754],[76.2530894998,10.9825591833],[76.2622938817,10.9913471779],[76.2684962428,10.9881197999],[76.2760210938,10.9886938678],[76.2817502779,10.9850230319],[76.2942403055,10.9807228296],[76.295451351,10.9838457208],[76.3013159839,10.9882521423],[76.3022728425,10.9930310178],[76.3094305046,10.9989940798],[76.3148618944,11.0004912005],[76.3171126641,11.0043585103],[76.319570616,11.003349924],[76.3238950899,11.0053531903],[76.3349164117,10.9995128855],[76.3392148371,11.000105071],[76.3512961658,10.9960915803],[76.3528234239,10.9997715195],[76.3571962891,10.9983099478],[76.3651450805,10.9996635222],[76.3713650951,10.9974253996],[76.3684949325,10.9927869504],[76.3693139557,10.9897687162],[76.3619438676,10.9749178165],[76.3587575575,10.9768292644],[76.3542694723,10.9754979248],[76.3377766747,10.9773463006],[76.335626049,10.981582212],[76.3329589997,10.9820568736],[76.3285696711,10.9797430088],[76.3275090847,10.9765948497],[76.3287997078,10.9738961663],[76.3261816641,10.9677019904],[76.3286693677,10.964996929],[76.3245694605,10.9599477349],[76.3230891432,10.9547382493],[76.3207636645,10.9538084914],[76.3204260938,10.9438923806],[76.3177356461,10.9478113309],[76.314090332,10.9493961518],[76.3104894476,10.9489290134],[76.3074196765,10.9466766135],[76.3085663948,10.9425183332],[76.306554413,10.939934071],[76.2996487522,10.9395943742],[76.2985191101,10.9430069378],[76.2894729508,10.9453287402],[76.2888893035,10.9482737271],[76.2836014761,10.9537537909],[76.2809492592,10.9606438467],[76.2787525243,10.9624689455],[76.2738667067,10.9581071731],[76.2733399248,10.9550853949],[76.2702476212,10.95479734],[76.2692661984,10.9583057272],[76.2624313278,10.9565282307],[76.26226436,10.9564660484]]]]}},{"type":"Feature","properties":{"code":"G10082","name":"Thenhippalam","type":"Grama Panchayat","leading":"UDF","seats":{"LDF":2,"UDF":18,"NDA":0,"OTHERS":0}},"geometry":{"type":"MultiPolygon","coordinates":[[[[75.8673182581,11.0996538425],[75.8673182581,11.0996538425],[75.8673182581,11.0996538425]]]]}},{"type":"Feature","properties":{"code":"G10074","name":"Thennela","type":"Grama Panchayat","leading":"UDF","seats":{"LDF":1,"UDF":14,"NDA":0,"OTHERS":4}},"geometry":{"type":"MultiPolygon","coordinates":[[[[75.9349040606,10.988524037],[75.9286258206,10.9958342177],[75.9241455022,10.9969083419],[75.9289706698,11.0041127541],[75.9274984322,11.0115264642],[75.9286538288,11.0135049986],[75.9351164323,11.0136038931],[75.9365565079,11.0155798142],[75.9375895126,11.0140930606],[75.9496684819,11.0128946826],[75.9500862509,11.0112047881],[75.9552681855,11.0130348493],[75.953435,11.0160966667],[75.9540201645,11.0183352645],[75.9512933333,11.01867],[75.9503999731,11.0245976648],[75.9474091262,11.0276383823],[75.949371095,11.0290910863],[75.9636744156,11.0200518162],[75.9667281987,11.010531524],[75.972209647,11.0031768471],[75.962731526,10.9958860035],[75.9597566373,10.9968047474],[75.9578425323,11.0012786561],[75.9463691049,11.0018096241],[75.9442,10.9974766667],[75.9457374893,10.9922434004],[75.9428578611,10.9922523773],[75.9402959161,10.9891326047],[75.9352663066,10.9887079953],[75.9349040606,10.988524037]]]]}},{"type":"Feature","properties":{"code":"G10091","name":"Thirunavaya","type":"Grama Panchayat","leading":"UDF","seats":{"LDF":5,"UDF":16,"NDA":0,"OTHERS":3}},"geometry":{"type":"MultiPolygon","coordinates":[[[[75.9887184784,10.8717321834],[75.9887184784,10.8717321834],[75.9887184784,10.8717321834]]]]}},{"type":"Feature","properties":{"code":"G10017","name":"Thiruvali","type":"Grama Panchayat","leading":"UDF","seats":{"LDF":6,"UDF":8,"NDA":0,"OTHERS":5}},"geometry":{"type":"MultiPolygon","coordinates":[[[[76.1725838014,11.1813170515],[76.1725838014,11.1813170515],[76.1725838014,11.1813170515]],[[76.1610768809,11.2053040643],[76.1611711095,11.2052327073],[76.1610768809,11.2053040643]],[[76.1615820791,11.2057044391],[76.1615820791,11.2057044391],[76.1615820791,11.2057044391]]]]}},{"type":"Feature","properties":{"code":"G10025","name":"Thuvvur","type":"Grama Panchayat","leading":"UDF","seats":{"LDF":4,"UDF":12,"NDA":0,"OTHERS":3}},"geometry":{"type":"MultiPolygon","coordinates":[[[[76.3134905821,11.1042213339],[76.3134905821,11.1042213339],[76.3134905821,11.1042213339]]]]}},{"type":"Feature","properties":{"code":"G10021","name":"Thrikkalangode","type":"Grama Panchayat","leading":"UDF","seats":{"LDF":4,"UDF":16,"NDA":0,"OTHERS":4}},"geometry":{"type":"MultiPolygon","coordinates":[[[[76.1013993637,11.1546480063],[76.1038649431,11.1551761324],[76.1057406543,11.1601904219],[76.099504171,11.1632632277],[76.098879845,11.1669767394],[76.0933266274,11.170800478],[76.0908480403,11.1758404436],[76.0960289563,11.1796656482],[76.0961377124,11.1816957996],[76.0912706311,11.1853502311],[76.0948784768,11.1901782951],[76.1003717176,11.1888012707],[76.1022099839,11.1908378156],[76.1054427797,11.1912310731],[76.1056603128,11.1843325136],[76.1122711372,11.1856644233],[76.1187588992,11.1927009407],[76.1237022192,11.1927275868],[76.1295194698,11.188994951],[76.1354115281,11.1810549354],[76.1382194318,11.179705211],[76.1463453436,11.1814967828],[76.1503387493,11.1802902458],[76.1564041542,11.1814293727],[76.1587510205,11.1792245201],[76.1574209785,11.1773223642],[76.1583117427,11.1725266755],[76.1611021686,11.1705472439],[76.1662435661,11.1747547666],[76.1669616785,11.1781835107],[76.1732894657,11.1818425324],[76.1778726444,11.1871955274],[76.1894618225,11.1893962817],[76.1876161076,11.1855495505],[76.1939618315,11.1843200638],[76.1938054953,11.1805606796],[76.1980765157,11.1750199927],[76.2003518847,11.1646213287],[76.1978951983,11.1647652096],[76.1978310455,11.1587181896],[76.1957535987,11.1576241634],[76.1964541942,11.1527570902],[76.193458436,11.1446330655],[76.1950995128,11.1400111145],[76.1968371232,11.1399738194],[76.1955012146,11.1359588319],[76.1991827092,11.1331258839],[76.1975337694,11.1286076713],[76.1943097164,11.1293496964],[76.1937254498,11.1257004598],[76.1914273587,11.12453824],[76.1910811328,11.1263725147],[76.1893019856,11.1258227822],[76.1878781358,11.1225612897],[76.185682508,11.1215069571],[76.1807824587,11.126604016],[76.1756347425,11.1262608243],[76.1754856487,11.1284491212],[76.1658970729,11.1347460914],[76.1585094472,11.1357455125],[76.1589292654,11.1317220027],[76.1462593585,11.1320840341],[76.1340803584,11.129240253],[76.1331038895,11.1378299132],[76.1316005968,11.1372545329],[76.1306780649,11.1394502856],[76.1266257516,11.1401343359],[76.1254257401,11.1375281929],[76.123179649,11.136934019],[76.1134645174,11.1429013776],[76.102317116,11.1433805311],[76.1003498984,11.1458187482],[76.1038809728,11.1467595619],[76.1044367381,11.1484260593],[76.1029947423,11.1488466629],[76.1026081601,11.1530764226],[76.1013340738,11.1535910842],[76.1013993637,11.1546480063]]]]}},{"type":"Feature","properties":{"code":"G10088","name":"Thriprangode","type":"Grama Panchayat","leading":"UDF","seats":{"LDF":10,"UDF":14,"NDA":0,"OTHERS":0}},"geometry":{"type":"MultiPolygon","coordinates":[[[[75.9433423762,10.8212422988],[75.9433423762,10.8212422988],[75.9433423762,10.8212422988]]]]}},{"type":"Feature","properties":{"code":"G10077","name":"Oorakam","type":"Grama Panchayat","leading":"UDF","seats":{"LDF":0,"UDF":16,"NDA":0,"OTHERS":3}},"geometry":{"type":"MultiPolygon","coordinates":[[[[76.0140282499,11.0455754492],[76.0024860936,11.0421843941],[75.9999804363,11.0437148589],[75.9908230715,11.0441923576],[75.9901251164,11.0455711079],[75.9865944468,11.044958811],[75.9864590508,11.0504523738],[75.9837139816,11.0507520391],[75.9830609543,11.0543221648],[75.9851798521,11.0587269333],[75.98811645,11.05795003],[75.9908043938,11.0594020758],[75.9935101314,11.0614064883],[75.9933120216,11.06406018],[75.9984726503,11.0661031293],[76.0045234694,11.0722761763],[76.004028787,11.077068348],[76.0063025728,11.0780838593],[76.0056088759,11.0819877289],[76.0107674223,11.0916260468],[76.00871441,11.0981299999],[76.0127648223,11.1011425604],[76.0120503223,11.1042575862],[76.0226617012,11.0917242292],[76.0278166191,11.087820474],[76.0440442563,11.0849170775],[76.0389828944,11.0726116216],[76.0352269139,11.0678607658],[76.0362327305,11.0673693103],[76.0337805914,11.0625277189],[76.0345497236,11.0606712941],[76.0280511948,11.0537804808],[76.027999029,11.0469604116],[76.0227471118,11.0436266321],[76.021789458,11.0468834554],[76.0147799858,11.0458190749],[76.0140282499,11.0455754492]]]]}},{"type":"Feature","properties":{"code":"G10030","name":"Urangattiri","type":"Grama Panchayat","leading":"UDF","seats":{"LDF":5,"UDF":15,"NDA":0,"OTHERS":4}},"geometry":{"type":"MultiPolygon","coordinates":[[[[76.0646176154,11.2217405516],[76.05758213,11.2238248805],[76.0584417773,11.2293573938],[76.0467598894,11.2466618874],[76.047747352,11.2484548252],[76.0459048022,11.2545790189],[76.0488116375,11.2555879322],[76.0484432636,11.2584095458],[76.0502299702,11.2600393949],[76.04929669,11.2685497803],[76.0551244911,11.2749715849],[76.0577100348,11.2749299113],[76.0604614363,11.2823746513],[76.064960135,11.2851376287],[76.0667807615,11.2852366129],[76.0669947223,11.2839128582],[76.0678822837,11.2858639518],[76.0724638175,11.287190765],[76.0692394563,11.2925783557],[76.0697850666,11.294209541],[76.08454277,11.3046027876],[76.0836847163,11.3075012703],[76.0863753814,11.3097766252],[76.0918238258,11.3115075599],[76.0931081908,11.3097540615],[76.0981026381,11.3116956431],[76.1030659005,11.3111926201],[76.1060616432,11.3151646844],[76.1121004499,11.3141330423],[76.1143443957,11.3152172756],[76.1192290689,11.3208744411],[76.1196423317,11.3234666228],[76.1151952926,11.3352337536],[76.117063772,11.3374156191],[76.1161368353,11.3428312545],[76.1174989068,11.3418174126],[76.1214821367,11.3434222294],[76.121971746,11.338149233],[76.1253801211,11.333983043],[76.1250181105,11.3309721937],[76.1297321443,11.3277645437],[76.1336415471,11.3210684788],[76.1334361079,11.3164732907],[76.1298770232,11.3122314006],[76.1350512328,11.3087086826],[76.1325091034,11.3013853376],[76.1345255891,11.2973618726],[76.1372526796,11.2959374171],[76.1375677662,11.2863937305],[76.1439174198,11.2782211182],[76.1450773386,11.2684394212],[76.1408274918,11.2676321817],[76.1405205424,11.2660008416],[76.1346450151,11.2653570898],[76.1144515036,11.2668448571],[76.1074097594,11.2654061879],[76.1042246645,11.2612970818],[76.1072942597,11.2564428634],[76.107478193,11.2508768945],[76.1094154021,11.2478140861],[76.1095950186,11.2399063908],[76.1091162341,11.2367019593],[76.1078760628,11.2369247359],[76.1134212676,11.2299853293],[76.1101150717,11.2258991119],[76.1100245014,11.2234554421],[76.1065485232,11.2236092911],[76.0975043659,11.2147976322],[76.0952137958,11.2147701642],[76.0948328308,11.2193070166],[76.0916942073,11.221646142],[76.0856175639,11.2191714465],[76.0773767122,11.221685345],[76.066043639,11.2218066311],[76.0646176154,11.2217405516]]]]}},{"type":"Feature","properties":{"code":"G10070","name":"Valavannur","type":"Grama Panchayat","leading":"UDF","seats":{"LDF":4,"UDF":15,"NDA":0,"OTHERS":2}},"geometry":{"type":"MultiPolygon","coordinates":[[[[75.9670885591,10.8961926705],[75.9577600787,10.9026693795],[75.9592308304,10.9042452837],[75.9595302008,10.9093582149],[75.9588832313,10.9113963128],[75.9560095721,10.9116932922],[75.9557406769,10.9130815661],[75.9696478673,10.9194346363],[75.9662789559,10.9209362257],[75.965733186,10.9249445026],[75.9602710725,10.9291602672],[75.959761927,10.9332036384],[75.9573533152,10.9343699551],[75.9633003092,10.9432241511],[75.9614400351,10.9479795917],[75.9634626602,10.961230611],[75.9658261496,10.9618972362],[75.9756737091,10.9615719531],[75.97712908,10.9602182304],[75.9760503343,10.957842645],[75.978351679,10.9528426574],[75.9776797739,10.9457335414],[75.9789510493,10.9427095913],[75.974454407,10.942509924],[75.9778402136,10.9410412278],[75.9762582791,10.9397677445],[75.9780084831,10.9341136557],[75.9757339728,10.9266798085],[75.9768233333,10.923165],[75.9787970533,10.9212917359],[75.9901075152,10.9211217865],[75.9904970922,10.9186785338],[75.989950359,10.9157836173],[75.9837911104,10.9077385579],[75.9828193749,10.8999848709],[75.9767878863,10.8909906559],[75.972409091,10.8884957909],[75.9712405667,10.8936026747],[75.967358623,10.8961951922],[75.9670885591,10.8961926705]],[[75.9633299638,10.9287336994],[75.9633299638,10.9287336994],[75.9633299638,10.9287336994]]]]}},{"type":"Feature","properties":{"code":"G10084","name":"Vallikkunnu","type":"Grama Panchayat","leading":"UDF","seats":{"LDF":7,"UDF":12,"NDA":1,"OTHERS":4}},"geometry":{"type":"MultiPolygon","coordinates":[[[[75.8413823517,11.0803535298],[75.8295639316,11.1166218601],[75.8253119009,11.1239661274],[75.8311190724,11.126026438],[75.8336714863,11.132380491],[75.8465110981,11.143203495],[75.8506577559,11.1430303156],[75.8571876204,11.1383808261],[75.8571125774,11.1427471518],[75.8610547955,11.1406798297],[75.8614593569,11.1380999679],[75.8643561185,11.1371774213],[75.8666156594,11.1314174377],[75.8662124207,11.1273007285],[75.868907855,11.1221835065],[75.8627440753,11.1134367489],[75.8551370983,11.1116873743],[75.8528657465,11.1061693211],[75.8709190392,11.0983486848],[75.8756594799,11.0893393645],[75.8838811142,11.0822553527],[75.8862763207,11.0742866655],[75.8807328355,11.07476805],[75.8791826104,11.0768430279],[75.8746538799,11.0742221449],[75.8689491611,11.080050567],[75.8648264159,11.0796491328],[75.8621968087,11.0842872591],[75.854338632,11.0847297067],[75.8547073767,11.0814491548],[75.8487670854,11.0799457714],[75.8469471365,11.0779536408],[75.8449108747,11.0805101095],[75.8417551841,11.080436725],[75.8413823517,11.0803535298]]]]}},{"type":"Feature","properties":{"code":"G10093","name":"Vattamkulam","type":"Grama Panchayat","leading":"UDF","seats":{"LDF":6,"UDF":13,"NDA":0,"OTHERS":3}},"geometry":{"type":"MultiPolygon","coordinates":[[[[76.019214853,10.7633413159],[76.019214853,10.7633413159],[76.019214853,10.7633413159]]]]}},{"type":"Feature","properties":{"code":"G10011","name":"Vazhakkad","type":"Grama Panchayat","leading":"UDF","seats":{"LDF":1,"UDF":16,"NDA":0,"OTHERS":5}},"geometry":{"type":"MultiPolygon","coordinates":[[[[75.9431654504,11.2221328818],[75.9376042466,11.2206110909],[75.9352207686,11.2226210076],[75.9295249377,11.2230848468],[75.9284285879,11.2254469358],[75.9250293905,11.2229824936],[75.9186449822,11.2228104781],[75.9131534901,11.2334065419],[75.9088710086,11.2335363956],[75.9074982151,11.236444299],[75.9089939481,11.2389400369],[75.9124237158,11.2366642134],[75.9171175365,11.2363214375],[75.9239584866,11.2449132804],[75.9273777951,11.2466204909],[75.959786825,11.2531168667],[75.9656267961,11.2621337903],[75.9741540153,11.2686938434],[75.9874398816,11.2612191699],[75.9955561106,11.2544039974],[75.9964702432,11.2509955956],[75.9929516109,11.2450952279],[75.9893773182,11.2441573277],[75.9831122636,11.2484317034],[75.9788229907,11.2461727699],[75.9788502001,11.2433908632],[75.968654423,11.2345511603],[75.97318565,11.22977852],[75.9680976153,11.223936678],[75.9662149676,11.2244545262],[75.9664982125,11.222914885],[75.9611985119,11.2229474616],[75.9606422958,11.2216076231],[75.956750214,11.2210608428],[75.9437410912,11.222271235],[75.9431654504,11.2221328818]]]]}},{"type":"Feature","properties":{"code":"G10010","name":"Vazhayur","type":"Grama Panchayat","leading":"LDF","seats":{"LDF":10,"UDF":6,"NDA":0,"OTHERS":4}},"geometry":{"type":"MultiPolygon","coordinates":[[[[75.8847456097,11.1900332373],[75.8824099403,11.1909027869],[75.8784936473,11.1885147958],[75.8773388594,11.1852789264],[75.8717423313,11.1881426958],[75.8626761024,11.1888985242],[75.85918348,11.19365518],[75.8566220119,11.1939699033],[75.86038651,11.19532],[75.86001438,11.20059423],[75.85504547,11.20212438],[75.8570788345,11.2061519165],[75.8586593171,11.2068070744],[75.8613651861,11.2045225407],[75.8706144368,11.2077827195],[75.8761196714,11.2166315772],[75.8780829752,11.223251464],[75.888462132,11.2290558746],[75.8971286722,11.2301200017],[75.8993253745,11.2338897649],[75.8992466842,11.2398729283],[75.9008532154,11.2424837576],[75.9089939481,11.2389400369],[75.9074982151,11.236444299],[75.9088710086,11.2335363956],[75.9131534901,11.2334065419],[75.9198167587,11.2203643183],[75.9171466221,11.2150619005],[75.9184996646,11.2115435093],[75.913119327,11.2048682476],[75.9096244795,11.2047318432],[75.9067534593,11.2081706906],[75.8967193993,11.2053129959],[75.8950215845,11.2025853368],[75.8908038054,11.2033427264],[75.8905680098,11.1981735233],[75.8927036703,11.1970624378],[75.8847193362,11.1902258795],[75.8847456097,11.1900332373]],[[75.8770561011,11.1863181774],[75.8770717979,11.1864089317],[75.8770561011,11.1863181774]]]]}},{"type":"Feature","properties":{"code":"G10001","name":"Vazhikkadavu","type":"Grama Panchayat","leading":"UDF","seats":{"LDF":5,"UDF":15,"NDA":0,"OTHERS":4}},"geometry":{"type":"MultiPolygon","coordinates":[[[[76.3272330575,11.3558212689],[76.3246067813,11.356361436],[76.3222934837,11.3545451079],[76.3180482403,11.3566644079],[76.3160228032,11.3550242527],[76.312744278,11.3572436203],[76.31297064,11.3597139161],[76.3103030394,11.3633530448],[76.3140898391,11.3617671683],[76.314926991,11.3647785629],[76.3119811539,11.3653314574],[76.3133298488,11.3684134545],[76.3102100246,11.3706696363],[76.3091630821,11.369983774],[76.309287658,11.3730376122],[76.3154945094,11.3843499122],[76.3075973364,11.389993702],[76.3059329587,11.3928435275],[76.3063272176,11.3980579019],[76.3019408171,11.4053823868],[76.3032518029,11.4102739635],[76.2998546763,11.4182906366],[76.2922048003,11.4251828117],[76.2893143514,11.433054869],[76.2810626474,11.4379027639],[76.280071735,11.4412922575],[76.2829373796,11.4479528824],[76.2887314807,11.4539663035],[76.2953702401,11.4655673913],[76.3057208504,11.467647868],[76.3257013338,11.4533503598],[76.3359040924,11.4616282685],[76.3385183289,11.4619518438],[76.3427909876,11.4675887598],[76.3465341658,11.4641868758],[76.3715002993,11.4541742727],[76.3726406948,11.4510159299],[76.3780389384,11.4496735987],[76.3980436878,11.4350894032],[76.4187571569,11.4418752223],[76.4154604824,11.4227007227],[76.4622900381,11.3873359409],[76.4445538627,11.376433969],[76.4341864547,11.3786921036],[76.4191571786,11.3665535923],[76.4088333061,11.3620492772],[76.4036773349,11.3617638158],[76.3903958015,11.3699238413],[76.3889787828,11.3760051726],[76.3820730508,11.378240183],[76.3773416906,11.3830626611],[76.3743590447,11.3801244244],[76.3746185802,11.3713231732],[76.3661134028,11.364184818],[76.364935785,11.3521817484],[76.348496893,11.3537593222],[76.3463232558,11.3586482848],[76.3404512124,11.361323588],[76.338406473,11.3592947748],[76.3312648885,11.3590494123],[76.3293772745,11.3554491795],[76.3277291724,11.3556626845],[76.3272330575,11.3558212689]]]]}},{"type":"Feature","properties":{"code":"G10100","name":"Veliyancode","type":"Grama Panchayat","leading":"LDF","seats":{"LDF":11,"UDF":10,"NDA":0,"OTHERS":0}},"geometry":{"type":"MultiPolygon","coordinates":[[[[75.9544866667,10.7119316667],[75.9544866667,10.7119316667],[75.9544866667,10.7119316667]]]]}},{"type":"Feature","properties":{"code":"G10075","name":"Vengara","type":"Grama Panchayat","leading":"UDF","seats":{"LDF":0,"UDF":20,"NDA":0,"OTHERS":4}},"geometry":{"type":"MultiPolygon","coordinates":[[[[75.961031003,11.0336271115],[75.961031003,11.0336271115],[75.961031003,11.0336271115]]]]}},{"type":"Feature","properties":{"code":"G10048","name":"Vettathur","type":"Grama Panchayat","leading":"UDF","seats":{"LDF":4,"UDF":12,"NDA":0,"OTHERS":3}},"geometry":{"type":"MultiPolygon","coordinates":[[[[76.2622938817,10.9913471779],[76.2502524172,10.9979254428],[76.241687301,10.9996876661],[76.2296740751,11.0054849503],[76.2231904717,11.0118124737],[76.2273221869,11.0147781422],[76.2252456705,11.018815604],[76.2264726998,11.0205872115],[76.2341532659,11.019343078],[76.2343094202,11.0178021016],[76.244789934,11.0175465179],[76.2499393777,11.0214130438],[76.2534676519,11.0268934668],[76.2546140137,11.0223106282],[76.2563873751,11.0230807858],[76.2576274234,11.0202057365],[76.2606578911,11.0223873611],[76.2618273633,11.0213137649],[76.262075615,11.0235080634],[76.2690364587,11.0219060804],[76.2766985547,11.0322299351],[76.2791900557,11.0301430182],[76.2869851988,11.0309307281],[76.2846202525,11.0245123395],[76.2885651605,11.0214942914],[76.2924078051,11.025669682],[76.2961516046,11.0248662034],[76.2987380831,11.0285440261],[76.3070763245,11.0271643273],[76.3116184219,11.02915893],[76.3137967882,11.0279233508],[76.3182697402,11.028841451],[76.3196295269,11.0262455156],[76.3217913615,11.027117961],[76.3249100348,11.0236367722],[76.3288317298,11.0236139843],[76.3289865704,11.0195253563],[76.326204478,11.0158488625],[76.3270859424,11.0137401654],[76.3244482969,11.012219484],[76.3247406655,11.0061889672],[76.319570616,11.003349924],[76.3171126641,11.0043585103],[76.3148618944,11.0004912005],[76.3123719329,11.0006674894],[76.3045463189,10.9951878028],[76.3022728425,10.9930310178],[76.3013159839,10.9882521423],[76.295451351,10.9838457208],[76.2942403055,10.9807228296],[76.2817502779,10.9850230319],[76.2760210938,10.9886938678],[76.2684962428,10.9881197999],[76.2626369561,10.9912019935],[76.2622938817,10.9913471779]]]]}},{"type":"Feature","properties":{"code":"G10089","name":"Vettom","type":"Grama Panchayat","leading":"UDF","seats":{"LDF":4,"UDF":15,"NDA":0,"OTHERS":3}},"geometry":{"type":"MultiPolygon","coordinates":[[[[75.8981570813,10.8692228548],[75.8930014851,10.8675697336],[75.883280399,10.9129135589],[75.8895289286,10.9130679943],[75.8921734019,10.9057125151],[75.8982725395,10.9058732274],[75.8992238613,10.908924606],[75.901002008,10.9092788521],[75.9016062477,10.9131195197],[75.9058223977,10.9139156183],[75.9065327946,10.9095160117],[75.9126709793,10.9072137036],[75.9114605143,10.9036090689],[75.9094208928,10.9032097813],[75.9096834607,10.900309143],[75.9125475831,10.8982272133],[75.9096359812,10.8947108788],[75.9158224095,10.8949770629],[75.9163156005,10.8919117601],[75.9128252682,10.8881206828],[75.9151408105,10.8856111856],[75.9194103728,10.8856817003],[75.9198932108,10.8821057871],[75.91648473,10.876335172],[75.9181492014,10.8715820111],[75.9218007424,10.8694276692],[75.922845136,10.8655511511],[75.912692565,10.8549644968],[75.9063845245,10.85609443],[75.904232442,10.8549087102],[75.9015010482,10.8554913591],[75.8987459732,10.8693982219],[75.8981570813,10.8692228548]]]]}},{"type":"Feature","properties":{"code":"G10016","name":"Wandoor","type":"Grama Panchayat","leading":"UDF","seats":{"LDF":8,"UDF":11,"NDA":0,"OTHERS":5}},"geometry":{"type":"MultiPolygon","coordinates":[[[[76.2497253697,11.1795551464],[76.247736584,11.1786744664],[76.2425874937,11.183769101],[76.2398118943,11.1815233368],[76.2397509187,11.1791898335],[76.2388029208,11.1818207421],[76.2282424023,11.1781092447],[76.2278784247,11.1810180559],[76.2244292375,11.1830868083],[76.2191596857,11.1956940456],[76.2244536808,11.1977605922],[76.2234880241,11.2023435387],[76.2256879059,11.2035520704],[76.2252929842,11.2061913362],[76.2307062994,11.2118764391],[76.2296467258,11.2122129431],[76.2307788801,11.2217089258],[76.2368792505,11.2226749745],[76.2384513439,11.2261935556],[76.2374553193,11.2282198167],[76.2343265244,11.2318972008],[76.2233351595,11.2253383421],[76.2187132845,11.2253386375],[76.2131653358,11.2276024863],[76.2143274723,11.2338730904],[76.2164206437,11.2337719367],[76.221656587,11.2392739458],[76.221124022,11.248902604],[76.2253844231,11.2554397412],[76.2251513264,11.2583261732],[76.2364763336,11.2616111138],[76.2398783343,11.2663949631],[76.2438929741,11.2622917491],[76.2468361546,11.2623958689],[76.247416809,11.2570883714],[76.2519228995,11.2586371242],[76.2568415331,11.255538242],[76.2561695727,11.2516042029],[76.2612130657,11.2438709823],[76.2593427671,11.2377222644],[76.2608461245,11.2286295253],[76.2640912306,11.2266772329],[76.2639544009,11.2211963702],[76.2689119192,11.2186063777],[76.2679525321,11.2151528113],[76.2717334184,11.2143532986],[76.2763120051,11.2176568226],[76.2808557862,11.2162193268],[76.278360518,11.2107159455],[76.2716258992,11.2063445051],[76.2709986763,11.2041183367],[76.2725326998,11.2039781245],[76.2726773757,11.2056963307],[76.2806530071,11.211197861],[76.280366016,11.2131495648],[76.2823845405,11.2148318428],[76.2797159714,11.2183220441],[76.2889359872,11.2244179428],[76.2943527861,11.2228606215],[76.2975300825,11.2185263213],[76.2969519831,11.2146121412],[76.2983497765,11.214383403],[76.2936766253,11.2078128346],[76.2922552872,11.2012050811],[76.2889925769,11.1969136562],[76.2860094225,11.1972302782],[76.2863842381,11.1991187689],[76.2839136115,11.201121127],[76.2789127722,11.1986051936],[76.2782164146,11.1960547482],[76.2752746665,11.1943221729],[76.2717271284,11.1946044143],[76.2709420788,11.1884144454],[76.2777202314,11.1902225121],[76.2799938862,11.1882288877],[76.2829903402,11.1882072925],[76.2781005455,11.1826415313],[76.271591249,11.1802402048],[76.2645293412,11.1817734055],[76.2634647159,11.1841828131],[76.26164278,11.1836810707],[76.260022144,11.1874610129],[76.2552792771,11.1903500653],[76.2548775634,11.1872995384],[76.2517997921,11.1845979912],[76.2536317876,11.1831034659],[76.2533714489,11.1793452703],[76.2505701679,11.1794708243],[76.2497253697,11.1795551464]]]]}},{"type":"Feature","properties":{"code":"M10088","name":"Kondotty","type":"Municipality","leading":"UDF","seats":{"LDF":2,"UDF":31,"NDA":0,"OTHERS":8}},"geometry":{"type":"MultiPolygon","coordinates":[[[[75.9605382778,11.1360932912],[75.95527245,11.1362322957],[75.9531556416,11.1393259878],[75.9479360607,11.1418890213],[75.9457291785,11.1480070447],[75.940080801,11.1547712979],[75.939481498,11.1614140041],[75.9407804804,11.1639175107],[75.9540583041,11.1716136657],[75.9580084652,11.1690190445],[75.9622344076,11.1706211448],[75.9628466905,11.1723890047],[75.9645659438,11.1719367396],[75.9652941392,11.1739037817],[75.9697120913,11.1718711451],[75.9726448057,11.1609605941],[75.9726874432,11.1546040725],[75.9794407399,11.1540464587],[75.9812010247,11.1559244354],[75.9844983128,11.1555243711],[75.9880507842,11.1513873555],[75.9966579889,11.1463599921],[75.9999760609,11.1421552387],[76.0031828219,11.1440752999],[76.0042711233,11.14011386],[76.0086467425,11.1379096008],[76.0072230968,11.1318900557],[76.0103021042,11.128161233],[76.0071626577,11.1212954947],[76.0063326633,11.1113586377],[76.0102277279,11.1086465822],[76.0127648223,11.1011425604],[76.00871441,11.0981299999],[75.993223672,11.1085302133],[75.9881836021,11.1091346227],[75.9829391331,11.1119430881],[75.9729512963,11.1121137988],[75.9684585606,11.1148634756],[75.96434534,11.1191396074],[75.967420519,11.1337292148],[75.9658362602,11.1355874643],[75.9607212715,11.1361992738],[75.9605382778,11.1360932912]]]]}},{"type":"Feature","properties":{"code":"M10047","name":"Kottakkal","type":"Municipality","leading":"UDF","seats":{"LDF":5,"UDF":25,"NDA":2,"OTHERS":3}},"geometry":{"type":"MultiPolygon","coordinates":[[[[76.0164165624,10.9716786027],[76.0147132669,10.9699918535],[76.0117669217,10.9704387712],[76.0060450594,10.9769973161],[75.9966763938,10.979357286],[75.9968362704,10.9841499498],[75.9937924475,10.9869488911],[75.9917781921,10.9989703846],[75.9873270974,10.9973501386],[75.9865809382,10.9983716383],[75.9878945077,11.0030112844],[75.9899324968,11.0044417602],[75.9951536746,11.0026263358],[75.9988930187,11.0064272481],[76.0027226447,11.0045934914],[76.0092061958,11.004886507],[76.00937243,11.00235049],[76.0224451128,10.9936078591],[76.0229941585,10.9995314394],[76.0301928846,11.0068136298],[76.0340719807,11.0033883515],[76.042347375,11.0033230848],[76.0426338442,10.9980475194],[76.0490959493,10.9942518676],[76.0452378913,10.9904572936],[76.0451885573,10.9867912167],[76.0533587435,10.9842860116],[76.0521468075,10.9769538616],[76.0577665981,10.971253683],[76.0572998419,10.9681551892],[76.0552525553,10.9681674606],[76.0529054356,10.9641474111],[76.0443713165,10.9684416993],[76.0442619125,10.9712479702],[76.0463979164,10.9707001581],[76.0448059432,10.9731135307],[76.0367483999,10.9717624601],[76.0287567721,10.9731252499],[76.0254717717,10.9712062499],[76.0186552284,10.972941441],[76.0162315172,10.9717402131],[76.0164165624,10.9716786027]]]]}},{"type":"Feature","properties":{"code":"M10045","name":"Malappuram","type":"Municipality","leading":"UDF","seats":{"LDF":6,"UDF":35,"NDA":0,"OTHERS":4}},"geometry":{"type":"MultiPolygon","coordinates":[[[[76.0477184309,11.0358369336],[76.0414533448,11.0394744875],[76.0451217934,11.0454938666],[76.0420781086,11.0465443901],[76.0372554388,11.0450706966],[76.0341744528,11.0493124857],[76.0407986094,11.05582012],[76.0363624467,11.0589681328],[76.0326760407,11.0592927658],[76.0345959903,11.0608114474],[76.0337805914,11.0625277189],[76.0362327305,11.0673693103],[76.0352269139,11.0678607658],[76.0389828944,11.0726116216],[76.0454649132,11.0879005074],[76.0520001464,11.0884721548],[76.0571997177,11.0916324003],[76.0615154867,11.0918759224],[76.0638926665,11.0885591436],[76.0742949773,11.0892277984],[76.0781220591,11.0936243969],[76.0842150873,11.0925445204],[76.0814872787,11.0811630569],[76.085996431,11.0765130676],[76.0883794341,11.0691780569],[76.0940865256,11.0652036096],[76.1011018183,11.0557803412],[76.0944486751,11.045883533],[76.0973537688,11.0417950231],[76.0963168698,11.0377518709],[76.1021111363,11.0328479807],[76.1021886571,11.0298397695],[76.099979214,11.0290455261],[76.0952380383,11.0317624852],[76.0898109938,11.031587407],[76.0878119011,11.0372753812],[76.0826528525,11.0350740579],[76.0780200198,11.037625278],[76.0767817645,11.0282349964],[76.0753885864,11.0271004591],[76.0698693224,11.0326355996],[76.0704804048,11.0394208271],[76.0640846572,11.0373400454],[76.0623361568,11.0386302877],[76.0663115007,11.0445217612],[76.0609957738,11.0509674171],[76.0563586418,11.0477428664],[76.0553627965,11.0392575342],[76.0480680288,11.0357341082],[76.0477184309,11.0358369336]]]]}},{"type":"Feature","properties":{"code":"M10046","name":"Manjeri","type":"Municipality","leading":"UDF","seats":{"LDF":11,"UDF":34,"NDA":1,"OTHERS":7}},"geometry":{"type":"MultiPolygon","coordinates":[[[[76.0846589451,11.1001205079],[76.0799749153,11.0990867325],[76.0751632383,11.1035214026],[76.0693857956,11.1114284567],[76.0678276156,11.1172182333],[76.0692378301,11.1208787446],[76.0741409048,11.1225734523],[76.0743862274,11.1250195617],[76.0795785756,11.1283528914],[76.0781625163,11.1320492085],[76.0836381551,11.1303729205],[76.0857282617,11.1318626217],[76.0882632788,11.1393771096],[76.0859798643,11.1414624421],[76.0875851906,11.1459630218],[76.0918056983,11.1433819666],[76.0933451734,11.1459937087],[76.0959929397,11.1461478387],[76.0978509222,11.1489493993],[76.0967047091,11.1532439438],[76.0990990206,11.1519189432],[76.1007768306,11.154906509],[76.1026081601,11.1530764226],[76.1029947423,11.1488466629],[76.1044367381,11.1484260593],[76.1038809728,11.1467595619],[76.1003498984,11.1458187482],[76.102317116,11.1433805311],[76.1134645174,11.1429013776],[76.123179649,11.136934019],[76.1254257401,11.1375281929],[76.1266257516,11.1401343359],[76.1306780649,11.1394502856],[76.1316005968,11.1372545329],[76.1331038895,11.1378299132],[76.1340803584,11.129240253],[76.1462593585,11.1320840341],[76.1589292654,11.1317220027],[76.1585094472,11.1357455125],[76.1674302272,11.1341567602],[76.1754856487,11.1284491212],[76.1756347425,11.1262608243],[76.1807824587,11.126604016],[76.1813820811,11.1246565941],[76.1852311558,11.1232874131],[76.1862278209,11.121748195],[76.184978021,11.1168163821],[76.1823744155,11.113547509],[76.1926962819,11.1090667272],[76.1901808761,11.1085703779],[76.1877549713,11.1041075033],[76.1886201849,11.102289966],[76.1908983092,11.1026965517],[76.1912521978,11.0984912511],[76.188815421,11.0998248862],[76.186529881,11.0987634576],[76.1825775388,11.0932096461],[76.1818498262,11.0882321577],[76.179091567,11.0891601922],[76.1754896684,11.0877381133],[76.1736803286,11.0941065964],[76.168012512,11.091439421],[76.1660579122,11.0951018525],[76.1637054037,11.0961126078],[76.1619733241,11.0922271607],[76.1583424522,11.0913639451],[76.1537356299,11.0927675294],[76.1475923137,11.089435879],[76.1449207877,11.0932370792],[76.1458029851,11.0965867451],[76.1388900403,11.0961760304],[76.1336600436,11.0989745487],[76.133005061,11.0954901552],[76.128070673,11.0974256413],[76.1237098763,11.0968795087],[76.1221197792,11.0949684788],[76.1150832314,11.0947781981],[76.1112792545,11.0965179369],[76.1089710621,11.0959030165],[76.1072444653,11.0927749553],[76.101378405,11.0995918568],[76.1027343587,11.1053805922],[76.1012364272,11.1076165086],[76.0985911278,11.1099636299],[76.0940364158,11.1101069071],[76.0888274114,11.1146825845],[76.0833722371,11.116007299],[76.0804736711,11.1051329854],[76.084433325,11.1010989424],[76.0846589451,11.1001205079]]]]}},{"type":"Feature","properties":{"code":"M10048","name":"Nilambur","type":"Municipality","leading":"UDF","seats":{"LDF":6,"UDF":26,"NDA":0,"OTHERS":4}},"geometry":{"type":"MultiPolygon","coordinates":[[[[76.2254418884,11.2555784291],[76.2243972377,11.2541417152],[76.2191875872,11.2560953743],[76.2138065377,11.2555270974],[76.2158374902,11.2609895181],[76.2140829035,11.2655699984],[76.2128066538,11.2645486209],[76.2140820056,11.2608491861],[76.2105965256,11.2596260875],[76.2007639781,11.2644540773],[76.2020440884,11.2667150298],[76.2062855202,11.2679564361],[76.2160184758,11.2756340331],[76.216338871,11.2781109366],[76.2131806945,11.2829661734],[76.2136295359,11.2856905458],[76.2189817184,11.2865508635],[76.2259326611,11.2812420627],[76.2310309266,11.2864981018],[76.2321269276,11.2968069558],[76.2377842104,11.2996681684],[76.2409257121,11.3035205506],[76.2370595244,11.3119792313],[76.2388260625,11.3154154815],[76.241987553,11.3169704031],[76.2453244372,11.3163416418],[76.2556618714,11.3051778474],[76.2648686482,11.3061682309],[76.2694011457,11.3093092054],[76.2697774568,11.3034947121],[76.2723271479,11.2992825835],[76.2786324461,11.3035066738],[76.2733840266,11.2906300713],[76.2756497478,11.2870731108],[76.2733528415,11.2810939899],[76.2641657059,11.2747440038],[76.262775062,11.2671523575],[76.2649692272,11.2653336645],[76.2651648071,11.2617801064],[76.2632848255,11.2558671057],[76.2616429816,11.2549791618],[76.261544705,11.2512900285],[76.2570547481,11.2501242319],[76.2564743578,11.2559052042],[76.2519228995,11.2586371242],[76.247416809,11.2570883714],[76.2468361546,11.2623958689],[76.2438929741,11.2622917491],[76.2398783343,11.2663949631],[76.2364763336,11.2616111138],[76.2253687274,11.2585186849],[76.2254878629,11.2558016625],[76.2254418884,11.2555784291]]]]}},{"type":"Feature","properties":{"code":"M10073","name":"Parappanangadi","type":"Municipality","leading":"UDF","seats":{"LDF":3,"UDF":33,"NDA":3,"OTHERS":7}},"geometry":{"type":"MultiPolygon","coordinates":[[[[75.8413823517,11.0803535298],[75.8449108747,11.0805101095],[75.8469471365,11.0779536408],[75.8487670854,11.0799457714],[75.8547073767,11.0814491548],[75.854338632,11.0847297067],[75.8621968087,11.0842872591],[75.8648264159,11.0796491328],[75.8689491611,11.080050567],[75.8746538799,11.0742221449],[75.8766740202,11.065972228],[75.8850162062,11.0662368279],[75.882091911,11.0604724112],[75.8778138784,11.0605679945],[75.8758932008,11.058547103],[75.878814155,11.0547477404],[75.878136754,11.052728215],[75.8807737802,11.0526105562],[75.87300332,11.0418015224],[75.8747690124,11.0387628691],[75.8770517683,11.038964892],[75.8796662382,11.0344175858],[75.886588058,11.0310466355],[75.8873955286,11.0281040566],[75.8895392047,11.0281499426],[75.8886630792,11.0262625168],[75.8900685602,11.026338713],[75.8900544923,11.0221320166],[75.8756459197,11.0182316668],[75.8642666776,11.0174528157],[75.8633386425,11.0214368771],[75.8601266359,11.0193910621],[75.8568505889,11.0195530401],[75.8549103985,11.0238040489],[75.8428587922,11.0751911934],[75.8413823517,11.0803535298]]]]}},{"type":"Feature","properties":{"code":"M10044","name":"Perinthalmanna","type":"Municipality","leading":"UDF","seats":{"LDF":14,"UDF":15,"NDA":0,"OTHERS":8}},"geometry":{"type":"MultiPolygon","coordinates":[[[[76.2092388978,10.9372125033],[76.2085882321,10.9394130018],[76.2100379413,10.9408114128],[76.2051999526,10.9487101418],[76.2074408963,10.9518536075],[76.2061246969,10.9564417817],[76.2091105502,10.9581411546],[76.2065457916,10.9576959871],[76.2070321323,10.9596672252],[76.2110464154,10.9615749692],[76.2124192353,10.9649264652],[76.2115570755,10.9694703558],[76.2094455721,10.9717796053],[76.2144280664,10.974962012],[76.2153650311,10.982112962],[76.2128264944,10.9835728882],[76.2150782853,10.9854080586],[76.2131001894,10.9851091531],[76.2139704159,10.9911306495],[76.2158731005,10.9942856715],[76.2212553624,10.9943854849],[76.2210006652,10.9957925456],[76.2296345144,11.0010445465],[76.2302906724,11.0050487389],[76.241687301,10.9996876661],[76.2502524172,10.9979254428],[76.2622938817,10.9913471779],[76.2530894998,10.9825591833],[76.2535668725,10.9793617754],[76.2512761748,10.9742793919],[76.2582324229,10.9705036822],[76.263158113,10.965418248],[76.2621467872,10.9612750814],[76.2638369456,10.9593239231],[76.2601611629,10.9546653784],[76.2552662695,10.9554214731],[76.2515122594,10.9511425736],[76.2497793084,10.9463905029],[76.2511419413,10.94553968],[76.2473274286,10.9399418892],[76.2482986139,10.9350997751],[76.2442453134,10.9297150846],[76.2454591415,10.9235720522],[76.2405802529,10.9245163253],[76.2377081113,10.9280483071],[76.2379293736,10.9346558409],[76.2353775892,10.9375819759],[76.229017098,10.9390810957],[76.2204017355,10.9358138686],[76.2097364631,10.9372354248],[76.2092388978,10.9372125033]]]]}},{"type":"Feature","properties":{"code":"M10042","name":"Ponnani","type":"Municipality","leading":"LDF","seats":{"LDF":31,"UDF":16,"NDA":2,"OTHERS":4}},"geometry":{"type":"MultiPolygon","coordinates":[[[[75.9092544118,10.7855183342],[75.9125361072,10.7879528332],[75.9258535733,10.7888754403],[75.9327411765,10.7916232852],[75.9477760252,10.8028654809],[75.9586078079,10.8165378764],[75.9647523134,10.8136877304],[75.9627250614,10.8110123577],[75.9668457945,10.8069506642],[75.9673841219,10.8034277917],[75.9731630516,10.8005199632],[75.9705000136,10.7969855526],[75.9709884485,10.7934833996],[75.9726844391,10.7935905098],[75.9710265299,10.7879020427],[75.9628545266,10.7842915759],[75.9589442128,10.7797047818],[75.9509272693,10.7764605853],[75.9502136597,10.7696167289],[75.9534443307,10.7644660154],[75.9493387811,10.7620771169],[75.9404054585,10.7605895834],[75.939870358,10.7580104111],[75.9443430929,10.7519415226],[75.9370487149,10.7467238558],[75.9380151711,10.7333033527],[75.9358745439,10.7315522084],[75.9343160053,10.732045059],[75.9168223369,10.776229059],[75.9080207015,10.7848724018],[75.9092544118,10.7855183342]]]]}},{"type":"Feature","properties":{"code":"M10072","name":"Thanoor","type":"Municipality","leading":"UDF","seats":{"LDF":0,"UDF":31,"NDA":8,"OTHERS":6}},"geometry":{"type":"MultiPolygon","coordinates":[[[[75.8568505889,11.0195530401],[75.8601266359,11.0193910621],[75.8633386425,11.0214368771],[75.8642666776,11.0174528157],[75.8701963639,11.0178030928],[75.8903359566,11.0220593399],[75.888066176,11.0141038845],[75.8903977232,11.0123216244],[75.8898493404,11.0105732947],[75.8916964397,11.0079328689],[75.8908326867,11.0054025542],[75.8926317572,11.0020279845],[75.8943732368,11.0021806345],[75.8941946243,10.9988597973],[75.897952258,10.9942241255],[75.8983071731,10.9897043037],[75.8960334755,10.9860422981],[75.8966900641,10.981792192],[75.8908351378,10.9800677865],[75.8932754448,10.9705104523],[75.8892627047,10.9687144601],[75.8858415292,10.9695740506],[75.8840217851,10.9678508766],[75.8816556231,10.9702149148],[75.8785958246,10.9680693719],[75.8783831895,10.9639839299],[75.8757650033,10.9631168935],[75.8815351284,10.9418904973],[75.8769351264,10.9410386246],[75.8680710579,10.9750044054],[75.8672834135,10.976693159],[75.861803833,10.9757827623],[75.8592258492,10.9799289092],[75.8665347912,10.9825855873],[75.8570089364,11.0189276304],[75.8568505889,11.0195530401]]]]}},{"type":"Feature","properties":{"code":"M10043","name":"Tirur","type":"Municipality","leading":"UDF","seats":{"LDF":7,"UDF":28,"NDA":1,"OTHERS":4}},"geometry":{"type":"MultiPolygon","coordinates":[[[[75.9229185366,10.8936285628],[75.9199009024,10.8960131486],[75.918117326,10.8944729059],[75.909728192,10.8943514091],[75.9125475831,10.8982272133],[75.9096834607,10.900309143],[75.9093612124,10.9029529608],[75.9114605143,10.9036090689],[75.9126709793,10.9072137036],[75.9065327946,10.9095160117],[75.9066607502,10.9126817534],[75.9042564226,10.9173383946],[75.9065687248,10.9204403584],[75.9056898006,10.9241961186],[75.9088422891,10.9278236988],[75.9072551423,10.9298628847],[75.9126393881,10.9339129997],[75.9117551712,10.9359434356],[75.9135144698,10.9367227085],[75.9131458331,10.9395119829],[75.9224388782,10.9409252632],[75.9251114697,10.9453613021],[75.9295205596,10.9364178016],[75.9320370903,10.9367839736],[75.9328360234,10.9332982502],[75.9369866703,10.9309986883],[75.9381892352,10.9200210224],[75.9432382963,10.9185026879],[75.9455248376,10.9144757314],[75.9392203144,10.902978127],[75.9413139891,10.9010206301],[75.9359737466,10.9007294492],[75.933916749,10.8984242579],[75.9348573257,10.8950505806],[75.9330464242,10.8932886722],[75.9287433025,10.8933301093],[75.9255187351,10.8908585416],[75.9231299733,10.8936477635],[75.9229185366,10.8936285628]]]]}},{"type":"Feature","properties":{"code":"M10075","name":"Tirurangadi","type":"Municipality","leading":"UDF","seats":{"LDF":1,"UDF":34,"NDA":0,"OTHERS":5}},"geometry":{"type":"MultiPolygon","coordinates":[[[[75.891246468,11.0264023804],[75.8886630792,11.0262625168],[75.8895392047,11.0281499426],[75.8873955286,11.0281040566],[75.886588058,11.0310466355],[75.8796662382,11.0344175858],[75.8770517683,11.038964892],[75.8850560121,11.0494346859],[75.8903631036,11.051168335],[75.8982331259,11.0499930393],[75.9064244799,11.0522657439],[75.9204321005,11.0442991629],[75.9216635199,11.0451430176],[75.92214568,11.0538252544],[75.9285124974,11.0460807351],[75.9411968827,11.0427236774],[75.9411886913,11.0456410856],[75.9433509513,11.0456696881],[75.9431378664,11.0418075414],[75.9404867336,11.0370491294],[75.9434554834,11.0320827092],[75.9471411228,11.0319553132],[75.949371095,11.0290910863],[75.9474091262,11.0276383823],[75.9503999731,11.0245976648],[75.9510266667,11.0190733333],[75.9540201645,11.0183352645],[75.953395,11.0162616667],[75.9552681855,11.0130348493],[75.9516185838,11.0111792331],[75.9467430459,11.0136613578],[75.9375895126,11.0140930606],[75.9365565079,11.0155798142],[75.9351164323,11.0136038931],[75.9302798941,11.0141654958],[75.9287786942,11.0160587986],[75.9289087657,11.0201555169],[75.93361148,11.02931362],[75.9302037661,11.0335222508],[75.9251045192,11.0312638934],[75.9056351376,11.031992727],[75.9048366613,11.0300484453],[75.8914785934,11.026511858],[75.891246468,11.0264023804]]]]}},{"type":"Feature","properties":{"code":"M10074","name":"Valanchery","type":"Municipality","leading":"UDF","seats":{"LDF":2,"UDF":25,"NDA":0,"OTHERS":7}},"geometry":{"type":"MultiPolygon","coordinates":[[[[76.0420920914,10.8814930862],[76.0443448939,10.886057418],[76.0403633124,10.8912757845],[76.0411886313,10.8931161903],[76.0453914704,10.8947137547],[76.0446331387,10.896935079],[76.0424944442,10.8974099894],[76.0440025975,10.8983179269],[76.0400585864,10.9060741293],[76.0427700782,10.9114602479],[76.0413772276,10.9167762238],[76.0425966212,10.9271645022],[76.0546182637,10.9270807855],[76.0578400787,10.9218541522],[76.0628982803,10.9205980983],[76.0663943257,10.9163215928],[76.0703261675,10.9084603957],[76.0706466359,10.9039218561],[76.0754516664,10.9038436478],[76.0825485784,10.9081589121],[76.087186138,10.9067520958],[76.0882899032,10.9010098238],[76.0855196659,10.897931351],[76.0849094226,10.8861490156],[76.0833659723,10.882864543],[76.0832143214,10.8794365201],[76.0854202915,10.8788855855],[76.0835855013,10.8764959601],[76.0743793076,10.876683737],[76.0714182626,10.8710486729],[76.0661235664,10.8718913782],[76.0630981498,10.8740576025],[76.0556139556,10.8731621007],[76.0552700069,10.8708011815],[76.0517741379,10.8684193118],[76.0455236971,10.8680294447],[76.0473534948,10.8708249104],[76.0472802029,10.8772090388],[76.0428628477,10.8811846047],[76.0420920914,10.8814930862]]]]}}]}
