{"type":"FeatureCollection","features":[{"type":"Feature","properties":{"code":"G09015","name":"Paruthur","type":"Grama Panchayat","leading":"LDF","seats":{"LDF":10,"UDF":8,"NDA":0,"OTHERS":0}},"geometry":{"type":"MultiPolygon","coordinates":[[[[76.0896055311,10.8404922153],[76.0961137778,10.8414984385],[76.101070266,10.8448241291],[76.1020243692,10.85776799],[76.110072168,10.8557512724],[76.11199401,10.8517639577],[76.1157079708,10.8505623467],[76.1166169799,10.8484908053],[76.1263267302,10.8495469266],[76.12753293,10.8444811194],[76.1395289488,10.8456373412],[76.1396794779,10.8411452755],[76.1354535305,10.8353160351],[76.1389826213,10.8340438247],[76.1394570197,10.8182714546],[76.1357474322,10.8161637417],[76.1356980574,10.8118975399],[76.1279957519,10.8063073089],[76.1246439747,10.8048040343],[76.1179981061,10.8068369858],[76.1032706552,10.8138128978],[76.0924309532,10.8238842287],[76.0895244343,10.8400252915],[76.0896055311,10.8404922153]]]]}},{"type":"Feature","properties":{"code":"G09040","name":"Agali","type":"Grama Panchayat","leading":"UDF","seats":{"LDF":9,"UDF":10,"NDA":2,"OTHERS":0}},"geometry":{"type":"MultiPolygon","coordinates":[[[[76.611497546,10.9718058178],[76.603696441,10.9715514761],[76.6019674902,10.9787696989],[76.5935559378,10.9856959203],[76.59600805,10.9894519012],[76.5937686498,10.9915128327],[76.5966168293,10.9944672159],[76.5955805707,11.0019760962],[76.5831314991,11.0018859696],[76.5785177203,11.0065856052],[76.5841723645,11.0157382744],[76.5764891972,11.0148783311],[76.5728704479,11.0313088714],[76.5736036658,11.0420453171],[76.5582852547,11.0381558417],[76.5518114706,11.038767085],[76.548628858,11.0415479258],[76.5431181236,11.0399308255],[76.5413511253,11.0407816174],[76.5381897068,11.0398540639],[76.5303157287,11.0326755295],[76.522621293,11.0323889949],[76.5164838873,11.0361187454],[76.5137363713,11.039819794],[76.5102524012,11.0392818951],[76.5093129037,11.0461208218],[76.5014446116,11.0576083232],[76.4901090583,11.0581870556],[76.4807031402,11.0611530981],[76.4729427227,11.0646103951],[76.4691597119,11.0704909496],[76.4775265697,11.0738206862],[76.4737401443,11.078377506],[76.5044352952,11.0773728093],[76.5062315505,11.0836691158],[76.497167224,11.0906820953],[76.4961378166,11.0966102293],[76.5090791156,11.1036217945],[76.5354806448,11.0960357429],[76.5300510209,11.0924839236],[76.5292971363,11.0851490886],[76.535527494,11.0744375943],[76.5369081673,11.0656665753],[76.5494562087,11.0712205595],[76.5552460333,11.0683659631],[76.5575292748,11.0704763539],[76.5588354714,11.0765073136],[76.5653098622,11.0755576617],[76.5683352344,11.0801847706],[76.5743808385,11.0787120849],[76.5763348825,11.0797773739],[76.577442821,11.0856061505],[76.5819652357,11.0873354058],[76.5862019669,11.0867777403],[76.5884052089,11.0936968],[76.5927673142,11.0933196249],[76.5906772189,11.1069327196],[76.5933292447,11.1095814466],[76.5982206589,11.1087900823],[76.6006878683,11.1139408378],[76.603858488,11.1126685088],[76.6073644422,11.1135839029],[76.6097002795,11.1193454132],[76.6141137908,11.1239446545],[76.6194380527,11.1210854687],[76.627867847,11.1290285286],[76.6332189643,11.1286366031],[76.6351096458,11.1315650254],[76.641206075,11.1293424042],[76.6455774552,11.136686313],[76.6485719605,11.1385286096],[76.6475593299,11.1414895685],[76.6500696167,11.1448203487],[76.6553385694,11.1456370272],[76.6599978148,11.1494750039],[76.6651676399,11.1488988214],[76.6674705528,11.1512125411],[76.666931436,11.1554271651],[76.6745945457,11.1576058565],[76.6794527859,11.1640532253],[76.6816314009,11.165147655],[76.6872631059,11.162345775],[76.6910677654,11.1629693654],[76.6894727478,11.161314345],[76.6901135502,11.1583847742],[76.687412504,11.1583882572],[76.6884196495,11.151323533],[76.6916022297,11.1463480473],[76.6880055665,11.1440166662],[76.6901639759,11.1397602162],[76.6860881251,11.1372856556],[76.6880187155,11.1314737204],[76.685775571,11.1307318533],[76.6858410149,11.1280936844],[76.6825891918,11.1279953714],[76.6823321384,11.1216164629],[76.6798675108,11.1221158936],[76.679239163,11.1268951105],[76.6762533087,11.1257183824],[76.6764075958,11.1235704825],[76.673423052,11.1244993665],[76.67025876,11.1226408934],[76.668128397,11.1184342595],[76.6614106938,11.1211114213],[76.6610939173,11.1183118418],[76.6588885199,11.1179938147],[76.6566502612,11.1149836809],[76.657705213,11.1104810831],[76.6557999435,11.1088117164],[76.6586224729,11.1026998305],[76.6558743609,11.1009606421],[76.6572638521,11.0969844595],[76.656448329,11.0939407767],[76.6517036064,11.0980379667],[76.6486430775,11.095932695],[76.6503241677,11.0922129313],[76.6536118319,11.0923096564],[76.6559224402,11.0897173444],[76.6639532541,11.086283937],[76.6657271311,11.0836400529],[76.6624762013,11.0778243038],[76.6597828781,11.0762623819],[76.6589347762,11.0722816236],[76.6562652221,11.0720549141],[76.6543759788,11.0698337347],[76.6527806905,11.053302208],[76.6479775067,11.0487631579],[76.643142593,11.0468149417],[76.6458020832,11.0425762347],[76.6431526972,11.0426101159],[76.6458167334,11.0391131652],[76.6314516832,11.0325990296],[76.6312146531,11.02829384],[76.6277222144,11.0275695628],[76.629804212,11.0219745805],[76.6286304218,11.0181754804],[76.6260180214,11.0158685465],[76.6048442579,11.0100805599],[76.6008175149,11.0110940518],[76.6017754475,10.9914851118],[76.6036675163,10.9859103017],[76.6079568231,10.9848052138],[76.6097493504,10.9800777869],[76.609207177,10.9771320063],[76.6119005551,10.9755361378],[76.611497546,10.9718058178]]]]}},{"type":"Feature","properties":{"code":"G09078","name":"Akathethara","type":"Grama Panchayat","leading":"NDA","seats":{"LDF":8,"UDF":1,"NDA":10,"OTHERS":0}},"geometry":{"type":"MultiPolygon","coordinates":[[[[76.6406658328,10.8025229769],[76.6385789948,10.8053058218],[76.6365324403,10.805571469],[76.6350198222,10.8161094231],[76.6228720198,10.8189242616],[76.6210620719,10.8209341925],[76.6237161674,10.8218001013],[76.6234582844,10.8249228342],[76.625282802,10.8248384431],[76.625071643,10.8365066747],[76.6285125153,10.8413841771],[76.6253299061,10.8428449426],[76.6258395068,10.8454746109],[76.6235496117,10.8455988268],[76.6241677344,10.8476994332],[76.6206636276,10.8512558408],[76.6209823872,10.8526591349],[76.6239081303,10.8516555176],[76.6266894412,10.8549879174],[76.6269412861,10.8652324054],[76.6428408882,10.8588731652],[76.6474033893,10.8557741142],[76.6539126751,10.8412985697],[76.6548435157,10.8390867285],[76.653025189,10.8356976872],[76.6608822744,10.8322545536],[76.6617438223,10.8293117476],[76.6595019663,10.8253207995],[76.6583245353,10.8038967307],[76.6526768943,10.8025433909],[76.6488815855,10.7972424777],[76.6476823434,10.8047291159],[76.6408354846,10.8024392119],[76.6406658328,10.8025229769]]]]}},{"type":"Feature","properties":{"code":"G09032","name":"Alanallur","type":"Grama Panchayat","leading":"UDF","seats":{"LDF":4,"UDF":18,"NDA":0,"OTHERS":2}},"geometry":{"type":"MultiPolygon","coordinates":[[[[76.3880113421,11.0996846712],[76.3913281666,11.0949110125],[76.391136091,11.0876795607],[76.3872599025,11.0882112821],[76.3864830671,11.0836760571],[76.3798436667,11.0742864213],[76.3723955001,11.0690860899],[76.370550658,11.0648281264],[76.3638418621,11.0657052547],[76.3616955238,11.0635381149],[76.3609984857,11.0596382948],[76.3633679403,11.0543372203],[76.3616606228,11.0521126883],[76.361806834,11.0465669339],[76.3644926559,11.0426902691],[76.3652012538,11.0373664512],[76.3642668078,11.0331730543],[76.3604754799,11.030149386],[76.3638118405,11.0271368608],[76.3638345563,11.0243272154],[76.3770861591,11.0160180024],[76.3779584958,11.0127233703],[76.3817950794,11.011957559],[76.3801342246,11.0093473069],[76.3819005006,11.0092122058],[76.3818526705,11.0069548341],[76.3793103923,11.0033694139],[76.3726332798,11.0039095916],[76.3721649586,10.9988292423],[76.3703515024,10.9979800658],[76.3651450805,10.9996635222],[76.3571962891,10.9983099478],[76.3528234239,10.9997715195],[76.351629532,10.9961035074],[76.3392148371,11.000105071],[76.3349164117,10.9995128855],[76.3238950899,11.0053531903],[76.3244482969,11.012219484],[76.3270859424,11.0137401654],[76.3262904914,11.01625807],[76.3289865704,11.0195253563],[76.3283813469,11.0243100942],[76.3249100348,11.0236367722],[76.3220704322,11.0270209168],[76.3196295269,11.0262455156],[76.3177297772,11.0290549706],[76.3137967882,11.0279233508],[76.3116184219,11.02915893],[76.3070763245,11.0271643273],[76.2987380831,11.0285440261],[76.2961516046,11.0248662034],[76.2924078051,11.025669682],[76.2885651605,11.0214942914],[76.2846202525,11.0245123395],[76.287238868,11.0329338787],[76.289246438,11.0324085391],[76.2893561062,11.0336738269],[76.2859117521,11.0335922142],[76.2844300903,11.0352281864],[76.2859784304,11.0354167893],[76.2887727365,11.0403219074],[76.292867152,11.040923537],[76.2937098752,11.0453272285],[76.2959569357,11.0475770359],[76.2949855865,11.0503615259],[76.3094751234,11.0468634933],[76.3110478994,11.0506020024],[76.3210802066,11.0521691594],[76.3250547928,11.0505236581],[76.3314645687,11.055025984],[76.330415719,11.0573171497],[76.333060085,11.0582406156],[76.3347913439,11.0629391074],[76.3297470492,11.0741921006],[76.3320010352,11.0731351942],[76.3397392325,11.0780303906],[76.3438943885,11.0878385478],[76.3478640636,11.0886026627],[76.3511458183,11.0926344317],[76.357900231,11.0934970032],[76.3607502561,11.0981715978],[76.3652963553,11.0975466429],[76.3691552085,11.0988968392],[76.3756937399,11.0973005039],[76.3823776016,11.1007069759],[76.3875710727,11.0992542282],[76.3880113421,11.0996846712]]]]}},{"type":"Feature","properties":{"code":"G09084","name":"Alathur","type":"Grama Panchayat","leading":"LDF","seats":{"LDF":12,"UDF":5,"NDA":0,"OTHERS":1}},"geometry":{"type":"MultiPolygon","coordinates":[[[[76.5494100039,10.6199347358],[76.5494100039,10.6199347358],[76.5494100039,10.6199347358]]]]}},{"type":"Feature","properties":{"code":"G09016","name":"Ambalapara","type":"Grama Panchayat","leading":"LDF","seats":{"LDF":17,"UDF":1,"NDA":3,"OTHERS":2}},"geometry":{"type":"MultiPolygon","coordinates":[[[[76.4022085716,10.7804260177],[76.4022085716,10.7804260177],[76.4022085716,10.7804260177]]]]}},{"type":"Feature","properties":{"code":"G09001","name":"Anakkara","type":"Grama Panchayat","leading":"UDF","seats":{"LDF":7,"UDF":8,"NDA":1,"OTHERS":1}},"geometry":{"type":"MultiPolygon","coordinates":[[[[76.0492974613,10.807189336],[76.0469345793,10.8031472601],[76.044137249,10.8053515644],[76.0394629803,10.8054081355],[76.0351856877,10.8088369553],[76.036582123,10.8158556454],[76.0324033378,10.8170288602],[76.0303899506,10.8208412011],[76.0262025136,10.822618679],[76.0287323999,10.8249187278],[76.0299876413,10.8330536271],[76.0358060906,10.8350900797],[76.0396867154,10.8457243237],[76.0425505423,10.8487218509],[76.0502023809,10.8478442902],[76.0606543601,10.8403077575],[76.0675029168,10.8386359852],[76.0896055311,10.8404922153],[76.0918238331,10.8260996718],[76.0881388045,10.8222415509],[76.0897495761,10.8189569359],[76.0884520725,10.8182200409],[76.0889597567,10.8133528919],[76.0872617547,10.8116807126],[76.0819612477,10.8146875586],[76.0756802415,10.8130872963],[76.0746015758,10.8152325866],[76.0710688022,10.8120164447],[76.0558689237,10.8155061023],[76.0539064139,10.8139173735],[76.0545269237,10.8120634383],[76.0529316301,10.8136963912],[76.054051034,10.8097561326],[76.0516647478,10.8104457774],[76.0498595484,10.808147828],[76.0492974613,10.807189336]],[[76.0357487122,10.8097359235],[76.0358261203,10.8097559864],[76.0357487122,10.8097359235]]]]}},{"type":"Feature","properties":{"code":"G09017","name":"Ananganadi","type":"Grama Panchayat","leading":"LDF","seats":{"LDF":9,"UDF":7,"NDA":1,"OTHERS":0}},"geometry":{"type":"MultiPolygon","coordinates":[[[[76.310058103,10.806018006],[76.3073876895,10.8118984907],[76.3078223387,10.81465193],[76.311261151,10.8163376243],[76.3111913337,10.819536762],[76.3131682418,10.821216302],[76.3161099786,10.8210227943],[76.3252973519,10.8270267887],[76.3254183548,10.8299287746],[76.3226197781,10.8313677463],[76.3245572718,10.8360230094],[76.3268353046,10.834660131],[76.32545664,10.8370120951],[76.3271087911,10.8378270044],[76.3278062786,10.8418892671],[76.3367407555,10.8429410756],[76.3430414517,10.8377581705],[76.3439565242,10.8342938745],[76.3504119447,10.8325780526],[76.3519925245,10.8289502826],[76.3682191889,10.8241166363],[76.3657922087,10.8146710983],[76.3632644573,10.8145777039],[76.3637655108,10.808825437],[76.3666440935,10.8066032319],[76.3678494955,10.7998885157],[76.3657571072,10.7986683725],[76.3652528386,10.7998737586],[76.361445038,10.7993280053],[76.3617532506,10.8016759284],[76.3576216248,10.803985009],[76.3530812249,10.8043327289],[76.350697716,10.802512308],[76.3471574094,10.8039109774],[76.3450860471,10.799846833],[76.3358127407,10.8022090748],[76.3326962141,10.7984199603],[76.331582383,10.8032856449],[76.3247818726,10.8044262042],[76.3216054688,10.8018814459],[76.3179204176,10.8014999988],[76.311807292,10.8023278879],[76.3103935411,10.8051354363],[76.310058103,10.806018006]],[[76.3247788729,10.8265482399],[76.3248487938,10.8264682516],[76.3247788729,10.8265482399]]]]}},{"type":"Feature","properties":{"code":"G09071","name":"Ayiloor","type":"Grama Panchayat","leading":"TIE","seats":{"LDF":8,"UDF":8,"NDA":2,"OTHERS":1}},"geometry":{"type":"MultiPolygon","coordinates":[[[[76.5779776337,10.5067170907],[76.5779776337,10.5067170907],[76.5779776337,10.5067170907]]]]}},{"type":"Feature","properties":{"code":"G09018","name":"Chalavara","type":"Grama Panchayat","leading":"TIE","seats":{"LDF":8,"UDF":8,"NDA":1,"OTHERS":0}},"geometry":{"type":"MultiPolygon","coordinates":[[[[76.2982058447,10.7972999926],[76.2950425921,10.7947371029],[76.292860327,10.7951600745],[76.2887550121,10.8006196225],[76.2830479832,10.8021842416],[76.282687642,10.8052226416],[76.2734445092,10.8069629664],[76.2707880956,10.8115968044],[76.2682455443,10.8119454349],[76.2694329635,10.8137696126],[76.2679036022,10.8193860712],[76.2712858745,10.8190443042],[76.2730216969,10.8226233394],[76.269363107,10.8278334334],[76.2656612357,10.8290239759],[76.2651680304,10.8393094924],[76.2741128604,10.8458199902],[76.2800876562,10.8484293767],[76.2874759198,10.8457589063],[76.2889642709,10.8471850209],[76.2979430905,10.8458075886],[76.3001239428,10.8491822217],[76.2982960791,10.853238182],[76.3028587601,10.853406234],[76.3107934756,10.8569077342],[76.3163123492,10.8520574697],[76.3195760211,10.8462918363],[76.3242735691,10.847366298],[76.3263210849,10.8421096654],[76.3278062786,10.8418892671],[76.3271087911,10.8378270044],[76.32545664,10.8370120951],[76.3268353046,10.834660131],[76.3245572718,10.8360230094],[76.3226197781,10.8313677463],[76.3254183548,10.8299287746],[76.3252973519,10.8270267887],[76.3111913337,10.819536762],[76.3113404234,10.8164386024],[76.3086153762,10.8157998771],[76.3073255404,10.8131194164],[76.310058103,10.806018006],[76.3059459863,10.8053536849],[76.3074032335,10.8029308472],[76.299582297,10.7980009678],[76.2982058447,10.7972999926]]]]}},{"type":"Feature","properties":{"code":"G09002","name":"Chalissery","type":"Grama Panchayat","leading":"UDF","seats":{"LDF":8,"UDF":9,"NDA":0,"OTHERS":0}},"geometry":{"type":"MultiPolygon","coordinates":[[[[76.0652037611,10.7422234243],[76.0682542171,10.7429095607],[76.0714597941,10.7476600594],[76.0693791211,10.7535413619],[76.069645986,10.7585970723],[76.0746277381,10.7687882114],[76.0740118663,10.7732601457],[76.0809996064,10.7745891366],[76.0897429453,10.7738989235],[76.0897210073,10.7717866923],[76.0883129141,10.7714643577],[76.0892998659,10.7671901554],[76.1027350276,10.7612429098],[76.1030220163,10.7576721197],[76.1139133046,10.7562322598],[76.1159746099,10.7577066785],[76.115959308,10.7529831586],[76.1133818943,10.7468785008],[76.1104887802,10.746195822],[76.1075201217,10.7413027683],[76.1047363712,10.7415320296],[76.1051638293,10.7383273442],[76.1086065248,10.7381615466],[76.1093273381,10.7367831487],[76.1047111454,10.734688857],[76.103255258,10.7354342052],[76.1058666291,10.7280112045],[76.1048823843,10.7221916116],[76.0971751528,10.7264219837],[76.0965893045,10.7284317301],[76.0891122062,10.7270732053],[76.0850932298,10.728194223],[76.0835415,10.7269290717],[76.0692588316,10.7300640762],[76.0697019633,10.7375520236],[76.0654177068,10.7417394865],[76.0652037611,10.7422234243]]]]}},{"type":"Feature","properties":{"code":"G09062","name":"Elappully","type":"Grama Panchayat","leading":"LDF","seats":{"LDF":14,"UDF":4,"NDA":5,"OTHERS":0}},"geometry":{"type":"MultiPolygon","coordinates":[[[[76.757303613,10.7383607264],[76.757303613,10.7383607264],[76.757303613,10.7383607264]],[[76.8023420032,10.7850713264],[76.8023420032,10.7850713264],[76.8023420032,10.7850713264]]]]}},{"type":"Feature","properties":{"code":"G09073","name":"Elavanchery","type":"Grama Panchayat","leading":"LDF","seats":{"LDF":11,"UDF":3,"NDA":1,"OTHERS":0}},"geometry":{"type":"MultiPolygon","coordinates":[[[[76.6494480588,10.5592989969],[76.6494480588,10.5592989969],[76.6494480588,10.5592989969]]]]}},{"type":"Feature","properties":{"code":"G09085","name":"Erimayoor","type":"Grama Panchayat","leading":"LDF","seats":{"LDF":15,"UDF":5,"NDA":0,"OTHERS":0}},"geometry":{"type":"MultiPolygon","coordinates":[[[[76.5815815826,10.6261814487],[76.5815815826,10.6261814487],[76.5815815826,10.6261814487]]]]}},{"type":"Feature","properties":{"code":"G09057","name":"Eruthempathy","type":"Grama Panchayat","leading":"TIE","seats":{"LDF":5,"UDF":5,"NDA":3,"OTHERS":2}},"geometry":{"type":"MultiPolygon","coordinates":[[[[76.8696419557,10.6771763164],[76.8618655876,10.6777308535],[76.8468274696,10.6846030474],[76.8409290786,10.6821337072],[76.8360929084,10.683645938],[76.8360869583,10.6918450209],[76.8390300637,10.7002395937],[76.8410405367,10.7019908939],[76.8407554358,10.7112180709],[76.8429478094,10.7105317829],[76.8432935555,10.713370428],[76.8472046837,10.7156984648],[76.84827269,10.7188824937],[76.8592016093,10.722967817],[76.85883879,10.7292006158],[76.8550094271,10.7325062993],[76.8546599142,10.7347301766],[76.8565945722,10.7358477448],[76.8505600478,10.7397410595],[76.8505664454,10.7429954698],[76.8533338538,10.7441760475],[76.8558600021,10.7510392202],[76.8533083283,10.7530737196],[76.8486063827,10.7517057383],[76.8455954858,10.7532757484],[76.8456175758,10.7580343944],[76.8441596782,10.7580109257],[76.8439573075,10.760744233],[76.8560513913,10.7618415381],[76.8609047082,10.7585956186],[76.8641369423,10.7617520864],[76.868908713,10.7595063312],[76.8715815103,10.7617381588],[76.8768431812,10.7625752333],[76.8768906548,10.7611948721],[76.8883042685,10.761853226],[76.8966618693,10.7657255659],[76.9025011129,10.770999649],[76.9047226813,10.7634454927],[76.9006305698,10.7558916636],[76.8961975968,10.7532634191],[76.8960440661,10.7452760222],[76.8884663075,10.7331590479],[76.8887924535,10.7284192586],[76.89329696,10.7216820706],[76.8904430949,10.7165820529],[76.8864650688,10.718547774],[76.8820765486,10.717011454],[76.8684280053,10.6956361652],[76.8708466694,10.6931667349],[76.8662427023,10.6858245384],[76.8671252355,10.6801478108],[76.8694224369,10.67760354],[76.8696419557,10.6771763164]]]]}},{"type":"Feature","properties":{"code":"G09025","name":"Kadampazhipuram","type":"Grama Panchayat","leading":"LDF","seats":{"LDF":15,"UDF":4,"NDA":1,"OTHERS":0}},"geometry":{"type":"MultiPolygon","coordinates":[[[[76.4677923504,10.8702155568],[76.465658814,10.8679178243],[76.4641349462,10.8684068582],[76.4647393849,10.8667402118],[76.4614609599,10.8620850261],[76.4602926367,10.8551163255],[76.4621891346,10.8435123043],[76.4569232457,10.8457528131],[76.4542928688,10.8452664549],[76.4539045665,10.8419073947],[76.4228171688,10.8416879676],[76.4218676468,10.8446934774],[76.424176194,10.8455639098],[76.4250631961,10.8513590992],[76.4238188429,10.8513802769],[76.4241806399,10.8571377223],[76.4175952258,10.856336685],[76.4191748097,10.863014314],[76.4275844995,10.8673999083],[76.4291849445,10.8723609247],[76.435487221,10.8733584446],[76.4380342595,10.8812664782],[76.4422165611,10.8834973477],[76.4414284368,10.8907668519],[76.4495455249,10.893853847],[76.4538431805,10.9000979571],[76.459378955,10.9011338052],[76.4578558437,10.9048147919],[76.4665713705,10.9016261302],[76.4702106713,10.9063804478],[76.474894931,10.9074721664],[76.4748480424,10.9108561757],[76.4799568524,10.9150985976],[76.484482583,10.912377246],[76.4900245301,10.9126964328],[76.4967358443,10.9105210339],[76.5000629702,10.913011635],[76.504511697,10.9096995383],[76.5107650089,10.9110327718],[76.51283762,10.9069623194],[76.5166154047,10.9053442455],[76.5142583183,10.903844374],[76.5146105349,10.8997405398],[76.5220510516,10.890625704],[76.5215944384,10.8880865104],[76.51713607,10.88631824],[76.5124818791,10.8879318522],[76.5080882135,10.8854293049],[76.5067329671,10.8866500496],[76.4843271655,10.8877542025],[76.4809890907,10.8757392988],[76.4780540624,10.8758539423],[76.4776339794,10.8733960287],[76.4747600947,10.8743651284],[76.4743606778,10.8714374087],[76.4715810431,10.8691717758],[76.4677193102,10.870361742],[76.4677923504,10.8702155568]]]]}},{"type":"Feature","properties":{"code":"G09036","name":"Kanjirapuzha","type":"Grama Panchayat","leading":"UDF","seats":{"LDF":6,"UDF":7,"NDA":2,"OTHERS":6}},"geometry":{"type":"MultiPolygon","coordinates":[[[[76.496096405,10.973768068],[76.4864220282,10.9796280056],[76.4824488753,10.9768190516],[76.4825779653,10.9754026632],[76.4749570439,10.9734868132],[76.4747073726,10.9762063446],[76.471052725,10.9801142755],[76.4703060323,10.9943251904],[76.4743506173,10.9969783448],[76.4817418654,10.9971790813],[76.4827559953,11.0005048215],[76.4873238378,11.0031993726],[76.4893267966,11.0012981095],[76.4891563715,11.0023380216],[76.4936000921,11.0026051612],[76.4961666983,11.0070270425],[76.4986067264,11.0066718751],[76.4989165623,11.0090950268],[76.5020894779,11.0088218195],[76.5082307316,11.0156484554],[76.5137449588,11.0161443437],[76.5147542845,11.0202344824],[76.5196077057,11.0234838404],[76.5178462825,11.0254474921],[76.5274850117,11.0281576469],[76.5275846491,11.0321719703],[76.5320464554,11.0337466205],[76.5376877067,11.0394834874],[76.5413511253,11.0407816174],[76.5431181236,11.0399308255],[76.548628858,11.0415479258],[76.5518114706,11.038767085],[76.5582852547,11.0381558417],[76.5736036658,11.0420453171],[76.5728704479,11.0313088714],[76.5764891972,11.0148783311],[76.5841723645,11.0157382744],[76.5785177203,11.0065856052],[76.5831314991,11.0018859696],[76.5955805707,11.0019760962],[76.5966168293,10.9944672159],[76.5937686498,10.9915128327],[76.59600805,10.9894519012],[76.5937523403,10.9858032061],[76.5835871318,10.9860295325],[76.5637034526,10.9806124657],[76.5582874092,10.9837681385],[76.5434026696,10.9862723239],[76.5341012351,10.98590029],[76.5300873707,10.9835993442],[76.5277066578,10.9847644663],[76.521073355,10.9834120376],[76.5161525328,10.9854268408],[76.5126573438,10.9787976312],[76.5138676625,10.9736028282],[76.5100125334,10.9738030817],[76.5067317604,10.9711583081],[76.5007416356,10.9756361342],[76.4965561205,10.9741813675],[76.496096405,10.973768068]]]]}},{"type":"Feature","properties":{"code":"G09056","name":"Kannadi","type":"Grama Panchayat","leading":"LDF","seats":{"LDF":12,"UDF":5,"NDA":0,"OTHERS":0}},"geometry":{"type":"MultiPolygon","coordinates":[[[[76.6369247425,10.7248095134],[76.6369247425,10.7248095134],[76.6369247425,10.7248095134]]]]}},{"type":"Feature","properties":{"code":"G09091","name":"Kannambra","type":"Grama Panchayat","leading":"LDF","seats":{"LDF":18,"UDF":0,"NDA":0,"OTHERS":0}},"geometry":{"type":"MultiPolygon","coordinates":[[[[76.4405266542,10.5845504061],[76.4405266542,10.5845504061],[76.4405266542,10.5845504061]]]]}},{"type":"Feature","properties":{"code":"G09003","name":"Kappoor","type":"Grama Panchayat","leading":"UDF","seats":{"LDF":6,"UDF":12,"NDA":0,"OTHERS":2}},"geometry":{"type":"MultiPolygon","coordinates":[[[[76.0469345793,10.8031472601],[76.0505570385,10.8096248291],[76.054051034,10.8097561326],[76.0543338782,10.8115890809],[76.0524715589,10.8121088251],[76.0529316301,10.8136963912],[76.0545269237,10.8120634383],[76.0539064139,10.8139173735],[76.0555940753,10.8154580263],[76.0716280305,10.8109468997],[76.0705150107,10.7982106178],[76.0732755935,10.7911552225],[76.0696060222,10.7903986146],[76.0680180437,10.7880498181],[76.0627467819,10.7871723646],[76.0672219585,10.7840156474],[76.0694991699,10.7787568845],[76.0734024145,10.7777624453],[76.0728668183,10.7730464547],[76.0739883517,10.7729741989],[76.0746277381,10.7687882114],[76.069645986,10.7585970723],[76.0693791211,10.7535413619],[76.0715977159,10.7484107881],[76.0682542171,10.7429095607],[76.0652037611,10.7422234243],[76.0623905293,10.7439037083],[76.0618971384,10.7422587642],[76.0542454354,10.7401298697],[76.0537768501,10.7413857408],[76.0495131681,10.7411000174],[76.0467996042,10.7426315028],[76.045279064,10.7467646573],[76.0471711564,10.7480795093],[76.0473740259,10.751448557],[76.044788438,10.7522817444],[76.0441769892,10.7541370067],[76.0390818115,10.7554032719],[76.0416391828,10.763226669],[76.0393857143,10.7681224258],[76.0420461103,10.7854962601],[76.0412895355,10.7892965686],[76.0432457428,10.7972206477],[76.045654831,10.7952953134],[76.0491960269,10.7983581909],[76.0497750501,10.8009101067],[76.0455873753,10.8008832386],[76.0469941939,10.8028754698],[76.0469345793,10.8031472601]]]]}},{"type":"Feature","properties":{"code":"G09029","name":"Karakurissi","type":"Grama Panchayat","leading":"UDF","seats":{"LDF":6,"UDF":9,"NDA":1,"OTHERS":3}},"geometry":{"type":"MultiPolygon","coordinates":[[[[76.4896346271,10.9127438398],[76.4896346271,10.9127438398],[76.4896346271,10.9127438398]]]]}},{"type":"Feature","properties":{"code":"G09033","name":"Karimba","type":"Grama Panchayat","leading":"UDF","seats":{"LDF":7,"UDF":8,"NDA":2,"OTHERS":1}},"geometry":{"type":"MultiPolygon","coordinates":[[[[76.5374904096,10.8834356772],[76.5348037639,10.8846971424],[76.5327423486,10.8900198708],[76.5302851533,10.8915683228],[76.5185619602,10.8937500414],[76.5172987385,10.8976858696],[76.5145341819,10.9000287677],[76.5142583183,10.903844374],[76.5166154047,10.9053442455],[76.51283762,10.9069623194],[76.5117159955,10.9106189451],[76.504511697,10.9096995383],[76.5006865914,10.9116836298],[76.5044908717,10.9149858197],[76.5045773467,10.9185350799],[76.5093621315,10.9223585231],[76.5109201276,10.9324997769],[76.5170106446,10.9399510153],[76.5221609998,10.9401956274],[76.5269285518,10.9445100226],[76.5279861555,10.9475421174],[76.532128418,10.950184905],[76.5386142357,10.9513652715],[76.5389992033,10.9529566681],[76.5393599652,10.9499377227],[76.5399706704,10.9530614803],[76.5421459589,10.9545721916],[76.5419289899,10.9488321021],[76.543895457,10.9445229118],[76.5485422542,10.9476085964],[76.5586108483,10.9409842771],[76.5623274682,10.9422898638],[76.564940118,10.9405419411],[76.5777679742,10.9391275186],[76.5824762923,10.9400007241],[76.5893836466,10.9381066565],[76.5954084794,10.9402121794],[76.5945490962,10.9460319523],[76.5975037945,10.9501140723],[76.6059110649,10.9541270315],[76.6120412425,10.9593966013],[76.6166599408,10.9547496536],[76.6254883303,10.9514233244],[76.6288194101,10.9469872561],[76.6276013104,10.9438142265],[76.6315231457,10.9408739029],[76.6260435545,10.9344283274],[76.6211224232,10.9218577391],[76.6217098283,10.9172729908],[76.6176935133,10.9050502839],[76.6182045463,10.9013703592],[76.6154790368,10.9005618848],[76.6117030707,10.8793734972],[76.6088072169,10.8731003302],[76.6092458674,10.8697482152],[76.5866927574,10.8716709638],[76.5657530309,10.8791814679],[76.5572322994,10.8855538047],[76.5443687936,10.8817723741],[76.5440648185,10.8832398828],[76.5376845076,10.8835357171],[76.5374904096,10.8834356772]]]]}},{"type":"Feature","properties":{"code":"G09026","name":"Karimpuzha","type":"Grama Panchayat","leading":"UDF","seats":{"LDF":4,"UDF":12,"NDA":2,"OTHERS":2}},"geometry":{"type":"MultiPolygon","coordinates":[[[[76.4159455201,10.9180564355],[76.3983628164,10.9284253613],[76.3806525991,10.9223899],[76.3722425912,10.9229285388],[76.3644825272,10.9279330046],[76.3598672889,10.9277030524],[76.3594772898,10.9289597798],[76.3596289524,10.9335960825],[76.3622262395,10.9336150808],[76.3662805431,10.9377280858],[76.3654710449,10.9405248041],[76.3691553803,10.944659051],[76.3676971246,10.9405093904],[76.3694376791,10.9374779191],[76.3754441773,10.9412783805],[76.3795799782,10.9463456381],[76.3820815913,10.9530952681],[76.3847346409,10.9544519339],[76.3843754015,10.9580225879],[76.3870340817,10.9585581055],[76.3871800277,10.9609623735],[76.3907051948,10.9634882441],[76.3914684268,10.9665680333],[76.4007839077,10.9670537448],[76.4021464484,10.968647589],[76.407082059,10.9685800915],[76.4095586629,10.9703148394],[76.4139434488,10.9653174234],[76.4179885442,10.9497818983],[76.4204940003,10.949297519],[76.4253095463,10.952638955],[76.4282817674,10.952283866],[76.4299321768,10.9491541434],[76.4336697184,10.9478584349],[76.4422487715,10.9515964455],[76.4480985112,10.9508162481],[76.4542262071,10.9469927584],[76.4720994718,10.9406239142],[76.4781676099,10.9260063827],[76.4769706779,10.9210272768],[76.479818905,10.9190756719],[76.4785026576,10.9133803794],[76.4765410055,10.9132463045],[76.4745308735,10.9102971326],[76.474894931,10.9074721664],[76.4702106713,10.9063804478],[76.4665713705,10.9016261302],[76.4582679859,10.9050305065],[76.4586497985,10.9083519111],[76.4552233244,10.9072373187],[76.4532637528,10.9106125435],[76.4451633945,10.9145661895],[76.4391216144,10.9150998082],[76.4311358694,10.9182348298],[76.4279519991,10.9147015395],[76.4164135112,10.9179463805],[76.4159455201,10.9180564355]]]]}},{"type":"Feature","properties":{"code":"G09086","name":"Kavassery","type":"Grama Panchayat","leading":"LDF","seats":{"LDF":12,"UDF":6,"NDA":1,"OTHERS":0}},"geometry":{"type":"MultiPolygon","coordinates":[[[[76.5137250365,10.6299217252],[76.5120448207,10.6258004405],[76.5065269461,10.6252847789],[76.5046775816,10.6302218097],[76.4967478676,10.630651618],[76.4909301997,10.6280470267],[76.4859111465,10.6281553924],[76.4834983445,10.6322279132],[76.4755377443,10.6327424808],[76.4697350303,10.6422423217],[76.4698106392,10.6468820981],[76.4632365426,10.6505144227],[76.4614033652,10.6588708591],[76.4556706379,10.6613402142],[76.4507977768,10.6566928542],[76.4486634695,10.6628019155],[76.451076111,10.6662274474],[76.4515776653,10.676193612],[76.4542180521,10.6711927102],[76.4572359915,10.6724054638],[76.4624931338,10.6713592306],[76.4694589248,10.6643912029],[76.4734020413,10.6655570758],[76.4800369624,10.6614223389],[76.4881115023,10.6632870617],[76.4928218639,10.6611899373],[76.4998387102,10.6616759357],[76.4998022315,10.665616411],[76.5014854758,10.6667258695],[76.5077708924,10.66471193],[76.5112690743,10.669520222],[76.5175449874,10.671146412],[76.5184003991,10.6730985405],[76.5289398973,10.6716628297],[76.5300587457,10.6725078947],[76.5276456574,10.6738812689],[76.5280023386,10.6756509133],[76.5354006377,10.6769075139],[76.5350705819,10.6798441629],[76.5400733203,10.6811528326],[76.5461527686,10.675613597],[76.545643313,10.6725418241],[76.5421453383,10.6731937613],[76.542121611,10.6709457859],[76.5380712097,10.6717125968],[76.5365070169,10.6705781748],[76.5378483048,10.6649715632],[76.5398444526,10.663046452],[76.5360239509,10.6599218524],[76.5355366219,10.6567714865],[76.5290504531,10.6495161113],[76.5266622571,10.6500144981],[76.5285768125,10.647700511],[76.5274278809,10.6447325669],[76.5286128677,10.642362641],[76.5211192209,10.6359091338],[76.5158821026,10.6358091556],[76.5137397444,10.6300875049],[76.5137250365,10.6299217252]]]]}},{"type":"Feature","properties":{"code":"G09046","name":"Keralasseri","type":"Grama Panchayat","leading":"LDF","seats":{"LDF":12,"UDF":0,"NDA":2,"OTHERS":0}},"geometry":{"type":"MultiPolygon","coordinates":[[[[76.4896217139,10.816459892],[76.4896217139,10.816459892],[76.4896217139,10.816459892]],[[76.49064775,10.816102714],[76.49064775,10.816102714],[76.49064775,10.816102714]]]]}},{"type":"Feature","properties":{"code":"G09087","name":"Kizhakkanchery","type":"Grama Panchayat","leading":"LDF","seats":{"LDF":17,"UDF":7,"NDA":0,"OTHERS":0}},"geometry":{"type":"MultiPolygon","coordinates":[[[[76.4397764596,10.5564339072],[76.4426000539,10.5588785132],[76.44387839,10.5633098631],[76.4481731468,10.5623019672],[76.449554119,10.560295291],[76.454543535,10.5602390266],[76.4580823037,10.5613580516],[76.4583075937,10.5641783557],[76.4599258377,10.5644700458],[76.461083845,10.5616028859],[76.4664592609,10.5612281764],[76.4680573163,10.5642549761],[76.4648510622,10.565860666],[76.4657293102,10.5711801289],[76.4689953982,10.5707721893],[76.4729955905,10.5761965878],[76.4757668159,10.5737681473],[76.4816376323,10.5721088722],[76.4822473885,10.5755787802],[76.4850156602,10.5752024642],[76.4843966897,10.5787528507],[76.4873496572,10.5800320095],[76.4888785691,10.5834759931],[76.4957824873,10.5864545357],[76.496080179,10.5923580518],[76.5011005573,10.5889053686],[76.5052037747,10.5898854786],[76.5081202315,10.5863988982],[76.5111387204,10.5871454253],[76.5136783842,10.583862304],[76.5161463824,10.5834397698],[76.5131368793,10.5787239507],[76.5189554227,10.5696832826],[76.517751283,10.5663771409],[76.5209717248,10.562011409],[76.5172578356,10.5596740876],[76.5144522418,10.5515747489],[76.5221183698,10.5414812821],[76.5217166648,10.5381418498],[76.5241517843,10.5344447741],[76.5218353628,10.5324801624],[76.5222416937,10.5306207434],[76.5281208412,10.5278613987],[76.5291136636,10.5232447556],[76.5331923982,10.519154036],[76.5332649371,10.5154904231],[76.5298031116,10.514658586],[76.5295121316,10.5123071778],[76.5266042134,10.5121308459],[76.5276742149,10.5084426633],[76.5305506761,10.5061461601],[76.5294830389,10.5052199661],[76.5310057078,10.5051194925],[76.5299843064,10.5036722163],[76.5319197683,10.5017639187],[76.5315689593,10.4981110339],[76.5336794944,10.4973576491],[76.5365569951,10.4928990501],[76.53558067,10.4980222477],[76.5373824233,10.5000969688],[76.5348554796,10.5036275785],[76.535918003,10.5042226356],[76.5388984086,10.5007657083],[76.5372684169,10.5048852827],[76.5400934533,10.5059512501],[76.5409017566,10.5020158847],[76.5427019135,10.5021761645],[76.544845797,10.499085441],[76.5450377699,10.4967773594],[76.5429215192,10.496284974],[76.5466999561,10.4918810865],[76.5492677655,10.4932051056],[76.5505377212,10.4886423109],[76.5546593624,10.4838137576],[76.5565466429,10.4763349921],[76.5608352453,10.4738671266],[76.5720704113,10.4625564431],[76.5723699831,10.4575549155],[76.5764587498,10.4535058906],[76.5785401907,10.4440344938],[76.5837035698,10.4387081918],[76.5825756248,10.4371044447],[76.5676181078,10.4381024003],[76.5606068267,10.4367840048],[76.5585894356,10.4344383807],[76.5560416025,10.4391031316],[76.5571988219,10.4439570629],[76.5552181657,10.445419615],[76.5523173396,10.4469732289],[76.5355815786,10.4483431693],[76.5341130377,10.4545019259],[76.525257016,10.4643146822],[76.5243126942,10.4680418617],[76.5074173572,10.4755734791],[76.5054733666,10.4742103595],[76.5026357209,10.4782427024],[76.4984464795,10.4791423525],[76.4944035304,10.4775963516],[76.492730019,10.4800557932],[76.4899543998,10.4796814206],[76.4874320618,10.486459112],[76.4828496122,10.4852409339],[76.4741900368,10.4870011207],[76.4705895899,10.4970836482],[76.4673635426,10.4994045786],[76.4673349887,10.5029466695],[76.4595651828,10.5083995872],[76.4598702849,10.5113665847],[76.4504861525,10.5217581166],[76.4415038764,10.5240285718],[76.4393201932,10.5297363347],[76.4329514646,10.5347389389],[76.4319270713,10.5374322692],[76.4392037854,10.5557560446],[76.4397764596,10.5564339072]]]]}},{"type":"Feature","properties":{"code":"G09083","name":"Kodumba","type":"Grama Panchayat","leading":"LDF","seats":{"LDF":10,"UDF":4,"NDA":3,"OTHERS":0}},"geometry":{"type":"MultiPolygon","coordinates":[[[[76.6764516578,10.7242775812],[76.6764516578,10.7242775812],[76.6764516578,10.7242775812]]]]}},{"type":"Feature","properties":{"code":"G09065","name":"Koduvayur","type":"Grama Panchayat","leading":"LDF","seats":{"LDF":9,"UDF":4,"NDA":5,"OTHERS":1}},"geometry":{"type":"MultiPolygon","coordinates":[[[[76.6446954097,10.6495152717],[76.6446954097,10.6495152717],[76.6446954097,10.6495152717]]]]}},{"type":"Feature","properties":{"code":"G09064","name":"Kollengode","type":"Grama Panchayat","leading":"LDF","seats":{"LDF":12,"UDF":3,"NDA":4,"OTHERS":0}},"geometry":{"type":"MultiPolygon","coordinates":[[[[76.6884625682,10.5532984302],[76.6884625682,10.5532984302],[76.6884625682,10.5532984302]],[[76.6774989094,10.6186915451],[76.6776374731,10.6186132082],[76.6774989094,10.6186915451]]]]}},{"type":"Feature","properties":{"code":"G09045","name":"Kongad","type":"Grama Panchayat","leading":"LDF","seats":{"LDF":16,"UDF":4,"NDA":0,"OTHERS":0}},"geometry":{"type":"MultiPolygon","coordinates":[[[[76.4792350243,10.8538560994],[76.4778857069,10.8487613561],[76.4749514703,10.847845444],[76.4738082185,10.8424246877],[76.4630119042,10.8425445178],[76.4604953875,10.856786612],[76.4620147203,10.8638153279],[76.4647393849,10.8667402118],[76.4641349462,10.8684068582],[76.465658814,10.8679178243],[76.4685341884,10.870696699],[76.4715810431,10.8691717758],[76.4743606778,10.8714374087],[76.4747600947,10.8743651284],[76.4776339794,10.8733960287],[76.4780540624,10.8758539423],[76.4809890907,10.8757392988],[76.4841756597,10.8876457609],[76.5067329671,10.8866500496],[76.5080882135,10.8854293049],[76.5124818791,10.8879318522],[76.51713607,10.88631824],[76.5215944384,10.8880865104],[76.5220510516,10.890625704],[76.5201088018,10.8926993554],[76.5229725004,10.8929111408],[76.5327423486,10.8900198708],[76.5348037639,10.8846971424],[76.5395221307,10.8797248254],[76.5348581556,10.8773808282],[76.5346776895,10.8739859631],[76.5372671542,10.8714875606],[76.542698682,10.8712735724],[76.5436869192,10.8670931686],[76.5424307463,10.8654506901],[76.5357063398,10.8648454409],[76.5356538552,10.8490974987],[76.5414403757,10.8456610686],[76.5468810739,10.8461097711],[76.5473898654,10.8450294105],[76.534317614,10.8365039297],[76.5322052284,10.8279523168],[76.5185405681,10.8311602775],[76.5209933671,10.8440586445],[76.5175051955,10.8455328407],[76.5151504463,10.8489937896],[76.5034426686,10.8520598963],[76.4796323658,10.853838072],[76.4792350243,10.8538560994]]]]}},{"type":"Feature","properties":{"code":"G09008","name":"Koppam","type":"Grama Panchayat","leading":"LDF","seats":{"LDF":9,"UDF":6,"NDA":0,"OTHERS":5}},"geometry":{"type":"MultiPolygon","coordinates":[[[[76.1845341985,10.8453746231],[76.1845341985,10.8453746231],[76.1845341985,10.8453746231]]]]}},{"type":"Feature","properties":{"code":"G09034","name":"Kottoppadam","type":"Grama Panchayat","leading":"UDF","seats":{"LDF":3,"UDF":18,"NDA":0,"OTHERS":3}},"geometry":{"type":"MultiPolygon","coordinates":[[[[76.3831937599,10.9712139463],[76.3803516187,10.9722915572],[76.3813038749,10.9757301488],[76.3801012579,10.9775843581],[76.3727804881,10.977951199],[76.3629943265,10.9750111289],[76.3645381171,10.9820582654],[76.3693139557,10.9897687162],[76.3684949325,10.9927869504],[76.3709769151,10.9953783279],[76.3726332798,11.0039095916],[76.3793103923,11.0033694139],[76.3819005006,11.0092122058],[76.3801342246,11.0093473069],[76.3817950794,11.011957559],[76.3779584958,11.0127233703],[76.3770861591,11.0160180024],[76.3638345563,11.0243272154],[76.3638118405,11.0271368608],[76.3604754799,11.030149386],[76.3642668078,11.0331730543],[76.3651918166,11.0371053294],[76.3644926559,11.0426902691],[76.3617046277,11.0472321672],[76.3616606228,11.0521126883],[76.3633679403,11.0543372203],[76.3610512484,11.0589704985],[76.3616955238,11.0635381149],[76.3652904427,11.0664141216],[76.370550658,11.0648281264],[76.3723955001,11.0690860899],[76.375138519,11.0698957823],[76.3821677343,11.0769533627],[76.3870171517,11.0848344433],[76.3872599025,11.0882112821],[76.391136091,11.0876795607],[76.391805908,11.0919301401],[76.4021849245,11.0885480753],[76.4404980887,11.0866617775],[76.4295434176,11.0660112071],[76.4293055743,11.0471707163],[76.4309018048,11.0397392674],[76.4302125288,11.0377777492],[76.4278088706,11.0378484141],[76.4286268197,11.035120421],[76.4260608437,11.0293358967],[76.4231926037,11.0271398132],[76.4245809975,11.0211315733],[76.422792352,11.0169220742],[76.4236674402,11.0143192588],[76.4192016417,11.0016028227],[76.4200343696,10.996208697],[76.4169021752,10.9912164618],[76.4134736447,10.9799885077],[76.4137363341,10.972084689],[76.407082059,10.9685800915],[76.3914684268,10.9665680333],[76.3897565814,10.9625122281],[76.3840912196,10.9600679293],[76.3857966026,10.9658835927],[76.3834140336,10.9710726608],[76.3831937599,10.9712139463]]]]}},{"type":"Feature","properties":{"code":"G09050","name":"Kottayi","type":"Grama Panchayat","leading":"TIE","seats":{"LDF":6,"UDF":6,"NDA":4,"OTHERS":0}},"geometry":{"type":"MultiPolygon","coordinates":[[[[76.5381911738,10.7398305413],[76.5381911738,10.7398305413],[76.5381911738,10.7398305413]]]]}},{"type":"Feature","properties":{"code":"G09058","name":"Kozhinjampara","type":"Grama Panchayat","leading":"UDF","seats":{"LDF":4,"UDF":13,"NDA":2,"OTHERS":0}},"geometry":{"type":"MultiPolygon","coordinates":[[[[76.8368137294,10.6830068336],[76.8368137294,10.6830068336],[76.8368137294,10.6830068336]]]]}},{"type":"Feature","properties":{"code":"G09009","name":"Kulukkallur","type":"Grama Panchayat","leading":"UDF","seats":{"LDF":5,"UDF":9,"NDA":0,"OTHERS":5}},"geometry":{"type":"MultiPolygon","coordinates":[[[[76.2250413126,10.8581836827],[76.2250413126,10.8581836827],[76.2250413126,10.8581836827]]]]}},{"type":"Feature","properties":{"code":"G09035","name":"Kumaramputhur","type":"Grama Panchayat","leading":"LDF","seats":{"LDF":10,"UDF":8,"NDA":0,"OTHERS":3}},"geometry":{"type":"MultiPolygon","coordinates":[[[[76.4107010857,10.9700182688],[76.4139390453,10.9726508487],[76.4134736447,10.9799885077],[76.4169021752,10.9912164618],[76.4200343696,10.996208697],[76.4192016417,11.0016028227],[76.4219776634,11.0077314684],[76.4245814818,11.0210582626],[76.4231926037,11.0271398132],[76.4260608437,11.0293358967],[76.4286268197,11.035120421],[76.4278088706,11.0378484141],[76.4302125288,11.0377777492],[76.4309018048,11.0397392674],[76.4293055743,11.0471707163],[76.4295434176,11.0660112071],[76.4410853371,11.08665428],[76.4503916482,11.0772927151],[76.4486837137,11.0669589264],[76.4405803578,11.0600668953],[76.4397532472,11.0508820741],[76.4440512763,11.0424450377],[76.4447958137,11.0330637155],[76.4469564639,11.0310278638],[76.4480893821,11.0262328971],[76.4486754865,11.0106473399],[76.4522608511,11.0082210877],[76.4520319543,11.0032185762],[76.454900397,10.9977061883],[76.4466635726,10.9946378663],[76.4396628048,10.9973054987],[76.4362530544,10.9913856318],[76.4389485963,10.9891189409],[76.4385663299,10.9838852656],[76.4360851439,10.9793574552],[76.4425177695,10.9746106916],[76.4488204734,10.9731579868],[76.4484161588,10.9703821786],[76.4519017797,10.9646014247],[76.4489809325,10.9575526553],[76.4489450665,10.9522760818],[76.4463973993,10.9504127906],[76.4426421225,10.9516264005],[76.4368200549,10.9502065809],[76.4336697184,10.9478584349],[76.4299321768,10.9491541434],[76.4269775794,10.9526117814],[76.4204940003,10.949297519],[76.4179885442,10.9497818983],[76.4139434488,10.9653174234],[76.4103329012,10.9694635797],[76.4107010857,10.9700182688]]]]}},{"type":"Feature","properties":{"code":"G09051","name":"Kuthanur","type":"Grama Panchayat","leading":"UDF","seats":{"LDF":7,"UDF":9,"NDA":1,"OTHERS":0}},"geometry":{"type":"MultiPolygon","coordinates":[[[[76.516046681,10.6978456415],[76.5115847105,10.6986837292],[76.5117348393,10.6955184783],[76.5054626477,10.6926048204],[76.5039403956,10.6939683331],[76.5002630435,10.6936614754],[76.5003071635,10.6989454864],[76.4984203312,10.7034824959],[76.4942406482,10.7016791193],[76.4952286424,10.7080548555],[76.4918790772,10.7109555825],[76.497960491,10.7182763388],[76.4954399282,10.7211598464],[76.4984330315,10.728848922],[76.5004075079,10.7310755519],[76.5027237426,10.730107494],[76.5052946096,10.73432354],[76.5058380658,10.7373751435],[76.5043334536,10.7381491184],[76.5041575014,10.7412365295],[76.5088208103,10.7418230388],[76.5265155185,10.734041356],[76.5285435967,10.7409423489],[76.5408712564,10.7394630148],[76.5435417237,10.7361730878],[76.5496440783,10.7350398848],[76.5606945468,10.7284550619],[76.5680065954,10.7277672214],[76.5690147566,10.7207036904],[76.5679032699,10.7151844839],[76.5626065136,10.7144052701],[76.5653355507,10.7116838849],[76.5645828386,10.7044497608],[76.5606812663,10.7002724062],[76.5565626925,10.7008077197],[76.5591230257,10.6973717376],[76.5566913911,10.6968279468],[76.5574316154,10.6933918088],[76.5533084808,10.6931077128],[76.5512076409,10.6961115609],[76.5491943654,10.6903074422],[76.5443426932,10.6892981889],[76.5400535202,10.686073084],[76.5346309442,10.6852980814],[76.5301515603,10.6886270917],[76.5302424344,10.6930663008],[76.5270834985,10.6949298148],[76.5215365054,10.6936563532],[76.5183960619,10.6947174123],[76.5162875349,10.6977702298],[76.516046681,10.6978456415]],[[76.560989757,10.7207647323],[76.560989757,10.7207647323],[76.560989757,10.7207647323]]]]}},{"type":"Feature","properties":{"code":"G09052","name":"Kuzhalmannam","type":"Grama Panchayat","leading":"LDF","seats":{"LDF":11,"UDF":7,"NDA":0,"OTHERS":0}},"geometry":{"type":"MultiPolygon","coordinates":[[[[76.5977986327,10.6854758893],[76.5839271647,10.6821325418],[76.5837367715,10.6793703809],[76.5802128279,10.6792250207],[76.5785044103,10.6771638294],[76.57813687,10.6796172837],[76.5757364211,10.6812073515],[76.5741633797,10.6794621078],[76.5695810037,10.6810040028],[76.5694885289,10.686166335],[76.5651460048,10.6872939602],[76.5648841676,10.6856441866],[76.5617395115,10.6853956972],[76.5593086739,10.6876669229],[76.5549578264,10.686395025],[76.551202689,10.6889626471],[76.5498946103,10.6919740317],[76.5512076409,10.6961115609],[76.5533084808,10.6931077128],[76.5574316154,10.6933918088],[76.5566913911,10.6968279468],[76.5591230257,10.6973717376],[76.5565626925,10.7008077197],[76.5606812663,10.7002724062],[76.5646872712,10.704638084],[76.5653355507,10.7116838849],[76.5626065136,10.7144052701],[76.5679032699,10.7151844839],[76.5690147566,10.7207036904],[76.5678989261,10.7270286913],[76.5722659384,10.7254283067],[76.5739253813,10.7223618048],[76.577343384,10.7215345991],[76.5900810062,10.7258023627],[76.595523711,10.7241022843],[76.6005709817,10.733674907],[76.6008708172,10.7424123706],[76.6053484839,10.7458438528],[76.6090815048,10.7439281441],[76.6154965137,10.7367557856],[76.6153403315,10.7322298339],[76.6188398293,10.7278803294],[76.6176264577,10.7206373901],[76.6203006035,10.7195551422],[76.6170422643,10.7160265506],[76.620727897,10.7131121826],[76.6182531104,10.7104084871],[76.6182189822,10.7033715724],[76.6196010258,10.700959994],[76.6146311562,10.7017227583],[76.6147093552,10.6951273954],[76.6112799781,10.6918934862],[76.6117232574,10.6867871688],[76.6093172012,10.6823823356],[76.5979485954,10.6855824145],[76.5977986327,10.6854758893]]]]}},{"type":"Feature","properties":{"code":"G09019","name":"Lekkidi-Perur","type":"Grama Panchayat","leading":"LDF","seats":{"LDF":13,"UDF":2,"NDA":3,"OTHERS":3}},"geometry":{"type":"MultiPolygon","coordinates":[[[[76.4160592514,10.7495666235],[76.4184785683,10.750274302],[76.4185682278,10.7520305385],[76.41524878,10.7537497312],[76.4194032248,10.7546751539],[76.4201305804,10.76352734],[76.4242903729,10.7634456388],[76.4232047605,10.7677828916],[76.4275026307,10.7743567029],[76.4239812804,10.775969448],[76.4240162933,10.7813220297],[76.4128091894,10.7807173003],[76.4139591346,10.7913828294],[76.4124663561,10.7919287477],[76.4126312318,10.7992184892],[76.4145474972,10.8016265801],[76.4208874319,10.8029597578],[76.4260902579,10.8015389434],[76.4269722611,10.8029287604],[76.4347375026,10.8019758458],[76.4352040055,10.8043312756],[76.4392836208,10.8075487879],[76.4393453446,10.8122915349],[76.4465189301,10.8061326639],[76.4407260173,10.7963773242],[76.4414933889,10.7926811454],[76.4493093841,10.7937283818],[76.4491866425,10.7878200771],[76.4536734571,10.7874500608],[76.4543157438,10.7829383197],[76.4557808447,10.7809467379],[76.4601728102,10.7799638561],[76.4604628844,10.7779022464],[76.4778659113,10.7798247099],[76.4828885671,10.7683971391],[76.4886977456,10.7637518304],[76.4766154862,10.749534008],[76.4739624199,10.7489198493],[76.4672991161,10.7527688194],[76.4440898732,10.7497124003],[76.4296616022,10.7508709732],[76.4162697029,10.7493693245],[76.4160592514,10.7495666235]]]]}},{"type":"Feature","properties":{"code":"G09079","name":"Malampuzha","type":"Grama Panchayat","leading":"LDF","seats":{"LDF":6,"UDF":3,"NDA":5,"OTHERS":0}},"geometry":{"type":"MultiPolygon","coordinates":[[[[76.6583245353,10.8038967307],[76.6595019663,10.8253207995],[76.6617461931,10.8297115781],[76.6608822744,10.8322545536],[76.653025189,10.8356976872],[76.6548435157,10.8390867285],[76.6474033893,10.8557741142],[76.6364724055,10.8620120244],[76.6092458674,10.8697482152],[76.6088072169,10.8731003302],[76.6117030707,10.8793734972],[76.6154790368,10.9005618848],[76.6182045463,10.9013703592],[76.6176935133,10.9050502839],[76.6217098283,10.9172729908],[76.6211224232,10.9218577391],[76.6260435545,10.9344283274],[76.6315231457,10.9408739029],[76.6367942477,10.9369218336],[76.6466416335,10.9352961359],[76.6568081637,10.9377604783],[76.6591793646,10.9304298351],[76.6620520713,10.9296661273],[76.6766919486,10.9180547839],[76.6953468175,10.9102249902],[76.7085885139,10.9100075758],[76.7126754518,10.9067571564],[76.7149100243,10.9086148261],[76.7178362978,10.905462838],[76.7385599461,10.8951851258],[76.7413392027,10.8866590144],[76.7543508314,10.8888326377],[76.7600296871,10.8811398586],[76.7685335234,10.8738420622],[76.7808023113,10.8710940627],[76.7855424974,10.8619392329],[76.7852712785,10.8589185777],[76.783645344,10.8579499792],[76.7848561819,10.8554612617],[76.7800944619,10.851087029],[76.775792266,10.8439272389],[76.7622186472,10.8424047501],[76.7522107377,10.8371199732],[76.7484361733,10.8303263181],[76.7479538881,10.8261867543],[76.740241151,10.8199154896],[76.7260127537,10.8205671401],[76.7233147884,10.8157610756],[76.7195496386,10.8163297434],[76.7203741931,10.8131893853],[76.7164426211,10.8051118198],[76.7117893365,10.8051285528],[76.7089080409,10.8022110934],[76.7018242483,10.8026945867],[76.6988095504,10.8054443447],[76.6976325205,10.8107020372],[76.6945404385,10.812944553],[76.6909338281,10.8082204412],[76.6859153686,10.8080346565],[76.6817359888,10.8055161209],[76.6721151789,10.8037422682],[76.6673901846,10.8084633717],[76.6586124472,10.8040875468],[76.6583245353,10.8038967307]]]]}},{"type":"Feature","properties":{"code":"G09048","name":"Mankara","type":"Grama Panchayat","leading":"LDF","seats":{"LDF":11,"UDF":2,"NDA":2,"OTHERS":0}},"geometry":{"type":"MultiPolygon","coordinates":[[[[76.4898724482,10.7645705769],[76.4886977456,10.7637518304],[76.4839393788,10.7671396398],[76.47655769,10.7804806437],[76.4799542547,10.7828747508],[76.4908646978,10.7838059636],[76.4981878016,10.7879035699],[76.500001268,10.7902086899],[76.4963382865,10.7968484881],[76.4969489282,10.805668855],[76.4949565037,10.8105786556],[76.4996004133,10.8083856516],[76.5013190516,10.8107837721],[76.5036839856,10.8104740809],[76.5075256016,10.8144772851],[76.5107178817,10.8152720698],[76.5109332034,10.8168671428],[76.5150468798,10.8191619059],[76.5134737548,10.8227666271],[76.5185405681,10.8311602775],[76.5353647388,10.8274788897],[76.5332739867,10.822931964],[76.534580993,10.8192389417],[76.5287264187,10.8160577528],[76.52879758,10.8093562095],[76.5267102958,10.8090912227],[76.5285454853,10.8056050353],[76.5281249254,10.8013543412],[76.5248667778,10.7978452163],[76.5262962179,10.7920125654],[76.5281892167,10.7924826899],[76.5280057231,10.789310953],[76.5139737522,10.7804529405],[76.5098796248,10.7714928584],[76.4995428713,10.7702519991],[76.4902899535,10.7647744748],[76.4898724482,10.7645705769]]]]}},{"type":"Feature","properties":{"code":"G09047","name":"Mannur","type":"Grama Panchayat","leading":"LDF","seats":{"LDF":7,"UDF":3,"NDA":2,"OTHERS":3}},"geometry":{"type":"MultiPolygon","coordinates":[[[[76.4799542547,10.7828747508],[76.4799542547,10.7828747508],[76.4799542547,10.7828747508]],[[76.460205687,10.8042334874],[76.460205687,10.8042334874],[76.460205687,10.8042334874]]]]}},{"type":"Feature","properties":{"code":"G09080","name":"Marutha Road","type":"Grama Panchayat","leading":"UDF","seats":{"LDF":8,"UDF":12,"NDA":1,"OTHERS":0}},"geometry":{"type":"MultiPolygon","coordinates":[[[[76.6750286184,10.7642935584],[76.6713175799,10.7636041049],[76.6737293789,10.77267057],[76.6689036452,10.7741635302],[76.6689022659,10.7814726205],[76.6737293265,10.786959418],[76.67631457,10.7965671619],[76.6805906062,10.7999974758],[76.6731306183,10.7994113877],[76.6688929795,10.8018587911],[76.6701731955,10.8047919494],[76.6743590042,10.8039216163],[76.6859153686,10.8080346565],[76.6909338281,10.8082204412],[76.6945404385,10.812944553],[76.6979404478,10.8102659806],[76.6999917893,10.8037419819],[76.7029815942,10.8023716898],[76.7054864925,10.8032685625],[76.7046716725,10.7935320579],[76.6992708968,10.785538286],[76.699154,10.78236922],[76.702840927,10.781809841],[76.7033935679,10.7774882372],[76.7020225256,10.776160425],[76.7057582693,10.7759173709],[76.7054992174,10.7713560708],[76.713029656,10.7670104658],[76.711570348,10.7639019818],[76.7134224874,10.7591645697],[76.7009300229,10.7609439751],[76.68857368,10.77317492],[76.6848315722,10.7734800815],[76.6820182411,10.7697229495],[76.6827838989,10.7662103069],[76.6753621095,10.7646527752],[76.6750286184,10.7642935584]],[[76.6736174903,10.7733806414],[76.6735996092,10.7734974589],[76.6736174903,10.7733806414]]]]}},{"type":"Feature","properties":{"code":"G09053","name":"Mathur","type":"Grama Panchayat","leading":"TIE","seats":{"LDF":8,"UDF":8,"NDA":2,"OTHERS":0}},"geometry":{"type":"MultiPolygon","coordinates":[[[[76.5719293541,10.7254354256],[76.5719293541,10.7254354256],[76.5719293541,10.7254354256]]]]}},{"type":"Feature","properties":{"code":"G09075","name":"Melarcode","type":"Grama Panchayat","leading":"LDF","seats":{"LDF":9,"UDF":7,"NDA":1,"OTHERS":1}},"geometry":{"type":"MultiPolygon","coordinates":[[[[76.5614534106,10.5858439857],[76.5624500278,10.5816405586],[76.5588346801,10.5811249778],[76.5592511656,10.5776415726],[76.5553048635,10.5757328508],[76.5476941584,10.5778278895],[76.5440939613,10.5821765734],[76.5438343126,10.587742472],[76.5405831935,10.5906204257],[76.5360031561,10.5917115799],[76.5368632801,10.5981002398],[76.534556579,10.6004001327],[76.5345643559,10.6083542323],[76.5302394875,10.6102289473],[76.5302370414,10.6149559271],[76.5418903624,10.6140111937],[76.5416560864,10.6172727719],[76.5432085057,10.6188712619],[76.5490020526,10.6199837301],[76.5562964004,10.6183283946],[76.5616389978,10.6129624035],[76.5633537825,10.6143325408],[76.569321552,10.6103798468],[76.5739022948,10.6227251895],[76.5776393951,10.6229966352],[76.5816856572,10.6263946528],[76.5871427325,10.6247104606],[76.5999987163,10.6243317084],[76.6009415649,10.6191117961],[76.6045354428,10.6182912653],[76.609917309,10.612805651],[76.6102801537,10.60611368],[76.6025454639,10.6050156866],[76.5975696146,10.6004626513],[76.5929508612,10.6005372341],[76.5854818919,10.597488215],[76.5833409347,10.5960782003],[76.5841666873,10.5943725136],[76.582879925,10.5927333652],[76.5783942375,10.5912326786],[76.5777213112,10.5886853186],[76.5705060298,10.5933788697],[76.5691426926,10.5890492997],[76.5650618,10.5895886177],[76.5614116022,10.5859983773],[76.5614534106,10.5858439857]]]]}},{"type":"Feature","properties":{"code":"G09044","name":"Mundur","type":"Grama Panchayat","leading":"LDF","seats":{"LDF":16,"UDF":2,"NDA":2,"OTHERS":0}},"geometry":{"type":"MultiPolygon","coordinates":[[[[76.5723266995,10.8228234368],[76.5723266995,10.8228234368],[76.5723266995,10.8228234368]],[[76.562225143,10.8376453249],[76.562225143,10.8376453249],[76.562225143,10.8376453249]]]]}},{"type":"Feature","properties":{"code":"G09066","name":"Muthalamada","type":"Grama Panchayat","leading":"LDF","seats":{"LDF":14,"UDF":2,"NDA":5,"OTHERS":1}},"geometry":{"type":"MultiPolygon","coordinates":[[[[76.6755158872,10.3710329931],[76.6762695371,10.3751907496],[76.6788953096,10.3752937171],[76.6782956445,10.3805812052],[76.683003091,10.3841655502],[76.6835967687,10.3898750347],[76.688001442,10.3940199432],[76.6893062554,10.4014768806],[76.6956446965,10.4036198741],[76.6992728158,10.4020439576],[76.7018816377,10.4067786862],[76.7012480423,10.4153711993],[76.7060395594,10.4188002491],[76.7179683516,10.4337123498],[76.7274040158,10.4412202662],[76.7348760318,10.4501327175],[76.7391738137,10.458619449],[76.7384829421,10.4622643563],[76.7347623047,10.4609228682],[76.7302697272,10.4619071439],[76.7263411062,10.4748734648],[76.7361628401,10.484597033],[76.7383027912,10.4907954227],[76.7426280487,10.4955775141],[76.7463767282,10.5031935268],[76.7469791315,10.5076991362],[76.7506093843,10.5091153068],[76.7502049662,10.5152341647],[76.7564807761,10.5215832242],[76.7600915856,10.5286128281],[76.7690771891,10.5537616585],[76.7694253902,10.558048455],[76.7580357446,10.5580743856],[76.7496833995,10.5604172394],[76.7413544494,10.5581455494],[76.7305845408,10.5598433582],[76.7264550898,10.5581139266],[76.720721758,10.5642758347],[76.7201887562,10.5722264478],[76.7237373429,10.5714887853],[76.7248431572,10.5735892092],[76.7283766226,10.573715548],[76.7282617882,10.5818197074],[76.7256309701,10.5834258104],[76.7275380107,10.5865334799],[76.7260874397,10.5932695984],[76.7313944732,10.5942927504],[76.73003271,10.5970343927],[76.7313967304,10.600685609],[76.7270318721,10.6052410024],[76.7269817545,10.6066665244],[76.7292062773,10.6067188262],[76.7287857089,10.6083031089],[76.73094865,10.6094013833],[76.7280060863,10.6113981114],[76.7264688406,10.6216760235],[76.7279318502,10.6235448884],[76.7267701201,10.6265596226],[76.7317459107,10.6286122423],[76.7291396705,10.6299354977],[76.7295865172,10.6354967934],[76.7438173217,10.6362148506],[76.7492275232,10.6338468895],[76.7557365398,10.6343045858],[76.7669232302,10.6287233698],[76.7744354118,10.6299896255],[76.784651675,10.6285834425],[76.789672181,10.6320576579],[76.7936703558,10.6381700299],[76.8081535882,10.6389954128],[76.8086382138,10.6370722413],[76.8143371247,10.6362072096],[76.8145638188,10.6291980104],[76.8112993258,10.6222573443],[76.8125504436,10.6191680163],[76.8169141192,10.6168741479],[76.8161799004,10.6148492078],[76.8189166559,10.6117304285],[76.8154360572,10.6079198597],[76.8173774209,10.602964749],[76.8260654529,10.5968285804],[76.8318992213,10.5994961679],[76.8380513822,10.5976352965],[76.8387731997,10.5953261069],[76.8383988046,10.5892752147],[76.8365699775,10.5860045033],[76.8377758659,10.5812685586],[76.8333666876,10.5753547717],[76.8348687975,10.568538019],[76.8384768052,10.5650313332],[76.8394305017,10.5614013987],[76.8358427027,10.5573433256],[76.8352897315,10.5450249362],[76.8421637891,10.5404712089],[76.8432646765,10.5375066123],[76.8311061816,10.4999611347],[76.8280380343,10.4495625216],[76.8160809777,10.4235085696],[76.8230318403,10.416858969],[76.8221210757,10.4144009801],[76.8253765015,10.4097261506],[76.827042703,10.4114562966],[76.8300594151,10.4113623879],[76.8329296416,10.4070241008],[76.8320100348,10.4056245005],[76.8337307829,10.4034091037],[76.8235854498,10.3948859506],[76.8308696876,10.3896731453],[76.8337458844,10.3831498622],[76.8382213434,10.3821159921],[76.8443713409,10.3775655131],[76.8441850561,10.374599201],[76.8487258206,10.3683271463],[76.8451057625,10.3622530871],[76.8452921535,10.3563065746],[76.8418832111,10.3541885713],[76.8415685803,10.3505649153],[76.8362370544,10.3458856195],[76.8364141807,10.3396436977],[76.8379622801,10.3369573368],[76.8353489951,10.3329592876],[76.8222700971,10.3375149136],[76.8157422058,10.3456196438],[76.8091845582,10.3418057603],[76.7974833376,10.3404227774],[76.773005777,10.3524629509],[76.7551561965,10.3573659244],[76.7535052421,10.3590721632],[76.7389424129,10.3572835079],[76.7346254856,10.3588164479],[76.7291889852,10.363946854],[76.7160830357,10.3623608772],[76.7059147176,10.3621316956],[76.7038245503,10.3638932552],[76.6920932006,10.3629734122],[76.6861918496,10.3645447885],[76.6834578342,10.3689917109],[76.6814440826,10.3673030301],[76.6756515913,10.3709029536],[76.6755158872,10.3710329931]]]]}},{"type":"Feature","properties":{"code":"G09010","name":"Muthuthala","type":"Grama Panchayat","leading":"UDF","seats":{"LDF":7,"UDF":9,"NDA":0,"OTHERS":1}},"geometry":{"type":"MultiPolygon","coordinates":[[[[76.1563322757,10.7985313653],[76.1563322757,10.7985313653],[76.1563322757,10.7985313653]],[[76.1435679508,10.825893528],[76.1435679508,10.825893528],[76.1435679508,10.825893528]]]]}},{"type":"Feature","properties":{"code":"G09004","name":"Nagalassery","type":"Grama Panchayat","leading":"LDF","seats":{"LDF":16,"UDF":3,"NDA":0,"OTHERS":0}},"geometry":{"type":"MultiPolygon","coordinates":[[[[76.1048823843,10.7221916116],[76.1058666291,10.7280112045],[76.103255258,10.7354342052],[76.1047111454,10.734688857],[76.1093273381,10.7367831487],[76.1086065248,10.7381615466],[76.1051638293,10.7383273442],[76.1047363712,10.7415320296],[76.1075201217,10.7413027683],[76.1104887802,10.746195822],[76.1133818943,10.7468785008],[76.1188364436,10.7637392232],[76.1228017379,10.7677091922],[76.1252302472,10.7674584648],[76.1283802519,10.7726249614],[76.1374734062,10.775656097],[76.1396256863,10.7788822254],[76.148079936,10.7774877719],[76.1506007912,10.7781610121],[76.1513024473,10.7828362967],[76.1566317965,10.7829201351],[76.1563840408,10.7759760531],[76.1590356742,10.773238247],[76.1557965061,10.771782833],[76.1585316929,10.7690269499],[76.1584525856,10.7671256496],[76.1614779982,10.7658368722],[76.1579647067,10.7595335745],[76.1597282173,10.7504878911],[76.1552464027,10.7495546276],[76.1542103494,10.7470011991],[76.1500779682,10.7457210177],[76.1398395466,10.7456963483],[76.1377822513,10.737572363],[76.1393765876,10.7354865395],[76.1405414558,10.7238378926],[76.1391298559,10.719231349],[76.1357675737,10.7192984761],[76.1328063106,10.7220408399],[76.1302515421,10.7162842389],[76.1228846503,10.71051991],[76.1153069817,10.7153854804],[76.1048823843,10.7221916116]]]]}},{"type":"Feature","properties":{"code":"G09059","name":"Nalleppilly","type":"Grama Panchayat","leading":"LDF","seats":{"LDF":16,"UDF":2,"NDA":3,"OTHERS":0}},"geometry":{"type":"MultiPolygon","coordinates":[[[[76.7680509283,10.6874399234],[76.7680509283,10.6874399234],[76.7680509283,10.6874399234]],[[76.81536918,10.6975962259],[76.81536918,10.6975962259],[76.81536918,10.6975962259]],[[76.81544428865897,10.69703102329082],[76.81544428865897,10.69703102329082],[76.81544428865897,10.69703102329082]],[[76.81554768159305,10.696252977764328],[76.81554768159305,10.696252977764328],[76.81554768159305,10.696252977764328]]]]}},{"type":"Feature","properties":{"code":"G09023","name":"Nellaya","type":"Grama Panchayat","leading":"UDF","seats":{"LDF":8,"UDF":10,"NDA":0,"OTHERS":4}},"geometry":{"type":"MultiPolygon","coordinates":[[[[76.2522842472,10.8484468953],[76.2510189422,10.8568923287],[76.2528857075,10.863328425],[76.2511417706,10.8668683285],[76.2539204045,10.8717653965],[76.2584668681,10.8702618866],[76.264883404,10.8724226318],[76.2628106482,10.8746331349],[76.2595309695,10.8746441759],[76.2596378348,10.8778304856],[76.2536343033,10.8863193824],[76.2575259446,10.8950396723],[76.2630829741,10.9022514693],[76.2684684457,10.9153295611],[76.2727608508,10.9102490466],[76.2719032367,10.9070294808],[76.2741330352,10.9033054671],[76.2773425702,10.9028415401],[76.2779937838,10.8967428481],[76.2829244061,10.8948131546],[76.2852418356,10.8912261963],[76.291276326,10.8896179682],[76.2882630182,10.8849985014],[76.2910779725,10.8781101969],[76.3038144992,10.8648585723],[76.3056475594,10.8609856123],[76.3054610536,10.8565698836],[76.308412392,10.855959934],[76.3028587601,10.853406234],[76.2982960791,10.853238182],[76.3001239428,10.8491822217],[76.2979430905,10.8458075886],[76.2889642709,10.8471850209],[76.2874759198,10.8457589063],[76.2799431118,10.8484223981],[76.2651680304,10.8393094924],[76.2615686506,10.8464428859],[76.2532433047,10.8486532919],[76.2522842472,10.8484468953]]]]}},{"type":"Feature","properties":{"code":"G09072","name":"Nelliyampathy","type":"Grama Panchayat","leading":"LDF","seats":{"LDF":9,"UDF":2,"NDA":1,"OTHERS":2}},"geometry":{"type":"MultiPolygon","coordinates":[[[[76.5845536657,10.4474560204],[76.5866468223,10.4522884781],[76.5942323102,10.4596791884],[76.5936275823,10.4627003521],[76.5993485144,10.4685340114],[76.5990498557,10.4713731316],[76.6011344868,10.4725186844],[76.592956715,10.4798574202],[76.5939117246,10.4817808638],[76.5890266426,10.4943540613],[76.5775270345,10.5007424734],[76.5752653697,10.5066354876],[76.5833663251,10.5063749462],[76.5837289184,10.5125247722],[76.5929541304,10.5183554242],[76.5987634513,10.5184190899],[76.6007291873,10.5223857007],[76.6037996161,10.5213705177],[76.6049299881,10.5231581966],[76.6080882387,10.5214529919],[76.6086537231,10.5240267927],[76.6033285881,10.5286663179],[76.6027135341,10.5332014451],[76.5988797401,10.5334688039],[76.5954545347,10.5364522408],[76.5925888707,10.5352639731],[76.5930515467,10.5382757461],[76.5979336547,10.5413823167],[76.5993574564,10.5449025819],[76.6053290762,10.5458419531],[76.6040930958,10.54146619],[76.6081245471,10.5389547458],[76.6213959793,10.5392740116],[76.6264679228,10.5331007241],[76.6300643404,10.5377052478],[76.6332363536,10.5365729606],[76.6338113491,10.5388747997],[76.6362630395,10.53987298],[76.6401961943,10.5368625189],[76.6401199784,10.5409711116],[76.6414956445,10.5415793568],[76.6402002551,10.5434757209],[76.6459580737,10.5488983251],[76.632142021,10.5562231104],[76.6330603228,10.5607413647],[76.6262721621,10.5623051067],[76.6306500345,10.5635757961],[76.6307255785,10.5734253209],[76.6359041508,10.5765522376],[76.6368489794,10.5709150681],[76.6442966737,10.5624170686],[76.6512400798,10.5583013562],[76.6556543172,10.5589773317],[76.6628464499,10.5502184588],[76.6679970148,10.5490845498],[76.6716933615,10.5487633128],[76.6741345985,10.5535709276],[76.6902821136,10.553353516],[76.6894954765,10.5504966563],[76.6912998599,10.5504770353],[76.6884672525,10.5465969309],[76.6905378454,10.5468550351],[76.6963538651,10.552351034],[76.7068056481,10.5511885305],[76.7097334856,10.5556252388],[76.7163041275,10.5557328058],[76.716772503,10.5570512637],[76.7305845408,10.5598433582],[76.7364078946,10.558038017],[76.7496833995,10.5604172394],[76.7580357446,10.5580743856],[76.7694253902,10.558048455],[76.7633499027,10.5358558799],[76.7568112864,10.5220315659],[76.7502049662,10.5152341647],[76.7506093843,10.5091153068],[76.7469791315,10.5076991362],[76.7463767282,10.5031935268],[76.7426280487,10.4955775141],[76.7383027912,10.4907954227],[76.7361628401,10.484597033],[76.7263411062,10.4748734648],[76.7302697272,10.4619071439],[76.7347623047,10.4609228682],[76.7384829421,10.4622643563],[76.7391738137,10.458619449],[76.7348760318,10.4501327175],[76.7274040158,10.4412202662],[76.7179683516,10.4337123498],[76.7060395594,10.4188002491],[76.7012480423,10.4153711993],[76.7018816377,10.4067786862],[76.6992728158,10.4020439576],[76.6956446965,10.4036198741],[76.6893062554,10.4014768806],[76.688001442,10.3940199432],[76.6835967687,10.3898750347],[76.683003091,10.3841655502],[76.6782956445,10.3805812052],[76.6788953096,10.3752937171],[76.6762695371,10.3751907496],[76.6755158872,10.3710329931],[76.6692855459,10.3753620386],[76.6660753863,10.3836953764],[76.6635714324,10.3840515729],[76.6615159055,10.3867293038],[76.6574181759,10.3848714681],[76.658906634,10.3802850732],[76.6548079099,10.3772516592],[76.6522580813,10.3819234868],[76.6454092931,10.3843662293],[76.6414402033,10.3830790213],[76.6416923355,10.3813251635],[76.6363041385,10.3814790404],[76.6318073368,10.3773111146],[76.62972239,10.3775347755],[76.631354751,10.381433284],[76.6287593606,10.3838146587],[76.6238463243,10.3794174605],[76.6207111818,10.3831202591],[76.618420372,10.3918988646],[76.6168232742,10.3902701678],[76.6101167559,10.3998510709],[76.6072656308,10.4007193893],[76.6079557061,10.4047212153],[76.6038820369,10.4082894512],[76.6054561056,10.4111244681],[76.601939427,10.4189265073],[76.5959686068,10.4217595852],[76.5957565506,10.4254456236],[76.5911623093,10.432560721],[76.5845995078,10.4380462479],[76.5808794844,10.4444866287],[76.5844312191,10.4471548812],[76.5845536657,10.4474560204]]]]}},{"type":"Feature","properties":{"code":"G09076","name":"Nemmara","type":"Grama Panchayat","leading":"UDF","seats":{"LDF":5,"UDF":13,"NDA":3,"OTHERS":1}},"geometry":{"type":"MultiPolygon","coordinates":[[[[76.605010131,10.5459215502],[76.605010131,10.5459215502],[76.605010131,10.5459215502]]]]}},{"type":"Feature","properties":{"code":"G09011","name":"Ongallur","type":"Grama Panchayat","leading":"LDF","seats":{"LDF":10,"UDF":8,"NDA":0,"OTHERS":6}},"geometry":{"type":"MultiPolygon","coordinates":[[[[76.1993797741,10.7829947183],[76.203922683,10.787542076],[76.2020099506,10.7954112154],[76.2031767843,10.8008161786],[76.2008236302,10.8063016002],[76.2042274913,10.812924719],[76.2005204531,10.8265531955],[76.20132856,10.8280281205],[76.1988932528,10.8274460877],[76.1969761614,10.8306291035],[76.2068976451,10.8384147579],[76.2121428921,10.8395157708],[76.2172069206,10.8371809212],[76.2256338542,10.8362826094],[76.2265761438,10.8322674263],[76.2294186254,10.8304203337],[76.226089559,10.8284869031],[76.2252267982,10.8246707515],[76.2331689042,10.8221467244],[76.2330072972,10.8194716237],[76.2358771183,10.8181725927],[76.237954835,10.8131578664],[76.2397597395,10.8128551613],[76.2408410629,10.8148930583],[76.2416609816,10.8134628744],[76.2465693418,10.8131365222],[76.2496702336,10.8079449164],[76.2482720004,10.8026301357],[76.2506892689,10.8026012617],[76.2530015145,10.7986026116],[76.2558860259,10.7976145759],[76.2559997504,10.7948504605],[76.2598194,10.7912996655],[76.2590304113,10.7888036403],[76.2628202969,10.7851996372],[76.2621316548,10.7797361274],[76.2517492703,10.7786145162],[76.2502039092,10.7798910179],[76.2473670502,10.7753480886],[76.2435371115,10.7763844272],[76.2427724887,10.7734180194],[76.2367328139,10.7742708611],[76.2317653537,10.7725431178],[76.2290599144,10.7736499446],[76.2236912155,10.7806141254],[76.2182078214,10.781175813],[76.212935921,10.7785624517],[76.2056337274,10.7783234748],[76.1991808496,10.7822315021],[76.1993797741,10.7829947183]]]]}},{"type":"Feature","properties":{"code":"G09074","name":"Pallassana","type":"Grama Panchayat","leading":"LDF","seats":{"LDF":11,"UDF":4,"NDA":2,"OTHERS":0}},"geometry":{"type":"MultiPolygon","coordinates":[[[[76.6462737912,10.6121505114],[76.6462737912,10.6121505114],[76.6462737912,10.6121505114]]]]}},{"type":"Feature","properties":{"code":"G09049","name":"Parli","type":"Grama Panchayat","leading":"TIE","seats":{"LDF":8,"UDF":5,"NDA":8,"OTHERS":0}},"geometry":{"type":"MultiPolygon","coordinates":[[[[76.5650611924,10.7836897985],[76.5625871856,10.7789105561],[76.5551458685,10.7801892556],[76.5497036289,10.7788299944],[76.5477824968,10.7797052815],[76.5481099043,10.784808292],[76.5444211576,10.7884655501],[76.5417402919,10.7891942798],[76.5376499855,10.7873928439],[76.5280057231,10.789310953],[76.5281892167,10.7924826899],[76.5262962179,10.7920125654],[76.5248667778,10.7978452163],[76.5281249254,10.8013543412],[76.5285454853,10.8056050353],[76.5267102958,10.8090912227],[76.52879758,10.8093562095],[76.5287264187,10.8160577528],[76.534580993,10.8192389417],[76.5332739867,10.822931964],[76.535160145,10.8277842057],[76.5463530558,10.8243329828],[76.5525770262,10.8276836851],[76.5649739727,10.8265476834],[76.5699377855,10.8251444322],[76.5742058347,10.821372985],[76.5799921679,10.8221833627],[76.5875938727,10.8208178173],[76.5854086697,10.8155801339],[76.5882553132,10.812495867],[76.5867915842,10.8119601984],[76.5859473004,10.8064151959],[76.5864329391,10.8033534669],[76.5913658698,10.7996380013],[76.5898928057,10.7879831807],[76.5858337928,10.7878545005],[76.5824974664,10.780320996],[76.5756455048,10.7778597383],[76.5653191881,10.7840484481],[76.5650611924,10.7836897985]]]]}},{"type":"Feature","properties":{"code":"G09070","name":"Pattanchery","type":"Grama Panchayat","leading":"UDF","seats":{"LDF":8,"UDF":9,"NDA":1,"OTHERS":0}},"geometry":{"type":"MultiPolygon","coordinates":[[[[76.7311604514,10.6356262322],[76.7311604514,10.6356262322],[76.7311604514,10.6356262322]]]]}},{"type":"Feature","properties":{"code":"G09005","name":"Pattithara","type":"Grama Panchayat","leading":"UDF","seats":{"LDF":8,"UDF":13,"NDA":0,"OTHERS":0}},"geometry":{"type":"MultiPolygon","coordinates":[[[[76.0823963528,10.7739822107],[76.0728668183,10.7730464547],[76.0730972872,10.778224269],[76.0694991699,10.7787568845],[76.0672219585,10.7840156474],[76.0627467819,10.7871723646],[76.0680180437,10.7880498181],[76.0696060222,10.7903986146],[76.0732755935,10.7911552225],[76.0705150107,10.7982106178],[76.0710688022,10.8120164447],[76.0746015758,10.8152325866],[76.0756802415,10.8130872963],[76.0819612477,10.8146875586],[76.0874757999,10.8117337014],[76.0892998696,10.8144801918],[76.0884520725,10.8182200409],[76.0897495761,10.8189569359],[76.0881388045,10.8222415509],[76.0918238331,10.8260996718],[76.0924309532,10.8238842287],[76.1032706552,10.8138128978],[76.112062871,10.8102106292],[76.1117651696,10.8058156782],[76.109680732,10.8046773185],[76.1109253813,10.8039147158],[76.1109348955,10.7985568861],[76.1164037956,10.7987986535],[76.1162687238,10.7934396745],[76.1188158415,10.7921099428],[76.1163702342,10.7867362949],[76.1175428128,10.7847046428],[76.1164998934,10.7714845433],[76.1215468494,10.7709766271],[76.1230560449,10.7677671649],[76.1148269181,10.7566792479],[76.1030220163,10.7576721197],[76.1027350276,10.7612429098],[76.0892998659,10.7671901554],[76.0883129141,10.7714643577],[76.0897210073,10.7717866923],[76.0897429453,10.7738989235],[76.0827973686,10.7740647693],[76.0823963528,10.7739822107]],[[76.0693534733,10.7798047367],[76.0695107714,10.7798518063],[76.0693534733,10.7798047367]]]]}},{"type":"Feature","properties":{"code":"G09054","name":"Peringottukurissi","type":"Grama Panchayat","leading":"UDF","seats":{"LDF":5,"UDF":7,"NDA":2,"OTHERS":4}},"geometry":{"type":"MultiPolygon","coordinates":[[[[76.4949462687,10.715629643],[76.4949462687,10.715629643],[76.4949462687,10.715629643]]]]}},{"type":"Feature","properties":{"code":"G09060","name":"Perumatty","type":"Grama Panchayat","leading":"LDF","seats":{"LDF":17,"UDF":3,"NDA":0,"OTHERS":0}},"geometry":{"type":"MultiPolygon","coordinates":[[[[76.7751612524,10.6451258091],[76.767631244,10.6458003161],[76.7612048083,10.6504705657],[76.7495871469,10.6517111536],[76.7409134505,10.6600188225],[76.7327361907,10.6633113703],[76.7225140088,10.6739325997],[76.7296262927,10.6833502528],[76.7377504483,10.6864774381],[76.7427346549,10.6914216386],[76.7512476235,10.6883829472],[76.754935362,10.6830978873],[76.7578885377,10.6820405532],[76.7760823646,10.6923288135],[76.7801279548,10.6927889577],[76.7957039703,10.6857061857],[76.7973377085,10.6774311483],[76.8086962014,10.6762095876],[76.8147542043,10.6665785567],[76.823263532,10.6703240685],[76.8246914754,10.6649489974],[76.8265972505,10.6634592545],[76.8322582966,10.6684098472],[76.8549412839,10.6687982458],[76.8591712932,10.6746120351],[76.8617730847,10.6752288079],[76.8649129743,10.6731337435],[76.8659515241,10.6638567241],[76.8695002671,10.6601087678],[76.8752903794,10.6709271988],[76.8783534846,10.6716102354],[76.8785035031,10.6654594496],[76.8813299932,10.6621980227],[76.8811760268,10.6561695505],[76.8831411145,10.6531468505],[76.8827604978,10.6403783563],[76.8728627334,10.6382288156],[76.8681980245,10.6335076163],[76.8579175451,10.6327244566],[76.8513844483,10.6358710214],[76.8388519609,10.6350499715],[76.8283333686,10.6386282981],[76.8224303024,10.6443261979],[76.7970087227,10.6498718606],[76.7868065228,10.6501344893],[76.7791318371,10.6448709514],[76.7756215988,10.6450645151],[76.7751612524,10.6451258091]]]]}},{"type":"Feature","properties":{"code":"G09069","name":"Peruvemba","type":"Grama Panchayat","leading":"LDF","seats":{"LDF":9,"UDF":5,"NDA":0,"OTHERS":1}},"geometry":{"type":"MultiPolygon","coordinates":[[[[76.6867917929,10.6856342192],[76.6867917929,10.6856342192],[76.6867917929,10.6856342192]],[[76.6896359658,10.6878512406],[76.6896359658,10.6878512406],[76.6896359658,10.6878512406]]]]}},{"type":"Feature","properties":{"code":"G09043","name":"Pirayiri","type":"Grama Panchayat","leading":"UDF","seats":{"LDF":8,"UDF":11,"NDA":4,"OTHERS":1}},"geometry":{"type":"MultiPolygon","coordinates":[[[[76.6065988423,10.7550736706],[76.6051653605,10.7586480789],[76.5960254133,10.7673154865],[76.5918897862,10.7675547735],[76.5863151549,10.764388628],[76.5826683763,10.7696986946],[76.5847457017,10.7785011902],[76.5824974664,10.780320996],[76.5840307508,10.7860526012],[76.5858337928,10.7878545005],[76.5898928057,10.7879831807],[76.5913658698,10.7996380013],[76.6081628244,10.7955753876],[76.625422889,10.7857599473],[76.6340485348,10.7871995401],[76.6338736656,10.7768376955],[76.6315308845,10.7767393829],[76.6325380453,10.7754919074],[76.6265010856,10.7647796632],[76.6248728175,10.764329012],[76.6257977096,10.7627590423],[76.6237541505,10.7614115952],[76.6244065286,10.7599417517],[76.6220318016,10.7584605806],[76.6207463104,10.754134447],[76.6163160002,10.7566076963],[76.6106612566,10.7499804621],[76.6070995796,10.7540943153],[76.6065988423,10.7550736706]]]]}},{"type":"Feature","properties":{"code":"G09063","name":"Polpully","type":"Grama Panchayat","leading":"LDF","seats":{"LDF":9,"UDF":5,"NDA":0,"OTHERS":0}},"geometry":{"type":"MultiPolygon","coordinates":[[[[76.7340633826,10.7113409545],[76.7340633826,10.7113409545],[76.7340633826,10.7113409545]]]]}},{"type":"Feature","properties":{"code":"G09031","name":"Pookkottukavu","type":"Grama Panchayat","leading":"LDF","seats":{"LDF":12,"UDF":2,"NDA":0,"OTHERS":0}},"geometry":{"type":"MultiPolygon","coordinates":[[[[76.363114062,10.8724990327],[76.3685956804,10.8708826656],[76.3761466223,10.8652713324],[76.3779625307,10.8693663001],[76.3771821083,10.8721425576],[76.3796743188,10.8720756664],[76.3810212812,10.8738462808],[76.377079658,10.8794928144],[76.377941452,10.8901424843],[76.3794596103,10.8887151815],[76.381017098,10.8904454021],[76.380669363,10.8887739393],[76.3875251527,10.8858843035],[76.4032847741,10.8824194902],[76.4072674305,10.8788279578],[76.4118767632,10.8841309025],[76.4168074636,10.8836829374],[76.420587908,10.882178711],[76.4206188639,10.880158384],[76.4199828643,10.8785526014],[76.4147157868,10.8768889808],[76.4165423523,10.8703954206],[76.4147648174,10.8705991291],[76.4146913219,10.868611557],[76.4117815067,10.8677391067],[76.4134764358,10.864309467],[76.4166404106,10.8642237268],[76.4184075737,10.8579018188],[76.4175952258,10.856336685],[76.4044182541,10.8525248216],[76.3996344323,10.8444264074],[76.3912306541,10.8508510322],[76.3853459239,10.8481718267],[76.3776554404,10.8508226171],[76.3756496817,10.8531074399],[76.3671936218,10.8488706201],[76.3617079168,10.8486271312],[76.3581032561,10.8546093829],[76.3590717297,10.8600072293],[76.356771205,10.8656852853],[76.3594920305,10.8676778849],[76.3593586613,10.8700960682],[76.3629133093,10.8706568706],[76.362993056,10.8722277663],[76.363114062,10.8724990327]]]]}},{"type":"Feature","properties":{"code":"G09088","name":"Puthukode","type":"Grama Panchayat","leading":"UDF","seats":{"LDF":5,"UDF":10,"NDA":1,"OTHERS":0}},"geometry":{"type":"MultiPolygon","coordinates":[[[[76.4530811398,10.6242683146],[76.4530811398,10.6242683146],[76.4530811398,10.6242683146]]]]}},{"type":"Feature","properties":{"code":"G09081","name":"Puduppariyaram","type":"Grama Panchayat","leading":"LDF","seats":{"LDF":14,"UDF":7,"NDA":2,"OTHERS":0}},"geometry":{"type":"MultiPolygon","coordinates":[[[[76.6098796386,10.7947387679],[76.6098796386,10.7947387679],[76.6098796386,10.7947387679]]]]}},{"type":"Feature","properties":{"code":"G09041","name":"Pudur","type":"Grama Panchayat","leading":"NDA","seats":{"LDF":0,"UDF":6,"NDA":8,"OTHERS":0}},"geometry":{"type":"MultiPolygon","coordinates":[[[[76.5875863743,11.0925169499],[76.5865052287,11.0869697885],[76.5810527063,11.0872017497],[76.577442821,11.0856061505],[76.5763348825,11.0797773739],[76.5735306879,11.0786985362],[76.5683352344,11.0801847706],[76.5651580648,11.0755246179],[76.5588197652,11.0764964972],[76.5575292748,11.0704763539],[76.5552460333,11.0683659631],[76.5494562087,11.0712205595],[76.5369081673,11.0656665753],[76.535527494,11.0744375943],[76.5292971363,11.0851490886],[76.5300510209,11.0924839236],[76.5354806448,11.0960357429],[76.5090791156,11.1036217945],[76.4961378166,11.0966102293],[76.497167224,11.0906820953],[76.5062315505,11.0836691158],[76.5043385899,11.0772964139],[76.4658916181,11.078545156],[76.4556974819,11.0828115408],[76.451414263,11.0864713252],[76.4021849245,11.0885480753],[76.391805908,11.0919301401],[76.3880113421,11.0996846712],[76.3922417194,11.1083716919],[76.3994012117,11.1121483482],[76.4090505857,11.1130096302],[76.4149115072,11.1197600839],[76.4107443489,11.1330172895],[76.4148145577,11.1419989254],[76.4077455667,11.154783645],[76.4127620155,11.1633096973],[76.4134427767,11.1709969951],[76.4119792558,11.1751537345],[76.4020475515,11.1878676976],[76.4074822255,11.1926638883],[76.4052574797,11.2083969311],[76.4155522777,11.2100433972],[76.425420488,11.2084283384],[76.4312533593,11.2032516268],[76.4395706779,11.2029478768],[76.4388986018,11.1992581899],[76.4526447984,11.1991148528],[76.4548362407,11.1969139711],[76.4545655678,11.1916894621],[76.4580750074,11.1876322461],[76.4653387287,11.1928625182],[76.4733852797,11.1947664152],[76.4724470968,11.2086791507],[76.4780061464,11.2115998687],[76.5107549479,11.2114145701],[76.5161364665,11.2043670273],[76.5345038792,11.1966323183],[76.6009464115,11.206379599],[76.6298804481,11.1938749829],[76.6522392785,11.2092104598],[76.6563663791,11.2100561843],[76.6712115618,11.2189872206],[76.6781014784,11.2210124732],[76.6842268068,11.2281789209],[76.6832612065,11.2296381499],[76.6854503874,11.2318810459],[76.6847872384,11.2335033497],[76.6878382675,11.2354383181],[76.6985391048,11.2397115736],[76.7065548247,11.2377079927],[76.7101753338,11.2321270804],[76.7154825951,11.2307394221],[76.7212161549,11.2244627688],[76.7254766443,11.2251183467],[76.7253639858,11.2187313342],[76.731914578,11.2152131097],[76.7220005883,11.2030913654],[76.7281522521,11.1951278014],[76.7280670389,11.1908439426],[76.7222905059,11.1912177703],[76.7186197046,11.1861279231],[76.710169879,11.1875800848],[76.7093231183,11.1826084374],[76.7065824744,11.1788029223],[76.7001188747,11.181386252],[76.7013542861,11.1756536461],[76.6961828128,11.1750313479],[76.6932726216,11.1724449186],[76.6918735568,11.1631428514],[76.6872631059,11.162345775],[76.6816314009,11.165147655],[76.6745945457,11.1576058565],[76.666931436,11.1554271651],[76.6674705528,11.1512125411],[76.6651676399,11.1488988214],[76.6599978148,11.1494750039],[76.6553385694,11.1456370272],[76.6500696167,11.1448203487],[76.6475593299,11.1414895685],[76.6485719605,11.1385286096],[76.6455774552,11.136686313],[76.641206075,11.1293424042],[76.6351096458,11.1315650254],[76.6332189643,11.1286366031],[76.627867847,11.1290285286],[76.6194380527,11.1210854687],[76.6141137908,11.1239446545],[76.6097002795,11.1193454132],[76.6073644422,11.1135839029],[76.603858488,11.1126685088],[76.6006878683,11.1139408378],[76.5982206589,11.1087900823],[76.5933292447,11.1095814466],[76.5906772189,11.1069327196],[76.5930173648,11.0938575063],[76.5877904755,11.0928685237],[76.5875863743,11.0925169499]]]]}},{"type":"Feature","properties":{"code":"G09082","name":"Pudusserri","type":"Grama Panchayat","leading":"LDF","seats":{"LDF":17,"UDF":6,"NDA":1,"OTHERS":0}},"geometry":{"type":"MultiPolygon","coordinates":[[[[76.7420014096,10.7833702776],[76.7420014096,10.7833702776],[76.7420014096,10.7833702776]]]]}},{"type":"Feature","properties":{"code":"G09067","name":"Pudunagaram","type":"Grama Panchayat","leading":"UDF","seats":{"LDF":4,"UDF":9,"NDA":2,"OTHERS":0}},"geometry":{"type":"MultiPolygon","coordinates":[[[[76.6736319764,10.6544536731],[76.6736319764,10.6544536731],[76.6736319764,10.6544536731]]]]}},{"type":"Feature","properties":{"code":"G09042","name":"Sholayur","type":"Grama Panchayat","leading":"UDF","seats":{"LDF":3,"UDF":11,"NDA":0,"OTHERS":0}},"geometry":{"type":"MultiPolygon","coordinates":[[[[76.6901135502,11.1583847742],[76.6928590892,11.1553711322],[76.6962286959,11.155112774],[76.6963042878,11.14992169],[76.7008221667,11.1495724499],[76.701971755,11.1473782748],[76.7002290003,11.1463145101],[76.7064598257,11.141273797],[76.7126753638,11.1420534895],[76.7116680715,11.1443711354],[76.7088306283,11.1455767244],[76.7090496842,11.1470833681],[76.7155156311,11.1488766115],[76.7180449853,11.1474979501],[76.7170771573,11.1433678475],[76.7242790321,11.1383779612],[76.7261709388,11.1333228873],[76.7283971951,11.1337856422],[76.7279034116,11.1301326797],[76.7326619758,11.1322307991],[76.7345444918,11.136265686],[76.7401910799,11.1335881539],[76.7383839612,11.1323232866],[76.7394705886,11.1315447493],[76.7457254242,11.1377983804],[76.7478148878,11.136137807],[76.7475465116,11.1311647999],[76.7452323204,11.1303103431],[76.7479729001,11.1225458519],[76.7467355708,11.1195604371],[76.748047644,11.1120824083],[76.7458333683,11.1086174149],[76.7407659794,11.1094711756],[76.7409982273,11.1043907973],[76.7392149796,11.1050276508],[76.7388443249,11.103836661],[76.7411606604,11.0998308971],[76.7443389162,11.0985485772],[76.7468985073,11.0924483094],[76.7515353832,11.0933455405],[76.7549371167,11.0789149736],[76.7525406218,11.0775174214],[76.7500045225,11.0790044602],[76.7487678682,11.0743071187],[76.7454422544,11.075316546],[76.7449694735,11.0720951683],[76.7417336008,11.0731532937],[76.7416662012,11.06947417],[76.7441858065,11.0676009467],[76.7423949996,11.0664254509],[76.7437976103,11.0646555738],[76.7430461911,11.063036379],[76.7441363104,11.060281287],[76.746097536,11.0601589651],[76.744322702,11.0567095429],[76.7467586261,11.055007172],[76.7513655663,11.055873924],[76.7575780448,11.0528952012],[76.7612494233,11.0528694771],[76.7619418976,11.0483624204],[76.7651361022,11.0458759134],[76.7769586873,11.0425180674],[76.782712216,11.0427151395],[76.7872955339,11.0447735241],[76.7964991798,11.0567631873],[76.7985479211,11.0571090694],[76.8010934083,11.0548822988],[76.7940670776,11.044665989],[76.7918475057,11.0375665391],[76.7734834757,11.0340205481],[76.7656937349,11.0298124507],[76.7487112584,11.0346941266],[76.7377694593,11.0396417472],[76.7324123338,11.0385348006],[76.7271818513,11.0409585151],[76.7152282677,11.0411308951],[76.7107386585,11.0386776102],[76.7086013021,11.0328121572],[76.6943467364,11.0218333509],[76.6933481059,11.0172027589],[76.68994515,11.0132155426],[76.6856466719,10.9947064821],[76.6858049297,10.98928879],[76.6754877261,10.9777780403],[76.6747519249,10.9750185154],[76.6673109897,10.9689110226],[76.6681741587,10.9606198686],[76.663888722,10.9510078383],[76.6661286523,10.9474743162],[76.6651863395,10.9436224],[76.6609124107,10.9424400274],[76.6559471977,10.9379801644],[76.6466416335,10.9352961359],[76.6367942477,10.9369218336],[76.6276013104,10.9438142265],[76.6288194101,10.9469872561],[76.6254883303,10.9514233244],[76.6202384389,10.9526810175],[76.6126176021,10.9583654348],[76.6119293415,10.975931775],[76.609207177,10.9771320063],[76.6097493504,10.9800777869],[76.6079568231,10.9848052138],[76.6036675163,10.9859103017],[76.6017754475,10.9914851118],[76.6008175149,11.0110940518],[76.6048442579,11.0100805599],[76.6260180214,11.0158685465],[76.6286304218,11.0181754804],[76.629804212,11.0219745805],[76.6277222144,11.0275695628],[76.6312146531,11.02829384],[76.6314516832,11.0325990296],[76.6458167334,11.0391131652],[76.6431526972,11.0426101159],[76.6458020832,11.0425762347],[76.643142593,11.0468149417],[76.6479775067,11.0487631579],[76.6527806905,11.053302208],[76.6543759788,11.0698337347],[76.6562652221,11.0720549141],[76.6589347762,11.0722816236],[76.6597828781,11.0762623819],[76.6624762013,11.0778243038],[76.6657271311,11.0836400529],[76.6639532541,11.086283937],[76.6559224402,11.0897173444],[76.6536118319,11.0923096564],[76.6503241677,11.0922129313],[76.6486430775,11.095932695],[76.6517036064,11.0980379667],[76.656448329,11.0939407767],[76.6572638521,11.0969844595],[76.6558743609,11.1009606421],[76.6586224729,11.1026998305],[76.6557999435,11.1088117164],[76.657705213,11.1104810831],[76.6566502612,11.1149836809],[76.6588885199,11.1179938147],[76.6610939173,11.1183118418],[76.6614106938,11.1211114213],[76.668128397,11.1184342595],[76.67025876,11.1226408934],[76.673423052,11.1244993665],[76.6764075958,11.1235704825],[76.6762533087,11.1257183824],[76.679239163,11.1268951105],[76.6798675108,11.1221158936],[76.6823321384,11.1216164629],[76.6825891918,11.1279953714],[76.6858410149,11.1280936844],[76.685775571,11.1307318533],[76.6880187155,11.1314737204],[76.6860881251,11.1372856556],[76.6901639759,11.1397602162],[76.6880055665,11.1440166662],[76.6916022297,11.1463480473],[76.6884196495,11.151323533],[76.687412504,11.1583882572],[76.6898439656,11.1582352807],[76.6901135502,11.1583847742]],[[76.6295846861,11.0216376463],[76.6296982494,11.0216601417],[76.6295846861,11.0216376463]]]]}},{"type":"Feature","properties":{"code":"G09027","name":"Sreekrishnapuram","type":"Grama Panchayat","leading":"LDF","seats":{"LDF":12,"UDF":3,"NDA":1,"OTHERS":0}},"geometry":{"type":"MultiPolygon","coordinates":[[[[76.4102058304,10.8823041613],[76.4102058304,10.8823041613],[76.4102058304,10.8823041613]]]]}},{"type":"Feature","properties":{"code":"G09038","name":"Thachampara","type":"Grama Panchayat","leading":"UDF","seats":{"LDF":2,"UDF":9,"NDA":0,"OTHERS":4}},"geometry":{"type":"MultiPolygon","coordinates":[[[[76.5170106446,10.9399510153],[76.5149743781,10.9427977907],[76.5111115265,10.941104354],[76.5034361952,10.9433130124],[76.5023869345,10.9423440706],[76.5001377085,10.9453509178],[76.5001151872,10.9512502635],[76.494120011,10.9528568269],[76.4962224718,10.9624741249],[76.4932357591,10.9666685467],[76.496096405,10.973768068],[76.5002923567,10.9755323629],[76.5067317604,10.9711583081],[76.5100125334,10.9738030817],[76.5138676625,10.9736028282],[76.5126573438,10.9787976312],[76.5161525328,10.9854268408],[76.521073355,10.9834120376],[76.5277066578,10.9847644663],[76.5300873707,10.9835993442],[76.5341012351,10.98590029],[76.5434026696,10.9862723239],[76.5582874092,10.9837681385],[76.5637034526,10.9806124657],[76.5835871318,10.9860295325],[76.5935559378,10.9856959203],[76.6019674902,10.9787696989],[76.603696441,10.9715514761],[76.611497546,10.9718058178],[76.6120412425,10.9593966013],[76.6059110649,10.9541270315],[76.5975037945,10.9501140723],[76.5945490962,10.9460319523],[76.5954084794,10.9402121794],[76.5908932001,10.9383626693],[76.5824762923,10.9400007241],[76.5730334723,10.9393928859],[76.564940118,10.9405419411],[76.5623274682,10.9422898638],[76.5586108483,10.9409842771],[76.5485422542,10.9476085964],[76.543895457,10.9445229118],[76.5419289899,10.9488321021],[76.5421459589,10.9545721916],[76.5399706704,10.9530614803],[76.5393599652,10.9499377227],[76.5389992033,10.9529566681],[76.5386142357,10.9513652715],[76.532128418,10.950184905],[76.5279861555,10.9475421174],[76.523111526,10.9408409228],[76.5171643582,10.9399802728],[76.5170106446,10.9399510153]]]]}},{"type":"Feature","properties":{"code":"G09089","name":"Tarur","type":"Grama Panchayat","leading":"LDF","seats":{"LDF":8,"UDF":7,"NDA":3,"OTHERS":0}},"geometry":{"type":"MultiPolygon","coordinates":[[[[76.4859833161,10.6625443468],[76.480505368,10.6613543525],[76.4734020413,10.6655570758],[76.4694589248,10.6643912029],[76.4624931338,10.6713592306],[76.4534814318,10.672105546],[76.4475469464,10.6873047565],[76.4403840615,10.6961602037],[76.4515583187,10.7021612425],[76.4565329081,10.6995312214],[76.4614444264,10.7060825509],[76.4623080505,10.7004451375],[76.4676983989,10.69794073],[76.4690150398,10.7003211026],[76.4728800311,10.701823626],[76.4800117728,10.7011236733],[76.4837320814,10.702992748],[76.4848919426,10.7077675032],[76.4914464833,10.7105553369],[76.4952286424,10.7080548555],[76.4942406482,10.7016791193],[76.4987522825,10.7030624742],[76.5004190648,10.6934937132],[76.5080681002,10.6929057403],[76.5117348393,10.6955184783],[76.5115847105,10.6986837292],[76.5135138087,10.6985787897],[76.5215365054,10.6936563532],[76.5270834985,10.6949298148],[76.5302424344,10.6930663008],[76.5295701198,10.6897449445],[76.5336898541,10.6853578332],[76.5442340211,10.6868194569],[76.5461527686,10.675613597],[76.5400733203,10.6811528326],[76.536292537,10.6803500871],[76.534997791,10.6796613258],[76.5354006377,10.6769075139],[76.5280023386,10.6756509133],[76.5276456574,10.6738812689],[76.5300587457,10.6725078947],[76.5289398973,10.6716628297],[76.5184003991,10.6730985405],[76.5175449874,10.671146412],[76.5112690743,10.669520222],[76.5077708924,10.66471193],[76.5014854758,10.6667258695],[76.4998022315,10.665616411],[76.4998387102,10.6616759357],[76.4928218639,10.6611899373],[76.4875018711,10.6630743087],[76.4859833161,10.6625443468]]]]}},{"type":"Feature","properties":{"code":"G09030","name":"Thachanattukara","type":"Grama Panchayat","leading":"UDF","seats":{"LDF":3,"UDF":13,"NDA":0,"OTHERS":2}},"geometry":{"type":"MultiPolygon","coordinates":[[[[76.3422277761,10.9200857252],[76.3396049378,10.9179519865],[76.3386337806,10.9083483373],[76.3357256933,10.9067428976],[76.3354445005,10.9125936841],[76.3323099849,10.9144673573],[76.3334661303,10.9227667664],[76.3203961237,10.9364204738],[76.3207636645,10.9538084914],[76.3230891432,10.9547382493],[76.3245694605,10.9599477349],[76.3286693677,10.964996929],[76.3261816641,10.9677019904],[76.3287997078,10.9738961663],[76.3275090847,10.9765948497],[76.3285696711,10.9797430088],[76.3318656065,10.9822129868],[76.335626049,10.981582212],[76.3377766747,10.9773463006],[76.3421049925,10.9777751803],[76.346476599,10.9758191948],[76.3587575575,10.9768292644],[76.3611931289,10.9746772161],[76.3727804881,10.977951199],[76.3801012579,10.9775843581],[76.3813038749,10.9757301488],[76.3803516187,10.9722915572],[76.3834140336,10.9710726608],[76.3854522576,10.9677503587],[76.3840912196,10.9600679293],[76.3878276398,10.9616913855],[76.3870340817,10.9585581055],[76.3843754015,10.9580225879],[76.3847346409,10.9544519339],[76.3820815913,10.9530952681],[76.3795799782,10.9463456381],[76.3754441773,10.9412783805],[76.3694376791,10.9374779191],[76.3676971246,10.9405093904],[76.3691553803,10.944659051],[76.3654710449,10.9405248041],[76.3662805431,10.9377280858],[76.3622262395,10.9336150808],[76.3596289524,10.9335960825],[76.3596846115,10.9278380594],[76.3564778833,10.9276113137],[76.35415138,10.9219952108],[76.3499081439,10.9201204893],[76.3425075017,10.9201961679],[76.3422277761,10.9200857252]]]]}},{"type":"Feature","properties":{"code":"G09039","name":"Thenkara","type":"Grama Panchayat","leading":"TIE","seats":{"LDF":7,"UDF":7,"NDA":3,"OTHERS":1}},"geometry":{"type":"MultiPolygon","coordinates":[[[[76.4806568952,10.9969178784],[76.4806568952,10.9969178784],[76.4806568952,10.9969178784]]]]}},{"type":"Feature","properties":{"code":"G09055","name":"Thenkurissi","type":"Grama Panchayat","leading":"LDF","seats":{"LDF":13,"UDF":1,"NDA":4,"OTHERS":0}},"geometry":{"type":"MultiPolygon","coordinates":[[[[76.6285658341,10.654560165],[76.6309124686,10.6502093099],[76.62943693,10.6432520501],[76.6244009554,10.6429167475],[76.6193562309,10.6462654673],[76.6155324655,10.6465821301],[76.615199003,10.6555897248],[76.6117743206,10.6573228846],[76.6134281194,10.6609137079],[76.6110308436,10.6612486756],[76.6089006968,10.6581531459],[76.6060692062,10.6589879638],[76.6054568268,10.6612078996],[76.5991167464,10.6610924827],[76.5965535841,10.6625062963],[76.5919314761,10.6605912865],[76.5919721479,10.6629216433],[76.5868111239,10.6657387288],[76.5860686931,10.6682106626],[76.5763048921,10.668369465],[76.5778337498,10.6773370081],[76.5802128279,10.6792250207],[76.5837367715,10.6793703809],[76.5839271647,10.6821325418],[76.5902290048,10.6826383905],[76.5985013573,10.6859750646],[76.603513818,10.6831924796],[76.6093172012,10.6823823356],[76.6117232574,10.6867871688],[76.6112799781,10.6918934862],[76.6147093552,10.6951273954],[76.6146311562,10.7017227583],[76.6196010258,10.700959994],[76.6182189822,10.7033715724],[76.6182191198,10.709963102],[76.6202791431,10.7139572874],[76.624387002,10.7141841654],[76.6266938746,10.717417639],[76.6294106468,10.7166041686],[76.6323592126,10.717953],[76.6312397938,10.7230291072],[76.6331225162,10.7254686428],[76.6399047444,10.7238265464],[76.6432347677,10.7251510397],[76.6428359133,10.7280163146],[76.6515727344,10.7260944726],[76.6553051023,10.7163658717],[76.6518951397,10.7122426183],[76.6486318616,10.6939939457],[76.645254432,10.6940903087],[76.6354714731,10.6875157228],[76.6282208211,10.686047835],[76.6294040397,10.6848877397],[76.6263981688,10.6790382898],[76.6277727889,10.6736231046],[76.6258713941,10.671619549],[76.6310206548,10.666675387],[76.6277925649,10.6642415027],[76.6297401819,10.6574672684],[76.6286186851,10.6546976706],[76.6285658341,10.654560165]]]]}},{"type":"Feature","properties":{"code":"G09006","name":"Thirumittakode","type":"Grama Panchayat","leading":"LDF","seats":{"LDF":11,"UDF":9,"NDA":0,"OTHERS":0}},"geometry":{"type":"MultiPolygon","coordinates":[[[[76.1391298559,10.719231349],[76.1405414558,10.7238378926],[76.1393765876,10.7354865395],[76.1377822513,10.737572363],[76.1398395466,10.7456963483],[76.1500779682,10.7457210177],[76.1542103494,10.7470011991],[76.1552464027,10.7495546276],[76.1597282173,10.7504878911],[76.1579647067,10.7595335745],[76.1614779982,10.7658368722],[76.1584525856,10.7671256496],[76.1557080858,10.7725553378],[76.173656898,10.7772473533],[76.1764232215,10.7817497389],[76.1804302133,10.7818727867],[76.1798068535,10.7833014859],[76.1834405663,10.7859790775],[76.1881071372,10.7827042164],[76.1922354051,10.7770050264],[76.1945574938,10.7780493513],[76.194589415,10.7760845934],[76.2053319059,10.7687819982],[76.2035694269,10.7523293944],[76.1929186746,10.7516228497],[76.190641472,10.7483381225],[76.1906899653,10.743539546],[76.181164998,10.7344517864],[76.1815377366,10.7297164534],[76.179242851,10.7289424351],[76.1770005667,10.7240469179],[76.1750650475,10.7232928241],[76.1720637823,10.7136711217],[76.165750609,10.7115241525],[76.1642690205,10.7063231716],[76.1612009021,10.7072032006],[76.1571129382,10.7175916394],[76.1541639823,10.7153484751],[76.1534940249,10.7112851073],[76.1444128786,10.7195560252],[76.1397245933,10.7191900499],[76.1391298559,10.719231349]]]]}},{"type":"Feature","properties":{"code":"G09013","name":"Thiruvegappura","type":"Grama Panchayat","leading":"UDF","seats":{"LDF":5,"UDF":15,"NDA":0,"OTHERS":1}},"geometry":{"type":"MultiPolygon","coordinates":[[[[76.1283584562,10.8445654508],[76.1283584562,10.8445654508],[76.1283584562,10.8445654508]]]]}},{"type":"Feature","properties":{"code":"G09021","name":"Thrikkadeiri","type":"Grama Panchayat","leading":"LDF","seats":{"LDF":8,"UDF":3,"NDA":2,"OTHERS":3}},"geometry":{"type":"MultiPolygon","coordinates":[[[[76.3278062786,10.8418892671],[76.3263210849,10.8421096654],[76.3242735691,10.847366298],[76.3195760211,10.8462918363],[76.3163123492,10.8520574697],[76.3107911198,10.8573120773],[76.3164769719,10.8599713923],[76.3172219528,10.8643448035],[76.3221905542,10.8629787154],[76.3240554767,10.8644802146],[76.3252243983,10.8619838745],[76.3219594239,10.8585123099],[76.3219696046,10.8552120792],[76.3302548593,10.8553055525],[76.3327038215,10.8594232994],[76.3321033118,10.8611244471],[76.3357586358,10.8637904869],[76.3341346332,10.8655809967],[76.3372348478,10.8677846603],[76.3375796385,10.8742772644],[76.3403353258,10.8771683444],[76.3392578408,10.8824232575],[76.3323551474,10.8812608802],[76.3347313696,10.8946086476],[76.3471294931,10.8928348533],[76.3506104418,10.8899981829],[76.3577158392,10.8899280482],[76.3579240845,10.885438969],[76.3543410802,10.8792125954],[76.3567558677,10.8771137282],[76.3567954161,10.8750387506],[76.363114062,10.8724990327],[76.3629133093,10.8706568706],[76.3593586613,10.8700960682],[76.3594920305,10.8676778849],[76.356771205,10.8656852853],[76.3590717297,10.8600072293],[76.3581032561,10.8546093829],[76.3617079168,10.8486271312],[76.3671936218,10.8488706201],[76.3756496817,10.8531074399],[76.3776554404,10.8508226171],[76.3853459239,10.8481718267],[76.3912306541,10.8508510322],[76.3950375921,10.8491937353],[76.3987133423,10.8448764924],[76.3803086782,10.8478604946],[76.3785361532,10.8414121588],[76.3803013763,10.8376557493],[76.3775693043,10.8360144362],[76.3746746826,10.8388753592],[76.3712809726,10.8385337054],[76.3681565503,10.8283765608],[76.3696993189,10.8255543039],[76.3688702842,10.8239440787],[76.3519925245,10.8289502826],[76.3504119447,10.8325780526],[76.3439565242,10.8342938745],[76.3430414517,10.8377581705],[76.3367407555,10.8429410756],[76.3280743505,10.8419054819],[76.3278062786,10.8418892671]]]]}},{"type":"Feature","properties":{"code":"G09007","name":"Thrithala","type":"Grama Panchayat","leading":"UDF","seats":{"LDF":6,"UDF":13,"NDA":0,"OTHERS":0}},"geometry":{"type":"MultiPolygon","coordinates":[[[[76.1230560449,10.7677671649],[76.1215468494,10.7709766271],[76.1164998934,10.7714845433],[76.1175428128,10.7847046428],[76.1163702342,10.7867362949],[76.1188158415,10.7921099428],[76.1162687238,10.7934396745],[76.1164037956,10.7987986535],[76.1109348955,10.7985568861],[76.1097468698,10.8052577549],[76.1117651696,10.8058156782],[76.112062871,10.8102106292],[76.1246439747,10.8048040343],[76.1366618185,10.8121357376],[76.1415004561,10.8120195628],[76.1446747512,10.8100016651],[76.1534009702,10.8003989562],[76.1649282047,10.7939373885],[76.1686281583,10.7942013035],[76.1767865195,10.7990947082],[76.1830325378,10.798986116],[76.1844844046,10.7964414178],[76.1834405663,10.7859790775],[76.1798068535,10.7833014859],[76.1804302133,10.7818727867],[76.1764232215,10.7817497389],[76.173656898,10.7772473533],[76.1592509024,10.773251025],[76.1563840408,10.7759760531],[76.1566317965,10.7829201351],[76.1513024473,10.7828362967],[76.1504269548,10.7780658088],[76.1396256863,10.7788822254],[76.1374734062,10.775656097],[76.1294472807,10.7733346244],[76.1252302472,10.7674584648],[76.1233297539,10.7677609408],[76.1230560449,10.7677671649]]]]}},{"type":"Feature","properties":{"code":"G09061","name":"Vadakarapathy","type":"Grama Panchayat","leading":"UDF","seats":{"LDF":4,"UDF":10,"NDA":0,"OTHERS":4}},"geometry":{"type":"MultiPolygon","coordinates":[[[[76.855429639,10.7618284154],[76.855429639,10.7618284154],[76.855429639,10.7618284154]]]]}},{"type":"Feature","properties":{"code":"G09090","name":"Vadakkenchery","type":"Grama Panchayat","leading":"TIE","seats":{"LDF":9,"UDF":9,"NDA":3,"OTHERS":1}},"geometry":{"type":"MultiPolygon","coordinates":[[[[76.4664592609,10.5612281764],[76.461083845,10.5616028859],[76.4610003909,10.5638603701],[76.4588914464,10.5644130267],[76.4580823037,10.5613580516],[76.449554119,10.560295291],[76.4389881385,10.5667030847],[76.4357633659,10.5704027827],[76.4375141141,10.5758172559],[76.4391737008,10.5765483312],[76.4381094602,10.5800414689],[76.4408135658,10.5873319093],[76.4434320447,10.5884415122],[76.4416797146,10.5911760536],[76.4426996867,10.59409945],[76.4520815183,10.5958102614],[76.4555315451,10.5980119176],[76.4521352609,10.6015085029],[76.4530156639,10.6093418327],[76.4595606876,10.6121753589],[76.4658199373,10.6116475539],[76.4702026024,10.6157767596],[76.4782124725,10.6153024042],[76.4800750036,10.6136386525],[76.4782393802,10.6070247452],[76.4817261969,10.6014846477],[76.4778503115,10.5986058128],[76.477839242,10.5959074006],[76.4845939689,10.5947542287],[76.4896617793,10.5987569157],[76.4880807603,10.6057675126],[76.4896013763,10.6090263659],[76.4842835346,10.6137435631],[76.4869005868,10.6164963334],[76.491310156,10.6282694713],[76.4967478676,10.630651618],[76.5046775816,10.6302218097],[76.5065269461,10.6252847789],[76.5102103715,10.6263906632],[76.5208188056,10.6251021022],[76.5320551053,10.6200676658],[76.5301613518,10.6104368266],[76.5157179281,10.6123679769],[76.5119965957,10.6058218644],[76.5054178325,10.6029062421],[76.5055975271,10.5998315708],[76.5019794503,10.5977720338],[76.5041394842,10.5922233322],[76.5032125004,10.5903629706],[76.5001143452,10.5893721156],[76.4957399473,10.5922357317],[76.4960897575,10.5868910351],[76.4888785691,10.5834759931],[76.4873496572,10.5800320095],[76.4843966897,10.5787528507],[76.4850156602,10.5752024642],[76.4822473885,10.5755787802],[76.4816376323,10.5721088722],[76.4757668159,10.5737681473],[76.4729955905,10.5761965878],[76.4689953982,10.5707721893],[76.4657293102,10.5711801289],[76.4648510622,10.565860666],[76.4680573163,10.5642549761],[76.4666076734,10.5613269818],[76.4664592609,10.5612281764]]]]}},{"type":"Feature","properties":{"code":"G09068","name":"Vadavannur","type":"Grama Panchayat","leading":"UDF","seats":{"LDF":5,"UDF":7,"NDA":2,"OTHERS":0}},"geometry":{"type":"MultiPolygon","coordinates":[[[[76.694043938,10.6203288895],[76.6909119526,10.6178922581],[76.6870954281,10.6189334779],[76.6823120419,10.6237751411],[76.6825618012,10.6279864677],[76.6782992354,10.6296598233],[76.6812937669,10.6361032814],[76.6787546326,10.6376245126],[76.6797181731,10.6436035519],[76.6758962239,10.6434163888],[76.6750542018,10.645701209],[76.6771404365,10.6467766617],[76.6789551107,10.6515317592],[76.6813430733,10.6526818339],[76.6852386926,10.6499665362],[76.6892717111,10.6515565987],[76.6923245081,10.6559871685],[76.6948568014,10.6559044094],[76.6909535116,10.6593108031],[76.6921982725,10.6617350357],[76.6964344998,10.6597343753],[76.7009231838,10.6612615278],[76.7022785071,10.6584143158],[76.7015917389,10.6553585462],[76.7036175748,10.6532694404],[76.7043392003,10.6558426388],[76.7088680016,10.6588581979],[76.7100206591,10.6497192817],[76.7180056281,10.6471029419],[76.7205114805,10.6412152191],[76.7219571658,10.6406940019],[76.7220377817,10.6428938644],[76.7236892591,10.6427934508],[76.7247680422,10.6417801169],[76.7237357513,10.6396578998],[76.7295865172,10.6354967934],[76.7291396705,10.6299354977],[76.7317459107,10.6286122423],[76.7266683333,10.6264183333],[76.7279318502,10.6235448884],[76.7264914228,10.6213168788],[76.7224438616,10.6222785338],[76.715958758,10.6280219865],[76.713622795,10.6231357835],[76.710572989,10.6270221166],[76.7067340148,10.628349819],[76.7005165454,10.6265311594],[76.6994746138,10.6220232221],[76.694233495,10.620489497],[76.694043938,10.6203288895]]]]}},{"type":"Feature","properties":{"code":"G09022","name":"Vallapuzha","type":"Grama Panchayat","leading":"UDF","seats":{"LDF":6,"UDF":11,"NDA":0,"OTHERS":2}},"geometry":{"type":"MultiPolygon","coordinates":[[[[76.2465693418,10.8131365222],[76.2416609816,10.8134628744],[76.2408410629,10.8148930583],[76.2397597395,10.8128551613],[76.237954835,10.8131578664],[76.2358771183,10.8181725927],[76.2330072972,10.8194716237],[76.2331689042,10.8221467244],[76.2252267982,10.8246707515],[76.226089559,10.8284869031],[76.2294186254,10.8304203337],[76.2265761438,10.8322674263],[76.2256338542,10.8362826094],[76.2099717451,10.8389110066],[76.2136935362,10.8528209085],[76.2119577491,10.857664419],[76.2126996245,10.8601618523],[76.2164495094,10.8624223374],[76.226637864,10.8578126082],[76.2280471681,10.8556185838],[76.2329566528,10.8591301108],[76.2388989149,10.8567196877],[76.2396416984,10.8578891306],[76.2420644947,10.8550903181],[76.2418312241,10.8516663802],[76.2430738676,10.8501353122],[76.2466178729,10.8499175977],[76.2481298415,10.8471323077],[76.2564298846,10.8487277743],[76.2636194552,10.8444924515],[76.2662650856,10.8371946404],[76.2646226887,10.8322446343],[76.2656612357,10.8290239759],[76.269363107,10.8278334334],[76.2698901342,10.8256369105],[76.2720328544,10.8248543817],[76.2723759933,10.8199987086],[76.2683718199,10.8198643092],[76.2676444349,10.8173292419],[76.2627960743,10.817246458],[76.2577978055,10.8084039969],[76.2468858755,10.8133659567],[76.2465693418,10.8131365222]]]]}},{"type":"Feature","properties":{"code":"G09077","name":"Vandazhi","type":"Grama Panchayat","leading":"LDF","seats":{"LDF":11,"UDF":6,"NDA":2,"OTHERS":1}},"geometry":{"type":"MultiPolygon","coordinates":[[[[76.5235457147,10.5358172785],[76.5235457147,10.5358172785],[76.5235457147,10.5358172785]]]]}},{"type":"Feature","properties":{"code":"G09020","name":"Vaniyamkulam","type":"Grama Panchayat","leading":"LDF","seats":{"LDF":14,"UDF":0,"NDA":6,"OTHERS":0}},"geometry":{"type":"MultiPolygon","coordinates":[[[[76.2994197488,10.7535999514],[76.3005878291,10.7589487229],[76.2991794517,10.7606949933],[76.3052426356,10.7624403992],[76.3079351961,10.7661395072],[76.3077707873,10.7691610656],[76.3057264941,10.7701121186],[76.3028183725,10.7755614487],[76.296531911,10.7808285219],[76.299158766,10.7877540575],[76.2982058447,10.7972999926],[76.3025828516,10.7987161983],[76.3074032335,10.8029308472],[76.3059459863,10.8053536849],[76.310058103,10.806018006],[76.311807292,10.8023278879],[76.3179204176,10.8014999988],[76.3216054688,10.8018814459],[76.3247818726,10.8044262042],[76.331582383,10.8032856449],[76.3326962141,10.7984199603],[76.3358127407,10.8022090748],[76.3407730915,10.8016192957],[76.3428433954,10.7974637477],[76.3426417971,10.7882745076],[76.3455446633,10.7863136599],[76.3545417971,10.784927985],[76.3563458675,10.782003008],[76.3563313447,10.769993752],[76.3654743631,10.7636737326],[76.3616993952,10.7580792126],[76.3586833151,10.7451827294],[76.356169479,10.7433219778],[76.35244064,10.7434366],[76.3416555564,10.7487602606],[76.3367402636,10.7495461523],[76.329046538,10.7457672845],[76.3239520456,10.7457930724],[76.3055403627,10.7523136391],[76.2994197488,10.7535999514]]]]}},{"type":"Feature","properties":{"code":"G09028","name":"Vellinezhi","type":"Grama Panchayat","leading":"LDF","seats":{"LDF":12,"UDF":2,"NDA":0,"OTHERS":0}},"geometry":{"type":"MultiPolygon","coordinates":[[[[76.3630611598,10.8727185361],[76.3630611598,10.8727185361],[76.3630611598,10.8727185361]]]]}},{"type":"Feature","properties":{"code":"G09014","name":"Vilayur","type":"Grama Panchayat","leading":"TIE","seats":{"LDF":3,"UDF":7,"NDA":0,"OTHERS":7}},"geometry":{"type":"MultiPolygon","coordinates":[[[[76.1672943031,10.8794696961],[76.1672943031,10.8794696961],[76.1672943031,10.8794696961]]]]}},{"type":"Feature","properties":{"code":"M09070","name":"Cherupulassery","type":"Municipality","leading":"UDF","seats":{"LDF":11,"UDF":12,"NDA":1,"OTHERS":9}},"geometry":{"type":"MultiPolygon","coordinates":[[[[76.3107934756,10.8569077342],[76.3054610536,10.8565698836],[76.3056475594,10.8609856123],[76.3039323572,10.8646727725],[76.2963083029,10.8740390282],[76.291595319,10.8774576045],[76.2888115072,10.8831893145],[76.2882630182,10.8849985014],[76.291276326,10.8896179682],[76.2852418356,10.8912261963],[76.2829244061,10.8948131546],[76.2779937838,10.8967428481],[76.2773425702,10.9028415401],[76.2741330352,10.9033054671],[76.2719032367,10.9070294808],[76.2727608508,10.9102490466],[76.2684684457,10.9153295611],[76.2722333598,10.9145106667],[76.2795404634,10.9161304354],[76.2844440177,10.9134168285],[76.2964084359,10.9199485223],[76.3052244054,10.9114730705],[76.3124595704,10.9128445333],[76.3193610404,10.9118663793],[76.3222312036,10.9057377509],[76.333297406,10.9049477445],[76.3329571267,10.8991174322],[76.3348962247,10.8922746657],[76.3323551474,10.8812608802],[76.3392578408,10.8824232575],[76.3403353258,10.8771683444],[76.3375796385,10.8742772644],[76.3372348478,10.8677846603],[76.3341346332,10.8655809967],[76.3357586358,10.8637904869],[76.3321033118,10.8611244471],[76.3327038215,10.8594232994],[76.3302548593,10.8553055525],[76.3219696046,10.8552120792],[76.3219594239,10.8585123099],[76.3252243983,10.8619838745],[76.3240554767,10.8644802146],[76.3221905542,10.8629787154],[76.3172219528,10.8643448035],[76.3164769719,10.8599713923],[76.3107911198,10.8573120773],[76.3107934756,10.8569077342]]]]}},{"type":"Feature","properties":{"code":"M09041","name":"Chittur-Thathamangalam","type":"Municipality","leading":"UDF","seats":{"LDF":6,"UDF":19,"NDA":0,"OTHERS":5}},"geometry":{"type":"MultiPolygon","coordinates":[[[[76.71670459,10.6757820261],[76.7172145558,10.6705847015],[76.7107780898,10.6708355161],[76.7099456242,10.6672444977],[76.7072101909,10.670155527],[76.7019828108,10.6708221452],[76.701348237,10.677659304],[76.6964496369,10.6761390627],[76.6996965321,10.6795269616],[76.6949040715,10.6828887017],[76.6952377905,10.6870875032],[76.6894797626,10.6884560951],[76.6916851393,10.6894398733],[76.6924794683,10.6918800403],[76.6970572773,10.6912897281],[76.6972236937,10.6954163947],[76.7027885342,10.6940423255],[76.70071568,10.7007816185],[76.7048534969,10.7008119682],[76.7048432888,10.6969071834],[76.7087859028,10.6980920137],[76.7082836526,10.6994069592],[76.7105501334,10.6987722935],[76.7107881661,10.696190996],[76.7112922209,10.6980497954],[76.7136689218,10.6977650296],[76.7199313935,10.6925017073],[76.7241015193,10.6952669945],[76.7234521806,10.700715027],[76.7269530626,10.7050110604],[76.7332109001,10.7068252557],[76.7346761126,10.7054322017],[76.7331618985,10.7088033659],[76.7352844874,10.71354942],[76.739016066,10.7120791571],[76.7439672557,10.7126926007],[76.7447106417,10.7056063193],[76.7568635856,10.7000350602],[76.7574189836,10.7011239031],[76.7615892504,10.6995566034],[76.7616743665,10.6967332862],[76.7576958659,10.6951750493],[76.7566713884,10.6929754321],[76.7527528113,10.6925697487],[76.7512476235,10.6883829472],[76.7437448658,10.6917321992],[76.7377504483,10.6864774381],[76.7327913984,10.6847784172],[76.7196602143,10.6853085766],[76.720343314,10.6805177348],[76.7180403333,10.6799414564],[76.7168998366,10.6758814683],[76.71670459,10.6757820261]]]]}},{"type":"Feature","properties":{"code":"M09071","name":"Mannarkkad","type":"Municipality","leading":"UDF","seats":{"LDF":4,"UDF":17,"NDA":1,"OTHERS":8}},"geometry":{"type":"MultiPolygon","coordinates":[[[[76.454900397,10.9977061883],[76.4561006709,10.9992324419],[76.4543936527,11.0058756755],[76.4570115413,11.0081825237],[76.457023107,11.0067137614],[76.4580985844,11.0070824217],[76.4578231896,11.0101023959],[76.4604330198,11.0118502714],[76.4632040342,11.0108919241],[76.4652750988,11.0141723928],[76.4690824048,11.0139818164],[76.4675819507,11.0076596432],[76.46889,11.00146],[76.4702143232,10.9985726779],[76.4732148523,10.9991993332],[76.4744447297,10.9973395338],[76.4703060323,10.9943251904],[76.4700483333,10.9887866667],[76.471052725,10.9801142755],[76.4747073726,10.9762063446],[76.4737257075,10.9734270467],[76.4668448937,10.9720598102],[76.4666525974,10.9704567643],[76.4637376035,10.9698800157],[76.4638055798,10.9649477163],[76.46192903,10.9652134179],[76.4606481352,10.9616555453],[76.453183978,10.9624360707],[76.4484161588,10.9703821786],[76.4488204734,10.9731579868],[76.4442410113,10.9737729152],[76.4369039292,10.977698501],[76.4361370782,10.9805017712],[76.4385663299,10.9838852656],[76.4389485963,10.9891189409],[76.4362530544,10.9913856318],[76.4396628048,10.9973054987],[76.4466635726,10.9946378663],[76.449801651,10.996842032],[76.4546719482,10.9974349972],[76.454900397,10.9977061883]]]]}},{"type":"Feature","properties":{"code":"M09039","name":"Ottappalam","type":"Municipality","leading":"LDF","seats":{"LDF":19,"UDF":7,"NDA":12,"OTHERS":1}},"geometry":{"type":"MultiPolygon","coordinates":[[[[76.3638411066,10.7648684586],[76.3583939311,10.7676117627],[76.3560143898,10.77065905],[76.3563458675,10.782003008],[76.3545417971,10.784927985],[76.3455446633,10.7863136599],[76.3426417971,10.7882745076],[76.3429570069,10.7965306017],[76.3412321232,10.8007659342],[76.3450860471,10.799846833],[76.3471574094,10.8039109774],[76.350697716,10.802512308],[76.353404173,10.8043997797],[76.3609747609,10.8026239331],[76.361445038,10.7993280053],[76.3652528386,10.7998737586],[76.3657571072,10.7986683725],[76.3678494955,10.7998885157],[76.3666440935,10.8066032319],[76.3637655108,10.808825437],[76.3632644573,10.8145777039],[76.3657922087,10.8146710983],[76.3682191889,10.8241166363],[76.3727732493,10.8218178408],[76.3886109735,10.8191434652],[76.3845888496,10.8155977002],[76.3857719062,10.8130962708],[76.3839637863,10.8074716767],[76.385180571,10.8061594005],[76.3837311523,10.805446896],[76.3854906121,10.7974291988],[76.3845432201,10.7939681567],[76.3815124102,10.7919429916],[76.3810534544,10.7874763759],[76.3853458891,10.7875816809],[76.3856998924,10.7833086731],[76.3891796856,10.7798494234],[76.3993652756,10.7820668206],[76.4054550504,10.7800590176],[76.4086964838,10.7822095571],[76.4112564977,10.7807393272],[76.4240162933,10.7813220297],[76.4239812804,10.775969448],[76.4275026307,10.7743567029],[76.4232047605,10.7677828916],[76.4242903729,10.7634456388],[76.4201305804,10.76352734],[76.4194032248,10.7546751539],[76.41524878,10.7537497312],[76.4185682278,10.7520305385],[76.4184785683,10.750274302],[76.4102285172,10.7496108434],[76.4020077231,10.7468037438],[76.396353849,10.7471384697],[76.3937620032,10.7492250331],[76.3913496829,10.7605726669],[76.3875305257,10.7669797752],[76.3829296268,10.7684673748],[76.3655297533,10.7638482121],[76.3642374055,10.7647041655],[76.3638411066,10.7648684586]]]]}},{"type":"Feature","properties":{"code":"M09040","name":"Palakkad","type":"Municipality","leading":"NDA","seats":{"LDF":8,"UDF":17,"NDA":25,"OTHERS":3}},"geometry":{"type":"MultiPolygon","coordinates":[[[[76.6518095292,10.7485003574],[76.6295208082,10.7538422781],[76.6207463104,10.754134447],[76.6220318016,10.7584605806],[76.6244065286,10.7599417517],[76.6237541505,10.7614115952],[76.6257977096,10.7627590423],[76.6248728175,10.764329012],[76.6265010856,10.7647796632],[76.6325380453,10.7754919074],[76.6315308845,10.7767393829],[76.6338736656,10.7768376955],[76.6331849349,10.7816599901],[76.6353951521,10.796987666],[76.6332109112,10.8000881201],[76.6476823434,10.8047291159],[76.6488815855,10.7972424777],[76.6526768943,10.8025433909],[76.6683802658,10.808439678],[76.6708639676,10.8048258463],[76.6688929795,10.8018587911],[76.6731306183,10.7994113877],[76.6805906062,10.7999974758],[76.67631457,10.7965671619],[76.6737293265,10.786959418],[76.6689022659,10.7814726205],[76.6689036452,10.7741635302],[76.6737293789,10.77267057],[76.6711128637,10.7643720091],[76.671879491,10.75686679],[76.6707914586,10.7545164162],[76.6724817353,10.7516373306],[76.6647713467,10.7471462248],[76.6523695878,10.7484106086],[76.6518095292,10.7485003574]]]]}},{"type":"Feature","properties":{"code":"M09069","name":"Pattambi","type":"Municipality","leading":"UDF","seats":{"LDF":7,"UDF":15,"NDA":1,"OTHERS":6}},"geometry":{"type":"MultiPolygon","coordinates":[[[[76.1720724513,10.7963657318],[76.1703289219,10.8016030052],[76.1728215747,10.8023786138],[76.1739857191,10.8085087634],[76.1772211183,10.8088802211],[76.1787574945,10.815081486],[76.1762061824,10.8205436239],[76.1760764995,10.8248256603],[76.178259306,10.8256560378],[76.1759101181,10.8313747607],[76.1754659055,10.8484197989],[76.1822086731,10.8453293349],[76.1838844538,10.8467256306],[76.1879504778,10.8439356158],[76.1882873812,10.8358241813],[76.1961785128,10.8322992871],[76.1989550322,10.8332379733],[76.1971545162,10.8292283149],[76.1988932528,10.8274460877],[76.20132856,10.8280281205],[76.2005204531,10.8265531955],[76.204150845,10.8140523331],[76.2008236302,10.8063016002],[76.203114909,10.8012385878],[76.2020099506,10.7954112154],[76.203922683,10.787542076],[76.1976444314,10.7823344261],[76.1875301395,10.7825430746],[76.1832787378,10.7863232331],[76.1836317824,10.7984672071],[76.1784277125,10.7994450392],[76.1725798631,10.796747132],[76.1720724513,10.7963657318]]]]}},{"type":"Feature","properties":{"code":"M09038","name":"Shornur","type":"Municipality","leading":"LDF","seats":{"LDF":17,"UDF":5,"NDA":12,"OTHERS":1}},"geometry":{"type":"MultiPolygon","coordinates":[[[[76.2427724887,10.7734180194],[76.2435371115,10.7763844272],[76.2473670502,10.7753480886],[76.2502039092,10.7798910179],[76.2517492703,10.7786145162],[76.2621316548,10.7797361274],[76.2628202969,10.7851996372],[76.2590304113,10.7888036403],[76.2598194,10.7912996655],[76.2559997504,10.7948504605],[76.2558860259,10.7976145759],[76.2530015145,10.7986026116],[76.2506892689,10.8026012617],[76.2482720004,10.8026301357],[76.2496702336,10.8079449164],[76.2471281755,10.813710064],[76.2577978055,10.8084039969],[76.2627960743,10.817246458],[76.2681522091,10.8175042087],[76.2694329635,10.8137696126],[76.2682455443,10.8119454349],[76.2707880956,10.8115968044],[76.2722345377,10.8075353561],[76.282687642,10.8052226416],[76.2830479832,10.8021842416],[76.2887550121,10.8006196225],[76.292860327,10.7951600745],[76.2950425921,10.7947371029],[76.2982058447,10.7972999926],[76.299158766,10.7877540575],[76.296531911,10.7808285219],[76.3028183725,10.7755614487],[76.3057264941,10.7701121186],[76.3077707873,10.7691610656],[76.3079351961,10.7661395072],[76.3052426356,10.7624403992],[76.2991794517,10.7606949933],[76.3005878291,10.7589487229],[76.2994197488,10.7535999514],[76.2881615295,10.756347476],[76.280693149,10.7525382446],[76.2680580614,10.7541410479],[76.2517305961,10.7467571639],[76.2493907917,10.7471675542],[76.2456001849,10.7492727151],[76.2450537699,10.7545578735],[76.2478229958,10.7622781484],[76.2458249154,10.7702145429],[76.2436818672,10.7726381138],[76.2427724887,10.7734180194]]]]}}]}
