{"type":"FeatureCollection","features":[{"type":"Feature","properties":{"code":"C08004","name":"Thrissur","type":"Corporation","leading":"UDF","seats":{"LDF":11,"UDF":33,"NDA":8,"OTHERS":4}},"geometry":{"type":"MultiPolygon","coordinates":[[[[76.2118889766,10.4782332576],[76.2021357082,10.4748057811],[76.193779683,10.4789191189],[76.1878949165,10.4780038692],[76.184161494,10.4797387765],[76.1737992515,10.4797563928],[76.173460807,10.4817464778],[76.1794281921,10.4896767796],[76.1771474478,10.489802278],[76.1756548588,10.5025203459],[76.1723067111,10.5041827033],[76.1636664564,10.4998574861],[76.1626712123,10.5070318226],[76.1602950946,10.5093772591],[76.1588322192,10.5149271971],[76.1474252659,10.5142347578],[76.1468623077,10.5300898335],[76.1705532832,10.5332520381],[76.1787311393,10.5417847305],[76.1815735444,10.5487448963],[76.1929722428,10.5488798248],[76.1997065885,10.5531603015],[76.202392178,10.5491883106],[76.2088059929,10.5549865971],[76.2071118342,10.5637124259],[76.2103055445,10.5629130159],[76.2127236797,10.5648710305],[76.2229765301,10.5653787243],[76.2253777434,10.568256602],[76.2272224597,10.5681761784],[76.2243489502,10.5704882259],[76.2245991376,10.5726372983],[76.2292223835,10.5707313062],[76.2340741942,10.5710806311],[76.2368637585,10.5682714449],[76.2388923064,10.5680649057],[76.2395127848,10.5695128407],[76.2398581589,10.5657060625],[76.2412094869,10.5649994295],[76.2551627912,10.5635872788],[76.25516637,10.5595002303],[76.2510773825,10.556461943],[76.2512291626,10.5539554134],[76.249850418,10.5535278162],[76.2527146144,10.5533666246],[76.2524064786,10.5521673281],[76.2500492189,10.5501602042],[76.2534199026,10.5501363316],[76.2527241663,10.5490109518],[76.2562152882,10.5460703832],[76.2566518365,10.5434241122],[76.2651130114,10.5420737036],[76.2667442906,10.5437340947],[76.2695514902,10.541051346],[76.2789673194,10.5410727077],[76.2875278292,10.5433201005],[76.2931761576,10.5471616856],[76.3011100852,10.5474272915],[76.3059895771,10.5492713061],[76.3066802008,10.543596635],[76.3060108412,10.539337119],[76.3033826435,10.5384232195],[76.3030447932,10.5356380269],[76.2994555923,10.5326793141],[76.3000046446,10.5392777076],[76.2957860769,10.5382036028],[76.2962029121,10.5334327898],[76.2941694433,10.5278944372],[76.2917435809,10.5280797901],[76.293112051,10.5343312322],[76.2901126642,10.5359216846],[76.2903817578,10.5321736051],[76.2867927466,10.5325239645],[76.278128369,10.5239456004],[76.2770738198,10.5251379509],[76.2711933051,10.5221477456],[76.2687873327,10.5245850099],[76.2697923061,10.5265289496],[76.2683508718,10.5265395775],[76.2669052187,10.5219057149],[76.2641731537,10.5213552773],[76.266009976,10.5173768499],[76.2619082444,10.5166105357],[76.2585034842,10.5092006886],[76.2583953801,10.5032318705],[76.2614465961,10.500471741],[76.2631334833,10.4947168731],[76.258119432,10.4906819682],[76.2581948597,10.4884211211],[76.2604280312,10.4894452236],[76.2611093394,10.4866289265],[76.2569350804,10.4861629785],[76.256037864,10.4886858688],[76.2530652575,10.4884196957],[76.2522776615,10.4845015496],[76.2509875889,10.4845498074],[76.2482015367,10.4850828106],[76.2477554383,10.4880488235],[76.2448015759,10.4879311293],[76.2452687566,10.4853040555],[76.2422819001,10.4830490971],[76.2452174375,10.4816278691],[76.2452851943,10.4771103872],[76.2487695408,10.4781264978],[76.2479973274,10.47059864],[76.2500633955,10.4692884703],[76.2528221855,10.4710858948],[76.2531560472,10.4669745684],[76.2551497198,10.4674862723],[76.2546953829,10.464000031],[76.2524508077,10.4634496055],[76.2526228646,10.4620251264],[76.2478105815,10.4619601277],[76.2499160153,10.4543951205],[76.2477986736,10.4540305478],[76.2475809934,10.4470693571],[76.2435537455,10.4477400053],[76.2439873202,10.4457457458],[76.2391952891,10.4438746708],[76.2362605824,10.4480946013],[76.2371429528,10.4560520841],[76.2346084965,10.4564629998],[76.2345732977,10.4599020199],[76.2357262785,10.4600680378],[76.2351333509,10.463205327],[76.2387029364,10.4663757779],[76.2375683736,10.4708942524],[76.2354377136,10.4722161489],[76.2368775045,10.4736704548],[76.2353373046,10.4755130393],[76.2372836155,10.4764260467],[76.2376894,10.4815604844],[76.2294513097,10.4802005949],[76.2287006989,10.482000165],[76.2248148743,10.4813797388],[76.2227105677,10.4791391386],[76.2123010141,10.4784309014],[76.2118889766,10.4782332576]]]]}},{"type":"Feature","properties":{"code":"G08031","name":"Adat","type":"Grama Panchayat","leading":"UDF","seats":{"LDF":7,"UDF":9,"NDA":4,"OTHERS":0}},"geometry":{"type":"MultiPolygon","coordinates":[[[[76.1474252659,10.5142347578],[76.1331698113,10.5111458278],[76.1343473721,10.5131698488],[76.1332682163,10.5212074497],[76.1316620408,10.5210081609],[76.1295059423,10.5266650658],[76.1361367675,10.5291210035],[76.1352095954,10.543017946],[76.1367229864,10.5430640237],[76.1390850332,10.5521240903],[76.1366418415,10.5584586971],[76.133225815,10.5597467531],[76.136366413,10.5697003454],[76.1434945089,10.5720569704],[76.1469352536,10.5692880941],[76.1497004112,10.5710138427],[76.1542282394,10.5693682725],[76.1579008747,10.5708955643],[76.1652357739,10.5649329928],[76.1703108505,10.565875942],[76.1721132407,10.5709558438],[76.1774343099,10.5688434209],[76.181772389,10.5699899078],[76.1838411118,10.5722201732],[76.1843621486,10.56477159],[76.1830883212,10.5539794423],[76.1799934084,10.5511240262],[76.1808322657,10.5473361557],[76.1745552544,10.536376264],[76.1705532832,10.5332520381],[76.1650918364,10.5319170987],[76.1469587531,10.5305997837],[76.1475464888,10.5172680328],[76.1474252659,10.5142347578]]]]}},{"type":"Feature","properties":{"code":"G08062","name":"Alagappanagar","type":"Grama Panchayat","leading":"UDF","seats":{"LDF":7,"UDF":12,"NDA":0,"OTHERS":0}},"geometry":{"type":"MultiPolygon","coordinates":[[[[76.29595962,10.4204239024],[76.29380004,10.421688549],[76.2895368998,10.4211216369],[76.2898811431,10.4246464937],[76.292244537,10.4261091005],[76.3004232268,10.4262182093],[76.2930040783,10.4264590993],[76.2881617034,10.4238906429],[76.2885430016,10.4288453692],[76.2872976544,10.4237922442],[76.2842271605,10.4273112679],[76.2749324461,10.4268638227],[76.2761062814,10.428934313],[76.2716585652,10.4272777095],[76.2719671607,10.4259841339],[76.2677476277,10.42528434],[76.2637356016,10.4397692148],[76.2657123161,10.4392630086],[76.2672951784,10.4418854226],[76.275480307,10.4417344502],[76.2910248668,10.4462021858],[76.2910383326,10.4499647753],[76.2954299629,10.4505847806],[76.2979694988,10.4527390169],[76.3000049932,10.4499796696],[76.3062786075,10.4509873402],[76.310297793,10.4538784946],[76.3131686281,10.4506966286],[76.3193363529,10.4517835091],[76.3255635301,10.4479524305],[76.3287625747,10.4481514061],[76.3285179411,10.4504137849],[76.3344637459,10.4471215703],[76.3353754759,10.4493204417],[76.3381790024,10.4500448046],[76.342222175,10.4458565261],[76.3447332342,10.4472786534],[76.3467336903,10.4461096332],[76.3412245488,10.4401254074],[76.3380918772,10.4405197879],[76.3362174832,10.4377747558],[76.3342065464,10.4377013793],[76.332962425,10.439912013],[76.3291222427,10.4413103022],[76.3201459843,10.4400402891],[76.315871529,10.4373567491],[76.318097507,10.4287818022],[76.315624741,10.4253028076],[76.3187878438,10.421058215],[76.317523013,10.4186673223],[76.3154066842,10.4182313436],[76.3168873917,10.4133094073],[76.3142862177,10.4129488064],[76.3107065752,10.4163015414],[76.3077418777,10.4159212078],[76.2965373573,10.4202945468],[76.29595962,10.4204239024]]]]}},{"type":"Feature","properties":{"code":"G08078","name":"Aloor","type":"Grama Panchayat","leading":"UDF","seats":{"LDF":6,"UDF":17,"NDA":1,"OTHERS":0}},"geometry":{"type":"MultiPolygon","coordinates":[[[[76.2778383036,10.2883759152],[76.2771859388,10.2873639715],[76.2753160108,10.2896446444],[76.2694930558,10.2885673466],[76.2664727584,10.2897701257],[76.2665687948,10.2976300044],[76.2645436125,10.2981287867],[76.2646980194,10.2993959448],[76.2683841369,10.3033820986],[76.2694624104,10.3131535204],[76.265222029,10.3157550852],[76.2624813579,10.3144189458],[76.258666833,10.3150078373],[76.2572776759,10.3183332711],[76.2625284092,10.3318605131],[76.2613315198,10.3391353035],[76.2563162967,10.3420400633],[76.2600949166,10.3443718238],[76.2655236374,10.343248058],[76.2660336901,10.3462469297],[76.2687765257,10.3463566795],[76.2670836117,10.3470060966],[76.2676091562,10.3499416458],[76.2651476434,10.3513582433],[76.26713822,10.3547569006],[76.2695447403,10.3553187834],[76.2693889105,10.3607668809],[76.2710683505,10.3609974533],[76.2712768236,10.3592592537],[76.273955392,10.3606923815],[76.2729255227,10.3559374695],[76.2703127804,10.3561305462],[76.2713585568,10.3550287137],[76.2729995224,10.3558679923],[76.274006255,10.3606996468],[76.280232567,10.3597917221],[76.2855283392,10.3608708094],[76.2855530102,10.3493662771],[76.2880997477,10.3498599746],[76.2900915466,10.3476183619],[76.2982654156,10.3482423322],[76.3025071317,10.3467635001],[76.3098178794,10.3477111136],[76.3154767259,10.3364453294],[76.3090934797,10.3186095697],[76.3118857694,10.3121746993],[76.3093002287,10.307468399],[76.3114543934,10.2963088792],[76.3104479591,10.2926235093],[76.3069917393,10.2908360877],[76.30661,10.2920166667],[76.3008629287,10.2922184068],[76.2963071254,10.2902998403],[76.2945454942,10.2908560528],[76.2942631242,10.2941872301],[76.2919276768,10.2937668631],[76.2848927974,10.300218336],[76.2827099291,10.298123031],[76.2855516891,10.2977881482],[76.2857480878,10.2965065768],[76.281174575,10.2940571539],[76.2777556142,10.2890445936],[76.2778383036,10.2883759152]]]]}},{"type":"Feature","properties":{"code":"G08079","name":"Annamanada","type":"Grama Panchayat","leading":"UDF","seats":{"LDF":5,"UDF":14,"NDA":0,"OTHERS":1}},"geometry":{"type":"MultiPolygon","coordinates":[[[[76.3104908271,10.2057368826],[76.3079677979,10.2076583752],[76.3098446923,10.2100325223],[76.3084344353,10.2145168723],[76.305045374,10.2150123866],[76.3054589356,10.2166958117],[76.3027444098,10.2204200433],[76.2963079341,10.2244761436],[76.2924887434,10.222822543],[76.2931586795,10.2310453307],[76.2902873132,10.2330655011],[76.2896638102,10.2413394326],[76.2859658955,10.2487110744],[76.2874917324,10.2511620193],[76.2897009233,10.2514437241],[76.2905348965,10.256326782],[76.2964176474,10.2570756491],[76.2997298091,10.2529512443],[76.304915477,10.251026547],[76.3084628429,10.2517188225],[76.3109954287,10.2475636288],[76.3169663535,10.2484855912],[76.3186277488,10.2440738322],[76.3164723872,10.2404107],[76.3198412901,10.2404289248],[76.3271737639,10.2430122175],[76.3287266086,10.2420214718],[76.3299834605,10.2432490695],[76.3279303886,10.2457000568],[76.3291573384,10.2487481639],[76.3395814481,10.2501121221],[76.3445326114,10.2562342797],[76.349194278,10.2580127674],[76.3544700669,10.2575680859],[76.3561579905,10.2506971838],[76.3531521137,10.2410520168],[76.3606622061,10.2377027853],[76.3406688523,10.2316628524],[76.3413192507,10.2268071206],[76.3380955402,10.2253633011],[76.3368772357,10.215753743],[76.3354912929,10.2132075756],[76.3328608117,10.2131394564],[76.3313243135,10.2092901808],[76.3118136112,10.2063449892],[76.3104908271,10.2057368826]]]]}},{"type":"Feature","properties":{"code":"G08053","name":"Anthikkad","type":"Grama Panchayat","leading":"LDF","seats":{"LDF":8,"UDF":6,"NDA":1,"OTHERS":1}},"geometry":{"type":"MultiPolygon","coordinates":[[[[76.1126693474,10.4490652998],[76.1126693474,10.4490652998],[76.1126693474,10.4490652998]]]]}},{"type":"Feature","properties":{"code":"G08057","name":"Arimbur","type":"Grama Panchayat","leading":"UDF","seats":{"LDF":8,"UDF":10,"NDA":0,"OTHERS":2}},"geometry":{"type":"MultiPolygon","coordinates":[[[[76.1462361279,10.4699627671],[76.1406715981,10.4706366775],[76.1320603655,10.4684434276],[76.1255437173,10.4917302495],[76.1248426416,10.5068437049],[76.129972889,10.5081096727],[76.1313554611,10.5103730236],[76.1349127701,10.5117173019],[76.1474252659,10.5142347578],[76.1588322192,10.5149271971],[76.1602950946,10.5093772591],[76.1626712123,10.5070318226],[76.1636664564,10.4998574861],[76.1723067111,10.5041827033],[76.1744171827,10.5038227143],[76.1768788082,10.4990871748],[76.1771474478,10.489802278],[76.1794281921,10.4896767796],[76.1687899152,10.4754829409],[76.1660542443,10.4682579183],[76.1601166582,10.4674417899],[76.1465276436,10.469992073],[76.1462361279,10.4699627671]]]]}},{"type":"Feature","properties":{"code":"G08088","name":"Athirappilly","type":"Grama Panchayat","leading":"LDF","seats":{"LDF":8,"UDF":4,"NDA":2,"OTHERS":0}},"geometry":{"type":"MultiPolygon","coordinates":[[[[76.4442657104,10.2941839472],[76.4447135313,10.3091951702],[76.4505423139,10.3106125956],[76.4509624098,10.3138460271],[76.453119488,10.3136599386],[76.4552251726,10.3157125391],[76.4593642679,10.3226730299],[76.4710659116,10.3198911556],[76.5015296361,10.3313602627],[76.5124411312,10.3296473389],[76.5241000495,10.3310983894],[76.5264755457,10.3320629159],[76.5286010466,10.3373585123],[76.5308060327,10.3387180726],[76.5431006429,10.3372677586],[76.5391207631,10.3439281352],[76.5414727565,10.3480338697],[76.5425423553,10.3591447554],[76.5487421731,10.3681808892],[76.5628981323,10.3656857388],[76.5756381609,10.3708869332],[76.5912781557,10.3712577332],[76.5973753807,10.3695982944],[76.6019503163,10.3701322699],[76.6072704832,10.3681800139],[76.6098480596,10.3654300874],[76.6133073482,10.3654642345],[76.6181847066,10.3672293949],[76.6181250416,10.3695908209],[76.6298068237,10.3768228601],[76.6327388529,10.3764108493],[76.6364681967,10.3811626849],[76.6409854074,10.380596212],[76.642785093,10.3835170767],[76.6457545742,10.3839419275],[76.651925516,10.3814315821],[76.6550829959,10.3777927581],[76.658096384,10.3801290588],[76.6581206203,10.38445991],[76.661683366,10.3863829477],[76.6690431423,10.3784364345],[76.6688896453,10.3759491344],[76.6706912152,10.3740101391],[76.6808381735,10.3675175962],[76.6834578342,10.3689917109],[76.6872285973,10.3640053876],[76.6954555778,10.3625189951],[76.7026563897,10.3635370967],[76.7074169656,10.3712429948],[76.7192108517,10.3732132322],[76.731058618,10.3686979522],[76.7487230395,10.3666036324],[76.7548954786,10.3612714433],[76.7634389051,10.3618556891],[76.7649712115,10.3593032335],[76.7638494955,10.3549394441],[76.7959392074,10.3413355006],[76.8071711568,10.3412555843],[76.8152590264,10.344881597],[76.8175964527,10.3442377855],[76.823986531,10.3374243191],[76.8358308175,10.3329147149],[76.8340347813,10.3219339963],[76.8286629652,10.3078547133],[76.8302662073,10.3036322635],[76.8373892466,10.3020021455],[76.8406895138,10.2996558154],[76.8447691173,10.2948852416],[76.8421884411,10.2924717209],[76.8426166999,10.2900341509],[76.8481838164,10.2875692726],[76.8487131532,10.2852773832],[76.8522152555,10.2850948033],[76.8512614012,10.2899038426],[76.8551035582,10.2928409237],[76.8579224369,10.2936356634],[76.8622502173,10.2920067235],[76.8643495879,10.2953087629],[76.8683531031,10.2960340731],[76.8705141566,10.2988787625],[76.8731212816,10.2984968464],[76.8744975547,10.294306521],[76.8734208032,10.2763327061],[76.8841260736,10.2708619089],[76.8914425194,10.2630571211],[76.8974110645,10.2624407584],[76.9013949889,10.2512240242],[76.9034269695,10.251523859],[76.9024393184,10.2446192906],[76.9005015093,10.2427261865],[76.8952745059,10.241424052],[76.8901786542,10.2455013378],[76.8803372333,10.2475648942],[76.8719825782,10.2515680192],[76.8621030487,10.2527999961],[76.8526835147,10.2587104369],[76.8457503007,10.261003934],[76.8371442113,10.2594615229],[76.834349331,10.2572033158],[76.8332159099,10.2535736212],[76.8289850207,10.2541079944],[76.8290724562,10.257276646],[76.8230986069,10.2571529868],[76.821705683,10.2541530005],[76.8191962396,10.2568673261],[76.8160261884,10.2557814653],[76.8137892889,10.25217518],[76.8189147833,10.2507345686],[76.8162046672,10.2498055189],[76.8186977545,10.248050738],[76.8175901883,10.2463034032],[76.7989122305,10.2475991567],[76.8039694936,10.2504211968],[76.804885017,10.2525267802],[76.8037349505,10.2550163494],[76.8025768919,10.2521230406],[76.8001052424,10.2515555363],[76.7851118591,10.2543936317],[76.7786703132,10.2504700554],[76.7773943978,10.2523422113],[76.7658411097,10.2544599151],[76.763868601,10.2532899123],[76.7646067362,10.252568595],[76.7540429716,10.2509517823],[76.7562312655,10.2532719757],[76.7398480224,10.2531424867],[76.7402240975,10.2547716992],[76.7382145539,10.2556882532],[76.7308926976,10.2554885662],[76.7296094424,10.256698612],[76.7206760968,10.2548139096],[76.7065833277,10.2553807062],[76.7064671057,10.252398534],[76.711405065,10.252105794],[76.7035772504,10.2518486216],[76.7007229107,10.2546679026],[76.6966418235,10.2556537848],[76.6957188099,10.2637224709],[76.6696471238,10.2722837956],[76.6622838418,10.2774845695],[76.6621124313,10.2806617489],[76.6461983499,10.2808944666],[76.6412570763,10.2752701991],[76.6367137733,10.2739889212],[76.6215320871,10.2743109865],[76.6189644794,10.2811505001],[76.6034442469,10.2810520744],[76.5902373988,10.2933705645],[76.5900067047,10.2994817917],[76.5863540111,10.2985684269],[76.5833254173,10.3014694942],[76.5771837639,10.3034298807],[76.5665888078,10.2934054762],[76.57399006,10.2856114098],[76.5662025363,10.2859222902],[76.5547773642,10.283586038],[76.5466566217,10.2900448171],[76.5240467371,10.2844410823],[76.5161887497,10.2879318223],[76.4975885805,10.2877649106],[76.4955376938,10.2914354558],[76.4899294345,10.2937760302],[76.4840122691,10.2914818139],[76.4784894998,10.292605457],[76.4735982961,10.2913310426],[76.4590674787,10.2966056056],[76.4487761667,10.2972452486],[76.4446559786,10.2945569751],[76.4442657104,10.2941839472]]]]}},{"type":"Feature","properties":{"code":"G08032","name":"Avanur","type":"Grama Panchayat","leading":"LDF","seats":{"LDF":8,"UDF":5,"NDA":1,"OTHERS":2}},"geometry":{"type":"MultiPolygon","coordinates":[[[[76.174808061,10.5834251582],[76.1721254437,10.5824433435],[76.1683580109,10.5880823526],[76.1678123311,10.598656809],[76.168935534,10.5986773712],[76.1637229908,10.6033587832],[76.1644132899,10.607653582],[76.1590384179,10.6056845851],[76.1558429929,10.6080678086],[76.1577806524,10.6119155598],[76.1649728175,10.611427204],[76.1651611591,10.6134842627],[76.1678114891,10.6143046354],[76.1676363231,10.6172298571],[76.1743779054,10.6167466093],[76.1727734684,10.6277483148],[76.1760983106,10.6303057136],[76.1845286749,10.6287136811],[76.1852724852,10.6269529512],[76.1874780848,10.6276772618],[76.1901313154,10.623898953],[76.1893954079,10.6189128999],[76.1927878907,10.6174964519],[76.1972609729,10.6179221492],[76.1970863987,10.6160904996],[76.2008436864,10.6175044309],[76.200865478,10.6152192521],[76.2017965712,10.6174618494],[76.2046141608,10.6171167307],[76.2052980687,10.6148657056],[76.2083110139,10.6163673122],[76.2131562617,10.6158582476],[76.2117775367,10.6125629535],[76.2050603819,10.6116705538],[76.205324602,10.5998435925],[76.2000269651,10.5980278119],[76.1989014262,10.5937355785],[76.1960933469,10.5951180158],[76.1966528868,10.5972161615],[76.1943301962,10.5970325109],[76.1951450293,10.5836580631],[76.1947302107,10.5819552554],[76.1903285118,10.5811285658],[76.1901649999,10.5738906175],[76.1801543506,10.5704179218],[76.1786883248,10.5781416919],[76.1802421983,10.5822099094],[76.1787657293,10.5838066188],[76.1750651082,10.5834812537],[76.174808061,10.5834251582]]]]}},{"type":"Feature","properties":{"code":"G08058","name":"Avinissery","type":"Grama Panchayat","leading":"TIE","seats":{"LDF":2,"UDF":7,"NDA":7,"OTHERS":0}},"geometry":{"type":"MultiPolygon","coordinates":[[[[76.2223264308,10.4577558277],[76.2223264308,10.4577558277],[76.2223264308,10.4577558277]]]]}},{"type":"Feature","properties":{"code":"G08055","name":"Chazhur","type":"Grama Panchayat","leading":"LDF","seats":{"LDF":12,"UDF":6,"NDA":1,"OTHERS":0}},"geometry":{"type":"MultiPolygon","coordinates":[[[[76.1426771111,10.4212161708],[76.1344882917,10.4313011943],[76.1322619318,10.4381189074],[76.133334305,10.4402229871],[76.1304527362,10.4413908827],[76.1320689795,10.4431826416],[76.1306567493,10.4451119933],[76.1324707367,10.4456990078],[76.1334317812,10.4493831407],[76.1381674221,10.4497678324],[76.1409295174,10.452126299],[76.1404820972,10.455333007],[76.1428596205,10.4559872165],[76.1429590481,10.4633619131],[76.1463785215,10.4641924782],[76.1462361279,10.4699627671],[76.161344342,10.4674192336],[76.1627169495,10.4543989994],[76.1597334997,10.4536688402],[76.1605697417,10.4507556837],[76.1632208679,10.4482533115],[76.1735227523,10.4448895079],[76.1726683362,10.4340969995],[76.1755362413,10.4335194455],[76.1806454894,10.4209565153],[76.179908899,10.4158434111],[76.184220191,10.4143702264],[76.1912183611,10.4182642823],[76.1941506944,10.4189813977],[76.1951140532,10.4177910067],[76.1907649971,10.4100473814],[76.1783163464,10.4060442685],[76.1752827471,10.4032275221],[76.1723642808,10.4028745929],[76.1719143142,10.400415732],[76.1674330041,10.4001714717],[76.1626640413,10.4038757679],[76.1576541161,10.4038082713],[76.1556639105,10.4062578619],[76.1536329189,10.4062654507],[76.154526329,10.408190197],[76.1532169044,10.4117639443],[76.1460009084,10.4116716314],[76.1440737251,10.4176498513],[76.1420854596,10.4207531781],[76.1412551749,10.4201216553],[76.1426070297,10.4212306766],[76.1426771111,10.4212161708]]]]}},{"type":"Feature","properties":{"code":"G08021","name":"Chelakkara","type":"Grama Panchayat","leading":"TIE","seats":{"LDF":12,"UDF":12,"NDA":0,"OTHERS":0}},"geometry":{"type":"MultiPolygon","coordinates":[[[[76.3202226192,10.657524875],[76.3208533449,10.6610569431],[76.3246938477,10.6645665283],[76.3205048289,10.6688861643],[76.3102571073,10.6734438191],[76.3122828819,10.6750987375],[76.3127955031,10.6787731038],[76.3039728897,10.681704348],[76.3018023118,10.6852316241],[76.3025466033,10.6885064842],[76.3001413855,10.6912558899],[76.3003688521,10.6943297753],[76.3191846268,10.7000893786],[76.3260196934,10.6978629153],[76.3251310367,10.7033420434],[76.32910626,10.7062387663],[76.3299533069,10.7113014336],[76.3318977936,10.7098054518],[76.3373379966,10.7098687345],[76.3417362889,10.7182200749],[76.3442477356,10.7194878711],[76.3480013772,10.7301685004],[76.3509912745,10.732487933],[76.3547952924,10.7303043229],[76.3555891922,10.7342318583],[76.3600351184,10.7401009263],[76.3642647324,10.7426196702],[76.375850792,10.7405517812],[76.3838548339,10.7307135515],[76.3786777932,10.7256933425],[76.3736462611,10.7240756449],[76.3715702293,10.7198448218],[76.3747031006,10.7187041799],[76.3746670504,10.7171524879],[76.3660184065,10.7096782286],[76.3685054973,10.7021055488],[76.3655174622,10.6993034081],[76.364011551,10.6885206178],[76.3680988466,10.6896870795],[76.3709168884,10.6884471773],[76.3705233773,10.6864659271],[76.3745268557,10.6850413836],[76.3746459607,10.6815200981],[76.3778081239,10.6795355234],[76.3803655738,10.6801700546],[76.3828749666,10.6777650065],[76.3862482836,10.6786867604],[76.391633198,10.6845151566],[76.3956482867,10.6844947555],[76.3962015248,10.6872958708],[76.3980729341,10.6849136806],[76.4011736109,10.684347105],[76.4017964072,10.6790795367],[76.4033935426,10.6773944922],[76.4029178561,10.6703697876],[76.4058282402,10.6659833325],[76.3992148327,10.6668478169],[76.3947065809,10.6647731619],[76.3922216636,10.6659098252],[76.3920967919,10.6636491265],[76.3964785968,10.6582786278],[76.3928209979,10.6578215148],[76.3887949358,10.654478436],[76.3807943601,10.6555223646],[76.3741044183,10.6465869856],[76.3668859034,10.6469147238],[76.3621756395,10.64474596],[76.3636541772,10.6374212604],[76.3690845704,10.6343480971],[76.3621496398,10.632879736],[76.3601894366,10.6360956812],[76.3575263613,10.6368752893],[76.3514830297,10.6438933633],[76.3493376905,10.6436368769],[76.3320869463,10.6607288833],[76.3213832806,10.657671],[76.3202226192,10.657524875]]]]}},{"type":"Feature","properties":{"code":"G08059","name":"Cherpu","type":"Grama Panchayat","leading":"UDF","seats":{"LDF":6,"UDF":11,"NDA":4,"OTHERS":1}},"geometry":{"type":"MultiPolygon","coordinates":[[[[76.2158499272,10.4038206412],[76.2158499272,10.4038206412],[76.2158499272,10.4038206412]]]]}},{"type":"Feature","properties":{"code":"G08006","name":"Choondal","type":"Grama Panchayat","leading":"LDF","seats":{"LDF":13,"UDF":7,"NDA":0,"OTHERS":0}},"geometry":{"type":"MultiPolygon","coordinates":[[[[76.1090485561,10.6094629462],[76.1042863545,10.6077553825],[76.1043043005,10.6056637081],[76.1002710682,10.6051845117],[76.0995918296,10.610313093],[76.0936388953,10.6132347543],[76.0924287779,10.6162942238],[76.0897625701,10.616448224],[76.0878971652,10.6144355674],[76.0835730368,10.6147099847],[76.0827226011,10.6161200706],[76.0807112148,10.614379937],[76.0772427171,10.6143316004],[76.0790393883,10.6252268374],[76.0826819589,10.6241472761],[76.0873178211,10.6300673771],[76.0925974169,10.6289188028],[76.1059553551,10.6308821922],[76.1051666996,10.6346870219],[76.1102106941,10.6374994096],[76.1143073574,10.6360934238],[76.1197523436,10.6410241443],[76.1205295179,10.6458477363],[76.1221480598,10.6449929413],[76.127432089,10.6497720112],[76.1311332682,10.6468454314],[76.1318663047,10.6443498401],[76.1351814704,10.6441125982],[76.1358375949,10.6421134614],[76.1413540766,10.6436359243],[76.1430626179,10.6392350789],[76.1390851914,10.6385358749],[76.1390626205,10.6356577776],[76.1426692089,10.6345200334],[76.1428778185,10.6322667509],[76.1446603688,10.6325233382],[76.1443792359,10.6208217552],[76.140603206,10.6209151918],[76.1408044113,10.6190101575],[76.1366448928,10.6166611548],[76.1366386832,10.6141229545],[76.133792703,10.6135009427],[76.1315216621,10.6079713068],[76.123799359,10.6084498274],[76.1235791032,10.6068178572],[76.1176275229,10.6061630125],[76.1129315175,10.6071698514],[76.1110512951,10.6109795026],[76.109179429,10.6095316639],[76.1090485561,10.6094629462]]]]}},{"type":"Feature","properties":{"code":"G08007","name":"Chowannur","type":"Grama Panchayat","leading":"LDF","seats":{"LDF":6,"UDF":5,"NDA":1,"OTHERS":2}},"geometry":{"type":"MultiPolygon","coordinates":[[[[76.0973729965,10.630292798],[76.0973729965,10.630292798],[76.0973729965,10.630292798]]]]}},{"type":"Feature","properties":{"code":"G08014","name":"Desamangalam","type":"Grama Panchayat","leading":"UDF","seats":{"LDF":6,"UDF":10,"NDA":0,"OTHERS":0}},"geometry":{"type":"MultiPolygon","coordinates":[[[[76.1909182596,10.744680965],[76.1905897677,10.7482535158],[76.1942817652,10.7524630384],[76.2035970807,10.7522396079],[76.2054592088,10.7683705314],[76.1980439557,10.7748707948],[76.1947727085,10.7759285184],[76.1945306797,10.7780713845],[76.1921493515,10.7770241025],[76.1881925711,10.7827688062],[76.195504671,10.7831636402],[76.2047622642,10.7785123242],[76.2098099409,10.7777051878],[76.2202213523,10.7822741587],[76.225122294,10.7795509024],[76.2298462006,10.7731466225],[76.2420338376,10.7738486773],[76.2458707228,10.7701997549],[76.247899899,10.7623272403],[76.2451277055,10.7546861628],[76.245613514,10.7495766347],[76.2500761637,10.7470796932],[76.2451262019,10.7394837369],[76.2452330775,10.7354480522],[76.235433059,10.7346217712],[76.2357166931,10.7284646561],[76.2323929817,10.7271877682],[76.2285186086,10.7308879285],[76.2282304169,10.7339988829],[76.2158958887,10.7368735284],[76.214305919,10.7427606331],[76.2103556981,10.746169474],[76.2012598543,10.7416971619],[76.191165625,10.7445690818],[76.1909182596,10.744680965]]]]}},{"type":"Feature","properties":{"code":"G08046","name":"Edathiruthy","type":"Grama Panchayat","leading":"LDF","seats":{"LDF":14,"UDF":5,"NDA":0,"OTHERS":0}},"geometry":{"type":"MultiPolygon","coordinates":[[[[76.1203098919,10.349724597],[76.1148702834,10.3478764266],[76.115121052,10.3440162388],[76.1125543541,10.3429915772],[76.1086042483,10.351820034],[76.1196332243,10.3545014358],[76.1226652158,10.3575957735],[76.1221782182,10.3598485288],[76.1251938387,10.3620520638],[76.1242777412,10.364287809],[76.1315924679,10.3666935404],[76.1280277096,10.3773813838],[76.1208724026,10.3907875856],[76.1247525158,10.3921063872],[76.1226051103,10.3990175833],[76.1277003934,10.4036330445],[76.1376507721,10.3951342205],[76.1348731778,10.3895060731],[76.1380394092,10.3856467783],[76.1431843345,10.3863353655],[76.1491837463,10.3940289313],[76.1452464497,10.3852206629],[76.14893165,10.383348685],[76.1509380442,10.3739688202],[76.1537457294,10.3710280163],[76.1539073573,10.3657148646],[76.157066399,10.3627033274],[76.1525375731,10.3549208193],[76.1539819496,10.3529925632],[76.1595814477,10.3522743363],[76.1581239464,10.3467431323],[76.1530139663,10.342524147],[76.1531870646,10.3405182896],[76.1565143149,10.3384586813],[76.1545498401,10.3354315676],[76.1544184109,10.3377711063],[76.1494201533,10.3416039356],[76.1463675757,10.349084779],[76.1348293007,10.3476824387],[76.1334049674,10.3491794026],[76.1300252056,10.346811966],[76.1255061971,10.3501704421],[76.1205755089,10.3496780043],[76.1203098919,10.349724597]]]]}},{"type":"Feature","properties":{"code":"G08051","name":"Edavilangu","type":"Grama Panchayat","leading":"LDF","seats":{"LDF":10,"UDF":0,"NDA":6,"OTHERS":0}},"geometry":{"type":"MultiPolygon","coordinates":[[[[76.1483883736,10.2249713778],[76.143631405,10.2402648635],[76.1537895293,10.2491899294],[76.1621940774,10.2519323346],[76.1704900577,10.2465492549],[76.1770612615,10.2482705701],[76.1765919063,10.2501611973],[76.1801361316,10.2509704928],[76.1847467048,10.2428789052],[76.1789335994,10.241064603],[76.1775576607,10.2387134329],[76.1733875631,10.2388877636],[76.17321542,10.23522555],[76.1578863236,10.2317068439],[76.1567173172,10.2300495984],[76.1575344405,10.2265035573],[76.1541165412,10.2252823673],[76.1527967474,10.2269295516],[76.1492493192,10.225078847],[76.1483883736,10.2249713778]],[[76.1760657744,10.2479734681],[76.1756060551,10.2476725229],[76.1760657744,10.2479734681]]]]}},{"type":"Feature","properties":{"code":"G08037","name":"Elavally","type":"Grama Panchayat","leading":"LDF","seats":{"LDF":11,"UDF":5,"NDA":1,"OTHERS":1}},"geometry":{"type":"MultiPolygon","coordinates":[[[[76.0859292527,10.5540483001],[76.0865437586,10.5511220236],[76.0843220325,10.5479574077],[76.0856297888,10.5480051956],[76.0856723403,10.5464158171],[76.0831946373,10.5473490827],[76.0758662386,10.5449933533],[76.0720122014,10.5552775789],[76.0729442243,10.557897757],[76.0704494677,10.5573426835],[76.0671886526,10.5655207852],[76.0690481319,10.567232241],[76.0661327422,10.5681156524],[76.0667054458,10.5707138964],[76.0640321694,10.5742215107],[76.0632527825,10.5787677347],[76.0748587592,10.5824914622],[76.0759925438,10.5778059388],[76.0789482554,10.581122723],[76.0833354996,10.5801952946],[76.0856085228,10.5864254661],[76.0984386623,10.5929974473],[76.1012325314,10.5909927034],[76.1079187791,10.5902315607],[76.1081075533,10.5885097436],[76.1138389011,10.589694738],[76.1144440694,10.5876132539],[76.1166113653,10.5876101706],[76.1151536128,10.5861615971],[76.1174061149,10.5850941018],[76.1180262682,10.5824197392],[76.1158006173,10.5817320001],[76.1143057396,10.5788451017],[76.1168233835,10.5777189309],[76.1170205779,10.5686425574],[76.1112428352,10.5677255066],[76.1079001613,10.5621098572],[76.0991601791,10.5619329965],[76.0990514693,10.5596360863],[76.0883086127,10.5574894082],[76.0857778524,10.5544362598],[76.0859292527,10.5540483001]]]]}},{"type":"Feature","properties":{"code":"G08041","name":"Engandiyoor","type":"Grama Panchayat","leading":"LDF","seats":{"LDF":7,"UDF":6,"NDA":4,"OTHERS":0}},"geometry":{"type":"MultiPolygon","coordinates":[[[[76.0498601465,10.4881433971],[76.0394263357,10.5063532388],[76.0403867013,10.5132294202],[76.0334205776,10.5267552624],[76.0362486434,10.5342952694],[76.0498890787,10.5327547006],[76.0556201436,10.5355376515],[76.0592030766,10.5350713043],[76.0727873272,10.5131377363],[76.0739245819,10.5067488939],[76.078400589,10.5014688827],[76.0788942125,10.4951220459],[76.0750939595,10.4927109421],[76.0692360987,10.4912524379],[76.0663287896,10.4960339151],[76.0572829796,10.492167505],[76.0581414885,10.4869873747],[76.0504123099,10.488379131],[76.0498601465,10.4881433971]]]]}},{"type":"Feature","properties":{"code":"G08052","name":"Eriyad","type":"Grama Panchayat","leading":"LDF","seats":{"LDF":17,"UDF":5,"NDA":0,"OTHERS":2}},"geometry":{"type":"MultiPolygon","coordinates":[[[[76.1483883736,10.2249713778],[76.1527967474,10.2269295516],[76.1541165412,10.2252823673],[76.1575344405,10.2265035573],[76.1567173172,10.2300495984],[76.1578863236,10.2317068439],[76.17321542,10.23522555],[76.1724072,10.23803192],[76.1735960888,10.23895108],[76.1764591535,10.2383643762],[76.1803940539,10.2306099253],[76.1829676592,10.228671587],[76.1830810656,10.226372406],[76.1859497226,10.2264180805],[76.1869885328,10.2243906267],[76.1882424604,10.2253006019],[76.1903084559,10.2188775813],[76.1867956356,10.2168548688],[76.1803105319,10.2162565705],[76.1800232819,10.2135173559],[76.1747442006,10.2095060032],[76.1768182996,10.2006595127],[76.181710885,10.1941990826],[76.1814697652,10.1901383826],[76.1690280438,10.1849121645],[76.1637106887,10.177458205],[76.1625490246,10.1777858637],[76.1486588005,10.2232206187],[76.1483883736,10.2249713778]]]]}},{"type":"Feature","properties":{"code":"G08015","name":"Erumapetty","type":"Grama Panchayat","leading":"LDF","seats":{"LDF":10,"UDF":8,"NDA":0,"OTHERS":1}},"geometry":{"type":"MultiPolygon","coordinates":[[[[76.1824066066,10.6597725876],[76.1830460985,10.6679127572],[76.1809770307,10.6765004689],[76.173307181,10.6775088321],[76.1714996705,10.6790827342],[76.1705060196,10.6780724353],[76.1703081225,10.6797603118],[76.1672534231,10.6792444548],[76.1658463685,10.6764750646],[76.1641595545,10.6762473606],[76.1645632479,10.674980504],[76.1569681142,10.6713787885],[76.1532520892,10.6681793024],[76.1540614133,10.665596876],[76.1516617175,10.6654166554],[76.1502536045,10.662947527],[76.1481640442,10.6618627937],[76.1452942141,10.6628883831],[76.1466794892,10.6774072778],[76.1491460833,10.6843229564],[76.1530598326,10.6878533478],[76.1538834709,10.6918428612],[76.1570171343,10.6914385999],[76.1571987811,10.689601894],[76.1603453757,10.6899643948],[76.1606736849,10.6934780518],[76.1657520223,10.6979186369],[76.166026956,10.7011017836],[76.1676838434,10.7020562901],[76.1718153775,10.700814136],[76.1737872637,10.7067328348],[76.1787848605,10.7065476722],[76.1829776421,10.7091824705],[76.1861569752,10.7072605759],[76.1893813491,10.7086242942],[76.1885884929,10.705843577],[76.1916397429,10.7041311199],[76.1942490835,10.7048857701],[76.1942106028,10.7018369288],[76.199368938,10.7000455084],[76.1991449393,10.6967258986],[76.2010502536,10.6943998111],[76.2066428766,10.6991548042],[76.208196371,10.698369069],[76.2082926138,10.694307283],[76.2140890313,10.6948584676],[76.2152188755,10.6986779215],[76.2121543632,10.70436247],[76.2127034779,10.7066983378],[76.2149113253,10.7077968811],[76.2248198443,10.7064281921],[76.241748141,10.6972071789],[76.2478016981,10.6978272252],[76.246530105,10.6949848859],[76.2469581798,10.6885642428],[76.244531129,10.6860057036],[76.2392364695,10.6842732021],[76.2400230482,10.6819104598],[76.2383331003,10.6784888358],[76.2346282991,10.6776524218],[76.2333210957,10.6718892133],[76.2302664871,10.6693633221],[76.2274842127,10.670985491],[76.2281566995,10.6736022828],[76.2269466603,10.6747330693],[76.2198161258,10.6691622949],[76.2048829052,10.6716545841],[76.2019511702,10.6692193474],[76.1975589363,10.6694386067],[76.1967275093,10.6670016718],[76.1913658707,10.6658402871],[76.1913866392,10.6616002082],[76.1895657802,10.6605988155],[76.182547665,10.659825056],[76.1824066066,10.6597725876]]]]}},{"type":"Feature","properties":{"code":"G08012","name":"Kadangode","type":"Grama Panchayat","leading":"LDF","seats":{"LDF":11,"UDF":8,"NDA":1,"OTHERS":1}},"geometry":{"type":"MultiPolygon","coordinates":[[[[76.1226782264,10.6498782702],[76.1221188184,10.6474135949],[76.1236992576,10.6472166201],[76.1221480598,10.6449929413],[76.1205295179,10.6458477363],[76.1208686765,10.6433712411],[76.1179546531,10.6390485766],[76.1143073574,10.6360934238],[76.1092067659,10.6381602079],[76.1103032673,10.6406303974],[76.1093448233,10.6463286146],[76.1141640414,10.6467694978],[76.1172899849,10.6502992395],[76.1133150319,10.6548834737],[76.1082438008,10.6555398318],[76.1055820903,10.6657544059],[76.0997474209,10.6629343659],[76.0945949004,10.6673327107],[76.0996673002,10.6742875045],[76.1057691935,10.675943769],[76.1026796875,10.677777415],[76.1023317719,10.6875322137],[76.0934328068,10.69226531],[76.098517852,10.6950974912],[76.1158439277,10.691907949],[76.1213929479,10.6980984451],[76.1253155143,10.6984310608],[76.127080718,10.7044867953],[76.125934111,10.7046954122],[76.1292063143,10.7105288234],[76.1270819526,10.7149650983],[76.1302553676,10.7163334829],[76.1330450117,10.7221506717],[76.1357025099,10.7193273325],[76.1444042183,10.7194617574],[76.1534732854,10.7112765036],[76.154525708,10.7159714466],[76.1571438229,10.7175963615],[76.1620553328,10.7044707044],[76.1673755594,10.7059507955],[76.1692778659,10.7043158305],[76.1697033045,10.7025994188],[76.166026956,10.7011017836],[76.1657520223,10.6979186369],[76.1606736849,10.6934780518],[76.1603453757,10.6899643948],[76.1571987811,10.689601894],[76.1570171343,10.6914385999],[76.1538834709,10.6918428612],[76.1530598326,10.6878533478],[76.1488172036,10.6836761506],[76.1466574809,10.6768051624],[76.1405310495,10.6746315768],[76.1383635565,10.6720135727],[76.1373958594,10.6673604686],[76.1389774092,10.6623237008],[76.137148069,10.6578471835],[76.1327963144,10.6573260946],[76.1299144656,10.6529375849],[76.1228112085,10.6500161186],[76.1226782264,10.6498782702]]]]}},{"type":"Feature","properties":{"code":"G08001","name":"Kadappuram","type":"Grama Panchayat","leading":"UDF","seats":{"LDF":4,"UDF":12,"NDA":2,"OTHERS":0}},"geometry":{"type":"MultiPolygon","coordinates":[[[[76.008990607,10.5690148559],[76.0168116774,10.5737881407],[76.0227622318,10.5731622742],[76.0253112995,10.5659906404],[76.031247114,10.5646962964],[76.0288721988,10.5594645331],[76.0298270703,10.5541133784],[76.034129289,10.5504906817],[76.0407309078,10.5483842182],[76.0441176724,10.5426516386],[76.0462276135,10.5332731285],[76.0362486434,10.5342952694],[76.0334135804,10.5292090823],[76.0337938028,10.525579786],[76.0403867013,10.5132294202],[76.0393481521,10.5072051914],[76.0335982753,10.5149663097],[76.0093519368,10.5682463042],[76.008990607,10.5690148559]]]]}},{"type":"Feature","properties":{"code":"G08008","name":"Kadavalloor","type":"Grama Panchayat","leading":"LDF","seats":{"LDF":16,"UDF":6,"NDA":0,"OTHERS":0}},"geometry":{"type":"MultiPolygon","coordinates":[[[[76.081648677,10.6914826614],[76.0804225299,10.6869548805],[76.0733897829,10.6847918923],[76.0705185538,10.6853932129],[76.0717602135,10.6877429033],[76.0687058273,10.6880818111],[76.0665051785,10.699918838],[76.0610311729,10.702116287],[76.057577311,10.707930255],[76.0526927824,10.7078358246],[76.0553135035,10.7146269092],[76.0614957962,10.7201577608],[76.0596200908,10.7277251497],[76.0651709724,10.7260367965],[76.067229691,10.7235779588],[76.0680991702,10.7257413147],[76.0663798359,10.7261072068],[76.065711528,10.7289331467],[76.0688647011,10.7303803139],[76.0736154887,10.7299035083],[76.075819044,10.7276783573],[76.0830326676,10.7270306993],[76.0964942539,10.7283034],[76.0970126615,10.7263834105],[76.1219709676,10.7109906814],[76.1271128711,10.7133997752],[76.1291915796,10.7116107283],[76.125934111,10.7046954122],[76.127080718,10.7044867953],[76.1253155143,10.6984310608],[76.1213929479,10.6980984451],[76.1158439277,10.691907949],[76.098517852,10.6950974912],[76.0932225496,10.6918978797],[76.0915714214,10.6936369942],[76.0820911395,10.6950794205],[76.0815924988,10.691963387],[76.081648677,10.6914826614]]]]}},{"type":"Feature","properties":{"code":"G08083","name":"Kadukutty","type":"Grama Panchayat","leading":"UDF","seats":{"LDF":2,"UDF":16,"NDA":0,"OTHERS":0}},"geometry":{"type":"MultiPolygon","coordinates":[[[[76.3174989336,10.2475134752],[76.3174989336,10.2475134752],[76.3174989336,10.2475134752]]]]}},{"type":"Feature","properties":{"code":"G08047","name":"Kaipamangalam","type":"Grama Panchayat","leading":"UDF","seats":{"LDF":5,"UDF":16,"NDA":1,"OTHERS":0}},"geometry":{"type":"MultiPolygon","coordinates":[[[[76.1394751192,10.3179692709],[76.1394751192,10.3179692709],[76.1394751192,10.3179692709]]]]}},{"type":"Feature","properties":{"code":"G08033","name":"Kaiparambu","type":"Grama Panchayat","leading":"UDF","seats":{"LDF":7,"UDF":10,"NDA":3,"OTHERS":0}},"geometry":{"type":"MultiPolygon","coordinates":[[[[76.163726899,10.5651034416],[76.163726899,10.5651034416],[76.163726899,10.5651034416]]]]}},{"type":"Feature","properties":{"code":"G08009","name":"Kandanassery","type":"Grama Panchayat","leading":"LDF","seats":{"LDF":13,"UDF":4,"NDA":0,"OTHERS":0}},"geometry":{"type":"MultiPolygon","coordinates":[[[[76.0854052044,10.5858196332],[76.0840105771,10.5804810337],[76.0789482554,10.581122723],[76.0759925438,10.5778059388],[76.0752455508,10.582465767],[76.0714693043,10.5889490821],[76.0698733102,10.6001292282],[76.06491553,10.6005983281],[76.0601103838,10.6057932338],[76.0641142208,10.6092110416],[76.0656381301,10.6155446049],[76.0715670209,10.6184182378],[76.0774470009,10.6164064991],[76.0778251497,10.6140992152],[76.0827226011,10.6161200706],[76.0835730368,10.6147099847],[76.0878971652,10.6144355674],[76.0897625701,10.616448224],[76.0924287779,10.6162942238],[76.0936388953,10.6132347543],[76.0995918296,10.610313093],[76.1002710682,10.6051845117],[76.1043043005,10.6056637081],[76.1042863545,10.6077553825],[76.1076487833,10.6082299928],[76.1110512951,10.6109795026],[76.1129315175,10.6071698514],[76.1159344973,10.6063807427],[76.1150053686,10.6048670258],[76.1199061903,10.605162331],[76.1230272232,10.6029644628],[76.1174478239,10.5968226222],[76.1138021494,10.595884002],[76.1145997555,10.5930242301],[76.1119067765,10.5913709893],[76.1122406902,10.5886949187],[76.1081075533,10.5885097436],[76.1079187791,10.5902315607],[76.1012325314,10.5909927034],[76.0984386623,10.5929974473],[76.0854831299,10.5860518301],[76.0854052044,10.5858196332]]]]}},{"type":"Feature","properties":{"code":"G08069","name":"Karalam","type":"Grama Panchayat","leading":"LDF","seats":{"LDF":8,"UDF":2,"NDA":6,"OTHERS":0}},"geometry":{"type":"MultiPolygon","coordinates":[[[[76.1850733814,10.3567263982],[76.1850733814,10.3567263982],[76.1850733814,10.3567263982]]]]}},{"type":"Feature","properties":{"code":"G08010","name":"Kattakampal","type":"Grama Panchayat","leading":"UDF","seats":{"LDF":8,"UDF":9,"NDA":1,"OTHERS":0}},"geometry":{"type":"MultiPolygon","coordinates":[[[[76.0326289437,10.6686629183],[76.0326289437,10.6686629183],[76.0326289437,10.6686629183]]]]}},{"type":"Feature","properties":{"code":"G08070","name":"Kattoor","type":"Grama Panchayat","leading":"LDF","seats":{"LDF":10,"UDF":5,"NDA":0,"OTHERS":0}},"geometry":{"type":"MultiPolygon","coordinates":[[[[76.1727354512,10.3694489176],[76.1726415742,10.3680799519],[76.1706897261,10.3677962049],[76.1706571258,10.3655020933],[76.1687725958,10.3649766442],[76.1688953888,10.3613784558],[76.1670400386,10.360435935],[76.1679616206,10.3571735676],[76.1596165036,10.3525720501],[76.1528088252,10.3542993655],[76.157066399,10.3627033274],[76.1539073573,10.3657148646],[76.1537457294,10.3710280163],[76.1509380442,10.3739688202],[76.14893165,10.383348685],[76.1452464497,10.3852206629],[76.1535223429,10.4037690788],[76.1640169381,10.4032325145],[76.1666224992,10.4007179325],[76.16692353,10.3964654851],[76.1700233976,10.3951354246],[76.1691722929,10.3916710133],[76.1706816846,10.3878408098],[76.1738447931,10.3815583494],[76.1767267036,10.3803123179],[76.1765060014,10.3717762378],[76.1737535857,10.3714886262],[76.1732265832,10.3695586138],[76.1727354512,10.3694489176]]]]}},{"type":"Feature","properties":{"code":"G08063","name":"Kodakara","type":"Grama Panchayat","leading":"TIE","seats":{"LDF":7,"UDF":7,"NDA":5,"OTHERS":1}},"geometry":{"type":"MultiPolygon","coordinates":[[[[76.2925215486,10.3482533849],[76.2925215486,10.3482533849],[76.2925215486,10.3482533849]],[[76.3140701569,10.3796378967],[76.3139875103,10.3796205096],[76.3140701569,10.3796378967]]]]}},{"type":"Feature","properties":{"code":"G08084","name":"Kodassery","type":"Grama Panchayat","leading":"UDF","seats":{"LDF":8,"UDF":11,"NDA":1,"OTHERS":1}},"geometry":{"type":"MultiPolygon","coordinates":[[[[76.3537066596,10.312915865],[76.3520024239,10.3128271843],[76.3528886089,10.3182186212],[76.3489599228,10.3285724094],[76.3510755313,10.3324138719],[76.3464458133,10.3339524171],[76.3448969941,10.3322075973],[76.3440811566,10.3338542968],[76.3456771675,10.3371089572],[76.3441703195,10.3432675314],[76.3460053531,10.3467767457],[76.3521289823,10.3458452434],[76.348381085,10.3499435096],[76.348353649,10.3528658858],[76.3412954766,10.3580347636],[76.347956095,10.3620614381],[76.3485891392,10.3651997019],[76.3605204146,10.3609128805],[76.3601155796,10.358751274],[76.3898424075,10.3565844272],[76.3961944793,10.3538570006],[76.3976371095,10.3584349679],[76.4021172164,10.3571640733],[76.4125977832,10.3499615192],[76.4127279674,10.3580120808],[76.419622546,10.3645794541],[76.4225207675,10.3648503763],[76.4217082401,10.3602144865],[76.422636875,10.3611038262],[76.4298467527,10.3511872186],[76.4383370416,10.3524022486],[76.4524703533,10.3486642573],[76.4634409421,10.3502417155],[76.4849799867,10.349881556],[76.487345195,10.3491794076],[76.4938482901,10.3290399052],[76.4710659116,10.3198911556],[76.4593642679,10.3226730299],[76.452377036,10.3135495138],[76.4430228499,10.3180762004],[76.4310468556,10.3187834132],[76.4275809084,10.3203941202],[76.4278480841,10.3223774828],[76.4238894256,10.3259969127],[76.4210444003,10.325832918],[76.4154532477,10.3294505499],[76.4015641454,10.3334903273],[76.3920995237,10.3386954603],[76.3890191531,10.3352907159],[76.3857847187,10.3359345541],[76.380797445,10.3338601239],[76.381482034,10.3320182247],[76.379928815,10.3310771059],[76.3789787401,10.3252761416],[76.3770492025,10.3254876469],[76.3761928376,10.3274240215],[76.3700813494,10.3276689222],[76.3683762365,10.3253012954],[76.3606041482,10.323922196],[76.3608178738,10.3205037063],[76.3587324455,10.3200224147],[76.3538946373,10.3131827215],[76.3537066596,10.312915865]]]]}},{"type":"Feature","properties":{"code":"G08036","name":"Kolazhy","type":"Grama Panchayat","leading":"UDF","seats":{"LDF":7,"UDF":11,"NDA":2,"OTHERS":0}},"geometry":{"type":"MultiPolygon","coordinates":[[[[76.2072856432,10.5624413177],[76.2072856432,10.5624413177],[76.2072856432,10.5624413177]],[[76.2091351135,10.5871205973],[76.2092464231,10.5872429258],[76.2091351135,10.5871205973]]]]}},{"type":"Feature","properties":{"code":"G08023","name":"Kondazhy","type":"Grama Panchayat","leading":"LDF","seats":{"LDF":7,"UDF":2,"NDA":6,"OTHERS":1}},"geometry":{"type":"MultiPolygon","coordinates":[[[[76.3893957117,10.682594429],[76.3862482836,10.6786867604],[76.3828749666,10.6777650065],[76.3803655738,10.6801700546],[76.3778081239,10.6795355234],[76.3746459607,10.6815200981],[76.3745268557,10.6850413836],[76.3705233773,10.6864659271],[76.3709168884,10.6884471773],[76.3680988466,10.6896870795],[76.364011551,10.6885206178],[76.3655174622,10.6993034081],[76.3685054973,10.7021055488],[76.3660184065,10.7096782286],[76.3746670504,10.7171524879],[76.3747031006,10.7187041799],[76.3715702293,10.7198448218],[76.3736462611,10.7240756449],[76.3786777932,10.7256933425],[76.3838548339,10.7307135515],[76.3813881156,10.7348158032],[76.375850792,10.7405517812],[76.3668963374,10.7424893342],[76.3629719352,10.7423010826],[76.3567081578,10.7364785224],[76.3567836884,10.7444418605],[76.359324295,10.7477780413],[76.3614830585,10.758003427],[76.3645970952,10.7629822507],[76.3772602167,10.7677869974],[76.3870248481,10.7673711474],[76.3902732595,10.7635781474],[76.3948697768,10.7482356652],[76.3926762264,10.7444246046],[76.3933282741,10.7417587277],[76.3977997352,10.7393482301],[76.4038507037,10.7311395261],[76.4016553423,10.7270011139],[76.4025039726,10.7199951932],[76.4091091669,10.713815144],[76.4088041097,10.7078930617],[76.4106239373,10.7014713497],[76.4084296253,10.7006338862],[76.4059442286,10.6926887101],[76.3953690731,10.695355966],[76.3925771314,10.6936194032],[76.3898113187,10.6960514712],[76.3896976424,10.6905885532],[76.3873351109,10.6879903759],[76.389101401,10.6827611128],[76.3893957117,10.682594429]]]]}},{"type":"Feature","properties":{"code":"G08085","name":"Koratty","type":"Grama Panchayat","leading":"UDF","seats":{"LDF":3,"UDF":13,"NDA":0,"OTHERS":5}},"geometry":{"type":"MultiPolygon","coordinates":[[[[76.3606622061,10.2377027853],[76.3531521137,10.2410520168],[76.3561579905,10.2506971838],[76.3544700669,10.2575680859],[76.3468485173,10.2579367085],[76.3473313501,10.260094972],[76.3455135184,10.2602745282],[76.3453355769,10.2617981382],[76.333761916,10.2597719626],[76.3362445514,10.2613672113],[76.3354149162,10.2668575497],[76.3305791225,10.2702011683],[76.3334511028,10.2725652126],[76.3375107446,10.2720220557],[76.3375211771,10.2735662056],[76.335605562,10.2749233045],[76.3354605904,10.2737586084],[76.3333204766,10.2742743608],[76.3312729076,10.27648383],[76.3346359093,10.2800627936],[76.3325577357,10.2804773439],[76.3357642146,10.2812610686],[76.3357555328,10.2831566158],[76.3376746147,10.2841188206],[76.3428984331,10.2832327159],[76.3441433211,10.2793659516],[76.3553317335,10.2778207879],[76.3645408408,10.2821946167],[76.3856983946,10.2820657783],[76.3869179585,10.2857852566],[76.390657101,10.2855087238],[76.3928580445,10.2876479065],[76.4065132178,10.2783507047],[76.4016229397,10.2765052945],[76.3969357901,10.2674998821],[76.3926774323,10.2667716542],[76.3901081016,10.2638951804],[76.3908736988,10.2556570179],[76.3777471366,10.2546537337],[76.3796848933,10.2449018767],[76.3755944658,10.2437060921],[76.3746468668,10.2418163311],[76.3614000196,10.2379263239],[76.3606622061,10.2377027853]]]]}},{"type":"Feature","properties":{"code":"G08080","name":"Kuzhur","type":"Grama Panchayat","leading":"UDF","seats":{"LDF":2,"UDF":11,"NDA":2,"OTHERS":0}},"geometry":{"type":"MultiPolygon","coordinates":[[[[76.2633560754,10.1880165581],[76.2714079448,10.1884149214],[76.2727866795,10.1901673717],[76.2747804569,10.1953655504],[76.2714423178,10.2067497347],[76.2738117738,10.208084499],[76.2752555577,10.2117180117],[76.2745500243,10.215582784],[76.2830079675,10.2221896731],[76.2970811469,10.2242598933],[76.3027444098,10.2204200433],[76.3054589356,10.2166958117],[76.305045374,10.2150123866],[76.308235347,10.2148088701],[76.3098446923,10.2100325223],[76.3079677979,10.2076583752],[76.3104908271,10.2057368826],[76.3118438604,10.1947863228],[76.3117450207,10.1822906267],[76.301460462,10.1851696702],[76.2969876077,10.1764603786],[76.2945543156,10.1756272965],[76.2869329211,10.1783554696],[76.2793626951,10.1739858563],[76.273299861,10.1757589323],[76.2743775382,10.1847422619],[76.2721562336,10.1858724455],[76.2671154068,10.1851218953],[76.2635687899,10.1877374395],[76.2633560754,10.1880165581]]]]}},{"type":"Feature","properties":{"code":"G08027","name":"Madakkathara","type":"Grama Panchayat","leading":"LDF","seats":{"LDF":15,"UDF":2,"NDA":1,"OTHERS":0}},"geometry":{"type":"MultiPolygon","coordinates":[[[[76.2753538078,10.5416903993],[76.2753538078,10.5416903993],[76.2753538078,10.5416903993]]]]}},{"type":"Feature","properties":{"code":"G08081","name":"Mala","type":"Grama Panchayat","leading":"TIE","seats":{"LDF":8,"UDF":8,"NDA":4,"OTHERS":1}},"geometry":{"type":"MultiPolygon","coordinates":[[[[76.2808855965,10.2193282024],[76.2808855965,10.2193282024],[76.2808855965,10.2193282024]]]]}},{"type":"Feature","properties":{"code":"G08056","name":"Manalur","type":"Grama Panchayat","leading":"LDF","seats":{"LDF":14,"UDF":6,"NDA":1,"OTHERS":0}},"geometry":{"type":"MultiPolygon","coordinates":[[[[76.1023622485,10.4625671785],[76.1023622485,10.4625671785],[76.1023622485,10.4625671785]]]]}},{"type":"Feature","properties":{"code":"G08048","name":"Mathilakam","type":"Grama Panchayat","leading":"LDF","seats":{"LDF":12,"UDF":4,"NDA":1,"OTHERS":2}},"geometry":{"type":"MultiPolygon","coordinates":[[[[76.1342015768,10.27200646],[76.1279844033,10.2953801925],[76.1412128522,10.2979956279],[76.1497425713,10.3028308233],[76.1572755682,10.3038445576],[76.1583680318,10.3021832964],[76.1626064555,10.3035867719],[76.1646700078,10.303047633],[76.1639879865,10.3004690959],[76.1659872734,10.2971819784],[76.1733814217,10.2941795317],[76.1765391559,10.2899430926],[76.1788446265,10.2733375365],[76.175354898,10.272305956],[76.169140899,10.2813204327],[76.167896543,10.2797672462],[76.160160947,10.2801083505],[76.159944254,10.2776591652],[76.1521963325,10.2725913615],[76.1508611391,10.2770742213],[76.1469420955,10.2775816103],[76.1346257257,10.2722495125],[76.1342015768,10.27200646]]]]}},{"type":"Feature","properties":{"code":"G08064","name":"Mattathur","type":"Grama Panchayat","leading":"LDF","seats":{"LDF":10,"UDF":8,"NDA":4,"OTHERS":2}},"geometry":{"type":"MultiPolygon","coordinates":[[[[76.3514192884,10.3638553605],[76.3408602834,10.370794468],[76.3402696689,10.3658592871],[76.3331789329,10.3693525171],[76.3295366848,10.3670642063],[76.3264960149,10.3682520382],[76.3255955651,10.3670511128],[76.3225612045,10.3690491188],[76.3220386044,10.371907835],[76.318427709,10.3729253201],[76.3157918255,10.3785285922],[76.3134150934,10.373041572],[76.3097221065,10.3730068563],[76.309958344,10.3756530334],[76.3139184642,10.3780941848],[76.3141758769,10.3797400948],[76.3135401442,10.3815099458],[76.3071587754,10.3831272264],[76.3075117332,10.3869140488],[76.309132799,10.3874596737],[76.3067087608,10.3907300728],[76.3107180586,10.3925207214],[76.3138907381,10.3919854467],[76.315465812,10.3885697647],[76.323254095,10.3836312419],[76.3239711997,10.3902951227],[76.3264695699,10.3914882524],[76.3274016392,10.3866194561],[76.3296256029,10.3863569534],[76.3383926049,10.3932956927],[76.3397771179,10.3923683896],[76.3451882988,10.3955850035],[76.3455748242,10.3991652906],[76.3479699857,10.3989417552],[76.3474368629,10.3967239292],[76.3495722841,10.3953426079],[76.3513621756,10.3998139462],[76.3533473686,10.3970847301],[76.3570483152,10.3969517338],[76.3617733253,10.4031014721],[76.367440826,10.4007846648],[76.3738477514,10.4040319891],[76.3783257167,10.4003426205],[76.3817008488,10.4027631767],[76.3825563234,10.4064839919],[76.3901284408,10.4013960819],[76.4091453051,10.3974709158],[76.4143173328,10.4027000565],[76.4239424925,10.4032639052],[76.4380928164,10.4010065741],[76.4404169079,10.4062789473],[76.4360522491,10.415214147],[76.4544397227,10.4090595031],[76.4602909646,10.4093644365],[76.4622234436,10.416700079],[76.4752646797,10.4154498554],[76.4815905806,10.4104242468],[76.496219315,10.4065276532],[76.5089397491,10.4068228012],[76.5116590167,10.4047526358],[76.5292569408,10.4025777692],[76.5362138494,10.4289132872],[76.5420848354,10.4408360194],[76.5423124598,10.445673455],[76.5408751173,10.447888509],[76.5525523682,10.4468681254],[76.5564758517,10.4444980662],[76.5562239802,10.4370242228],[76.5584241508,10.4344098377],[76.5669373137,10.4378434988],[76.5845210036,10.4375087698],[76.5883463515,10.4359819862],[76.5915505474,10.4295590863],[76.5951572019,10.4263731731],[76.5956852516,10.421638927],[76.6018272969,10.4188981525],[76.6054248704,10.4106563472],[76.6035117189,10.4087658542],[76.6074711217,10.4050214708],[76.6065222778,10.4001513459],[76.6103790243,10.3991518082],[76.6160126367,10.3904436981],[76.6186312847,10.3912177387],[76.6194473106,10.385119481],[76.6226030156,10.3799829695],[76.6247883353,10.3791656483],[76.6275353573,10.3832888603],[76.6305826552,10.382135255],[76.6285993916,10.378323988],[76.6296146029,10.3765695932],[76.6181250416,10.3695908209],[76.6181847066,10.3672293949],[76.6133073482,10.3654642345],[76.6098480596,10.3654300874],[76.6072704832,10.3681800139],[76.6019503163,10.3701322699],[76.5973753807,10.3695982944],[76.5912781557,10.3712577332],[76.5756381609,10.3708869332],[76.5628981323,10.3656857388],[76.5487421731,10.3681808892],[76.5425423553,10.3591447554],[76.5414727565,10.3480338697],[76.5391207631,10.3439281352],[76.5431006429,10.3372677586],[76.5308060327,10.3387180726],[76.5286010466,10.3373585123],[76.5264755457,10.3320629159],[76.5241000495,10.3310983894],[76.5124411312,10.3296473389],[76.5015296361,10.3313602627],[76.4938482901,10.3290399052],[76.487345195,10.3491794076],[76.4634409421,10.3502417155],[76.4524703533,10.3486642573],[76.4383370416,10.3524022486],[76.4298467527,10.3511872186],[76.422636875,10.3611038262],[76.4217082401,10.3602144865],[76.4225207675,10.3648503763],[76.419622546,10.3645794541],[76.4127279674,10.3580120808],[76.4125977832,10.3499615192],[76.4021172164,10.3571640733],[76.3976371095,10.3584349679],[76.3961944793,10.3538570006],[76.3898424075,10.3565844272],[76.3599353237,10.3587880358],[76.3605204146,10.3609128805],[76.3517145045,10.3637293127],[76.3514192884,10.3638553605]]]]}},{"type":"Feature","properties":{"code":"G08086","name":"Meloor","type":"Grama Panchayat","leading":"LDF","seats":{"LDF":10,"UDF":6,"NDA":2,"OTHERS":1}},"geometry":{"type":"MultiPolygon","coordinates":[[[[76.3581325019,10.2789173006],[76.3520359687,10.2779060368],[76.3441433211,10.2793659516],[76.3428984331,10.2832327159],[76.3408477949,10.2843307446],[76.3342340292,10.283385381],[76.3286184481,10.2789733372],[76.3274041697,10.2797659637],[76.3283351284,10.2837717642],[76.326021654,10.2845075862],[76.3257243014,10.2870882613],[76.3287278731,10.2878511524],[76.3310524467,10.2928617514],[76.3344327623,10.294910416],[76.3398796253,10.2924227168],[76.3442581933,10.2874298916],[76.3469241717,10.2889038579],[76.3474565926,10.2931963313],[76.3452127838,10.2998791936],[76.3493602997,10.3052169223],[76.3512734656,10.3126154008],[76.3553188247,10.3122426264],[76.3659315083,10.3026604663],[76.374241136,10.3156657597],[76.3778222754,10.3179969847],[76.4016581787,10.2998588891],[76.4158180526,10.2941154553],[76.417349776,10.288324474],[76.4126057752,10.288298075],[76.4133417489,10.2809786801],[76.4065132178,10.2783507047],[76.3928580445,10.2876479065],[76.390657101,10.2855087238],[76.3869179585,10.2857852566],[76.3856983946,10.2820657783],[76.3645408408,10.2821946167],[76.3583007933,10.2790074988],[76.3581325019,10.2789173006]]]]}},{"type":"Feature","properties":{"code":"G08034","name":"Mulamkunnathukavu","type":"Grama Panchayat","leading":"LDF","seats":{"LDF":8,"UDF":7,"NDA":1,"OTHERS":0}},"geometry":{"type":"MultiPolygon","coordinates":[[[[76.2139380442,10.5876194104],[76.2122484954,10.5903696873],[76.2082570017,10.5865204736],[76.2044177239,10.5883632436],[76.2044851014,10.5896066429],[76.19827349,10.5888234799],[76.1965876275,10.5862461284],[76.1944336432,10.5874652927],[76.1954892558,10.5935290809],[76.1943301962,10.5970325109],[76.1966528868,10.5972161615],[76.1960933469,10.5951180158],[76.1989014262,10.5937355785],[76.2000269651,10.5980278119],[76.205324602,10.5998435925],[76.2052090578,10.6119197599],[76.217060462,10.6143276706],[76.217096141,10.6125734649],[76.2193254395,10.6134721969],[76.2193559849,10.6100589032],[76.2266163907,10.6060852766],[76.2259730199,10.6038993273],[76.2289500507,10.6029540418],[76.2355839845,10.6095437262],[76.2447359699,10.6090516585],[76.2508686332,10.6172288004],[76.2528512975,10.6138917666],[76.2544988226,10.6158995563],[76.2552809724,10.6148786212],[76.2553680264,10.6115038488],[76.2621253307,10.600747475],[76.265566704,10.6000139391],[76.2669508315,10.5973425618],[76.269131317,10.5991362364],[76.271098,10.5964682584],[76.2707077901,10.593756949],[76.2689318003,10.5943421182],[76.2672790822,10.5905266904],[76.2680358586,10.5880548973],[76.2623117821,10.579214443],[76.2585330425,10.5797472399],[76.260883829,10.5842587408],[76.2583375518,10.5848475403],[76.2569297273,10.5879355376],[76.2517480828,10.5865623391],[76.2471554741,10.5881719581],[76.2511141828,10.5764778476],[76.2483571586,10.5758269751],[76.2491414432,10.5718561041],[76.2435318711,10.5706884738],[76.2412094869,10.5649994295],[76.2398581589,10.5657060625],[76.2395127848,10.5695128407],[76.2388923064,10.5680649057],[76.2368637585,10.5682714449],[76.2322923544,10.5715828753],[76.234092519,10.5723576918],[76.2335073899,10.5769025012],[76.2318737907,10.5766484043],[76.23107703,10.5785493556],[76.2325383933,10.5796314311],[76.2316218647,10.5845030209],[76.2341648213,10.5857287483],[76.23552124,10.5922990516],[76.229836884,10.5893091874],[76.2283128062,10.5924544137],[76.2254661393,10.5916589271],[76.2209547612,10.5895825277],[76.221224933,10.586924191],[76.2142955646,10.5876388276],[76.2139380442,10.5876194104]]]]}},{"type":"Feature","properties":{"code":"G08038","name":"Mullassery","type":"Grama Panchayat","leading":"LDF","seats":{"LDF":11,"UDF":1,"NDA":2,"OTHERS":2}},"geometry":{"type":"MultiPolygon","coordinates":[[[[76.0868997777,10.5276832565],[76.0868997777,10.5276832565],[76.0868997777,10.5276832565]]]]}},{"type":"Feature","properties":{"code":"G08017","name":"Mullurkkara","type":"Grama Panchayat","leading":"UDF","seats":{"LDF":7,"UDF":9,"NDA":0,"OTHERS":0}},"geometry":{"type":"MultiPolygon","coordinates":[[[[76.2454123213,10.6870196943],[76.2469581798,10.6885642428],[76.246530105,10.6949848859],[76.2478016981,10.6978272252],[76.2402748756,10.6979017489],[76.2416639523,10.7034495612],[76.2390228026,10.7044895649],[76.2394011623,10.7075672661],[76.2372054355,10.7088967423],[76.2395324264,10.7140764417],[76.2452217584,10.7166628568],[76.2503607441,10.7141393102],[76.2565099835,10.7139098619],[76.2514749174,10.7199393847],[76.2536516905,10.7214936199],[76.2569464692,10.7181582138],[76.2585816281,10.7207279041],[76.259852804,10.7188219251],[76.2585685266,10.7140304623],[76.2641107328,10.7114309537],[76.2659411013,10.7121611606],[76.2646064618,10.7150048985],[76.2654707557,10.7172509241],[76.2691149247,10.7168845424],[76.2677803728,10.7146175542],[76.2685859599,10.7126837949],[76.2692022525,10.7144971946],[76.2776267526,10.7140329941],[76.2809880193,10.7197813435],[76.2836333006,10.7211860375],[76.2871049483,10.7191125753],[76.2866843579,10.7157902665],[76.2906276007,10.7095644597],[76.3068101948,10.7087279261],[76.3079897572,10.704454094],[76.3110096794,10.7028335829],[76.3125861093,10.6985938622],[76.3003688521,10.6943297753],[76.3001413855,10.6912558899],[76.3025466033,10.6885064842],[76.3018023118,10.6852316241],[76.3044395399,10.6811757084],[76.3127955031,10.6787731038],[76.3122828819,10.6750987375],[76.3102571073,10.6734438191],[76.3206640236,10.668783779],[76.3248318583,10.6637502843],[76.3208533449,10.6610569431],[76.3168054347,10.6480924898],[76.3129585681,10.6445820869],[76.3032888145,10.656972353],[76.2894079866,10.6634512295],[76.2805025805,10.6621262401],[76.2809183421,10.6686661661],[76.2739079415,10.6710433419],[76.269633073,10.6758497571],[76.2744464972,10.6809208264],[76.2748684475,10.6845429005],[76.26596069,10.6846916178],[76.2643889502,10.689430672],[76.2628487497,10.6895652406],[76.2543858925,10.6886068598],[76.2522414494,10.6859406115],[76.2456992456,10.6870260268],[76.2454123213,10.6870196943]]]]}},{"type":"Feature","properties":{"code":"G08071","name":"Muriyad","type":"Grama Panchayat","leading":"LDF","seats":{"LDF":11,"UDF":5,"NDA":1,"OTHERS":1}},"geometry":{"type":"MultiPolygon","coordinates":[[[[76.2324314541,10.3264193435],[76.2245129829,10.3260052562],[76.2245306011,10.3319681781],[76.2212751673,10.3318476826],[76.221553766,10.3353925941],[76.2246791678,10.3339885456],[76.2286915179,10.3404412877],[76.2325196309,10.3409716224],[76.2311866959,10.3428902848],[76.2324214423,10.3450206242],[76.2287551537,10.3498930492],[76.2306268052,10.3544696996],[76.2293546284,10.357283012],[76.2319610882,10.3631749954],[76.2409927105,10.3638173792],[76.2431236664,10.3621536097],[76.2483187014,10.3618056096],[76.2464061215,10.3803010111],[76.2504321999,10.3899224368],[76.2607909799,10.3885355136],[76.2620434152,10.3858483743],[76.2641745735,10.3883587271],[76.2636477159,10.3909405393],[76.2650591261,10.3901556267],[76.2656431851,10.3917293673],[76.2687042924,10.3920129925],[76.2704151094,10.3897749341],[76.2748525921,10.3882588151],[76.2736223454,10.3785191783],[76.2755785405,10.3762808226],[76.2754159789,10.3690971217],[76.288267394,10.3713818055],[76.2883828898,10.3683718743],[76.2855959159,10.3607528432],[76.274009148,10.3607017639],[76.2729995224,10.3558679923],[76.2713585568,10.3550287137],[76.2703127804,10.3561305462],[76.2729255227,10.3559374695],[76.273955392,10.3606923815],[76.2712768236,10.3592592537],[76.2710683505,10.3609974533],[76.2693889105,10.3607668809],[76.2695672326,10.3553138036],[76.2671309856,10.3547633267],[76.2651265695,10.3513422926],[76.267609113,10.3499416671],[76.2669167534,10.3469669901],[76.2687697398,10.3463158762],[76.2660880337,10.3462570065],[76.2655401838,10.3432033125],[76.2603943264,10.3444853026],[76.2565026595,10.3420724604],[76.2551662118,10.3502573009],[76.2562315765,10.3506782016],[76.251789812,10.3512673502],[76.2531780993,10.347227663],[76.2507824235,10.3397523107],[76.2398068296,10.3400044458],[76.2361417413,10.3265073378],[76.2326205834,10.3265269464],[76.2324314541,10.3264193435]]]]}},{"type":"Feature","properties":{"code":"G08028","name":"Nadathara","type":"Grama Panchayat","leading":"LDF","seats":{"LDF":11,"UDF":9,"NDA":0,"OTHERS":0}},"geometry":{"type":"MultiPolygon","coordinates":[[[[76.2701178925,10.4936398414],[76.2701178925,10.4936398414],[76.2701178925,10.4936398414]]]]}},{"type":"Feature","properties":{"code":"G08044","name":"Nattika","type":"Grama Panchayat","leading":"UDF","seats":{"LDF":4,"UDF":8,"NDA":3,"OTHERS":0}},"geometry":{"type":"MultiPolygon","coordinates":[[[[76.0888345948,10.4031376412],[76.0812428444,10.4218684344],[76.0859500474,10.4232407413],[76.0875555161,10.4261945555],[76.0949530706,10.4280017381],[76.1021771454,10.432472895],[76.0964704586,10.4411537845],[76.0936261712,10.4490040796],[76.095228614,10.4504362631],[76.0963936405,10.446949328],[76.1039991822,10.4407684668],[76.1219030591,10.400979915],[76.118492851,10.4000304135],[76.1125439761,10.4099593138],[76.1057686884,10.4068561244],[76.1030355504,10.4097198741],[76.0899466057,10.4037373053],[76.0888345948,10.4031376412]]]]}},{"type":"Feature","properties":{"code":"G08065","name":"Nenmanikkara","type":"Grama Panchayat","leading":"LDF","seats":{"LDF":13,"UDF":2,"NDA":0,"OTHERS":1}},"geometry":{"type":"MultiPolygon","coordinates":[[[[76.2568946925,10.4216528177],[76.2562404973,10.41865121],[76.2537478475,10.420552287],[76.2528313975,10.415701819],[76.2543549608,10.4139348942],[76.2522185055,10.4100964849],[76.2509819939,10.4112705359],[76.2484651268,10.4092184615],[76.2467341648,10.4127885947],[76.2404177128,10.416486211],[76.2426976212,10.4200988734],[76.2390103468,10.4246711696],[76.2403001208,10.428030859],[76.2390793204,10.4326373486],[76.2430922728,10.4362522511],[76.2435537455,10.4477400053],[76.2475809934,10.4470693571],[76.2477986736,10.4540305478],[76.2498860266,10.4541376285],[76.2478105815,10.4619601277],[76.252371973,10.4618660596],[76.2524508077,10.4634496055],[76.2546953829,10.464000031],[76.2578936107,10.4619343331],[76.2604574229,10.4529138072],[76.2678458755,10.4587284496],[76.2710428633,10.4587462403],[76.2728362239,10.4570269294],[76.2711765019,10.4548963556],[76.2721649555,10.4524786672],[76.2709730628,10.44892294],[76.2690363084,10.4486294059],[76.2701836669,10.4462333841],[76.2677738079,10.4459253597],[76.2672635032,10.4406418061],[76.2635039765,10.4392407424],[76.2665887047,10.429118398],[76.2610689641,10.4268685912],[76.260924029,10.4240707938],[76.2588873188,10.4248771653],[76.2565541163,10.4217406034],[76.2568946925,10.4216528177]]]]}},{"type":"Feature","properties":{"code":"G08002","name":"Orumanayoor","type":"Grama Panchayat","leading":"UDF","seats":{"LDF":2,"UDF":10,"NDA":1,"OTHERS":1}},"geometry":{"type":"MultiPolygon","coordinates":[[[[76.0227622318,10.5731622742],[76.0256269416,10.5731226806],[76.0271002694,10.5749274854],[76.0280958696,10.5806878],[76.0317222963,10.5796262601],[76.0351482163,10.568935291],[76.0364955825,10.5689248392],[76.0390828502,10.5635109884],[76.0413056086,10.5626972017],[76.0466626381,10.5525397609],[76.051414813,10.5368544293],[76.0486483327,10.5346306045],[76.0490940864,10.5327740339],[76.0462276135,10.5332731285],[76.0441797022,10.5424925991],[76.0407309078,10.5483842182],[76.034129289,10.5504906817],[76.0298270703,10.5541133784],[76.0288721988,10.5594645331],[76.031247114,10.5646962964],[76.0253112995,10.5659906404],[76.022837888,10.5725936482],[76.0227622318,10.5731622742]]]]}},{"type":"Feature","properties":{"code":"G08073","name":"Padiyoor","type":"Grama Panchayat","leading":"LDF","seats":{"LDF":7,"UDF":3,"NDA":5,"OTHERS":0}},"geometry":{"type":"MultiPolygon","coordinates":[[[[76.1646700078,10.303047633],[76.1682848099,10.3076545436],[76.1673473456,10.3133003213],[76.1687754663,10.3164439427],[76.1614539048,10.316902928],[76.1568022621,10.3196470195],[76.1552228541,10.3241405736],[76.1588608259,10.3297221982],[76.1549842003,10.3322493906],[76.1542738082,10.3345381978],[76.1565143149,10.3384586813],[76.1528849405,10.3412230987],[76.1581239464,10.3467431323],[76.1587740627,10.3514463398],[76.1614167285,10.3546602873],[76.1679616206,10.3571735676],[76.1706895694,10.3490781039],[76.1804790822,10.3496571312],[76.1812564021,10.3446988304],[76.182877056,10.3439282259],[76.1886488553,10.3313876818],[76.1876573552,10.3289209465],[76.1897470573,10.3214818351],[76.1894628107,10.315792812],[76.1869160682,10.313653034],[76.1864318439,10.307135474],[76.1886822388,10.2959165846],[76.1875232851,10.2936383373],[76.1844361712,10.2913259943],[76.1824387554,10.29250501],[76.1765391559,10.2899430926],[76.1733814217,10.2941795317],[76.1656712368,10.2975054127],[76.1643956601,10.3026534885],[76.1646700078,10.303047633]]]]}},{"type":"Feature","properties":{"code":"G08029","name":"Pananchery","type":"Grama Panchayat","leading":"UDF","seats":{"LDF":10,"UDF":13,"NDA":0,"OTHERS":1}},"geometry":{"type":"MultiPolygon","coordinates":[[[[76.3182919178,10.5015661686],[76.3204284913,10.5030646318],[76.321661768,10.502183508],[76.3220503491,10.5054429207],[76.3262640598,10.511748274],[76.3330550883,10.5137159806],[76.3322365763,10.5182812835],[76.3271369794,10.5214880276],[76.3236354296,10.5194268099],[76.3235155971,10.5160664435],[76.3181105726,10.5185407994],[76.3169957848,10.5219390984],[76.3118239883,10.5208497027],[76.3055442188,10.5239963661],[76.3063310232,10.5311585532],[76.3105466251,10.5308191365],[76.312689708,10.5333246049],[76.3153590546,10.5313119331],[76.3161674161,10.5348571643],[76.319955377,10.5357422675],[76.3168601622,10.5356147475],[76.3160070205,10.5376182157],[76.3142798305,10.5369272637],[76.3142082727,10.5413451855],[76.3124462802,10.5434949258],[76.3092838892,10.5429770575],[76.3080721274,10.546090443],[76.3062268484,10.5461878628],[76.3059895771,10.5492713061],[76.3011100852,10.5474272915],[76.2937923403,10.547236868],[76.2958738097,10.5501868874],[76.2990940899,10.55077601],[76.3022762443,10.5553953811],[76.2965056106,10.5586548099],[76.29695242,10.5637802357],[76.2953126664,10.5658003586],[76.297386289,10.5700910636],[76.2940368057,10.5719141075],[76.3024996372,10.5745710634],[76.3031039521,10.5786410026],[76.3055163682,10.5794474325],[76.3034903266,10.5840010521],[76.2945927287,10.5813935649],[76.2971070309,10.5832769079],[76.296435447,10.5864010488],[76.3099282179,10.5903838215],[76.3204458562,10.5966019896],[76.3187213194,10.5991023074],[76.3286307753,10.5986737208],[76.331387419,10.602784529],[76.3399411901,10.6096267978],[76.3460255836,10.6213007312],[76.3580775682,10.621145388],[76.3700763335,10.6171598385],[76.3744091565,10.6134607907],[76.3752790626,10.6095373879],[76.3822346257,10.6087131922],[76.3789177876,10.6039180281],[76.3851343965,10.5970103157],[76.3891334658,10.6006473679],[76.3960109213,10.5984376593],[76.3996573853,10.5920579208],[76.4053153741,10.5883457089],[76.4093040337,10.5794805893],[76.4198653898,10.5790260009],[76.4213203796,10.5744232876],[76.4203874232,10.5725810193],[76.4252539618,10.5721861301],[76.4256931661,10.5663487716],[76.4293805797,10.5648963054],[76.4305622406,10.5620280492],[76.4302590384,10.5581913018],[76.4340271089,10.557415467],[76.4351627341,10.5551942989],[76.4393338469,10.5564534551],[76.431925912,10.5376687895],[76.432875824,10.5348644863],[76.4395597757,10.5296229533],[76.441904961,10.5236542046],[76.4504753826,10.5218350966],[76.4561059758,10.5154545172],[76.4482131991,10.5087587227],[76.4337443796,10.5016676644],[76.4293853764,10.5000648138],[76.4191891123,10.5007568847],[76.4134761501,10.4969769968],[76.3950054795,10.4991211719],[76.3885125569,10.5060144974],[76.3758133398,10.5047044291],[76.3717050965,10.5093145874],[76.3672338313,10.5108402391],[76.3624489725,10.5067148019],[76.3522856694,10.5061074979],[76.342491389,10.5150679358],[76.3303931047,10.5129399621],[76.3309492298,10.5111036496],[76.3305304781,10.5098877397],[76.3290696414,10.5105704788],[76.329163841,10.5084206835],[76.3317408979,10.5041851081],[76.3292093316,10.5044813131],[76.3274766462,10.4981348589],[76.3255438451,10.4965445513],[76.3226335376,10.494883877],[76.3222129998,10.4969024714],[76.3211883176,10.4965238834],[76.3208961651,10.49331781],[76.3181855811,10.494922342],[76.318223329,10.5008496662],[76.3182919178,10.5015661686]]]]}},{"type":"Feature","properties":{"code":"G08024","name":"Panjal","type":"Grama Panchayat","leading":"LDF","seats":{"LDF":9,"UDF":5,"NDA":2,"OTHERS":2}},"geometry":{"type":"MultiPolygon","coordinates":[[[[76.2847113232,10.7207762654],[76.2884973407,10.7270070275],[76.2856321638,10.7319716319],[76.2930957304,10.7321572885],[76.2937336156,10.734448328],[76.2903410001,10.7401006285],[76.2932696912,10.7408356087],[76.2917491432,10.7423183821],[76.2968771203,10.7454756849],[76.2975321108,10.7475295826],[76.2933295625,10.7493615795],[76.2937739035,10.7514143276],[76.2917451507,10.7486950369],[76.29317908,10.7549077268],[76.3081316296,10.7517701657],[76.3157176477,10.7478801361],[76.3269753815,10.745360673],[76.3366564988,10.7494731807],[76.3415524026,10.7488754889],[76.3508082681,10.743908909],[76.3567836884,10.7444418605],[76.3572972361,10.7349190591],[76.3555891922,10.7342318583],[76.3543426337,10.7300641612],[76.3509912745,10.732487933],[76.3480013772,10.7301685004],[76.3442477356,10.7194878711],[76.3417362889,10.7182200749],[76.3373379966,10.7098687345],[76.3318977936,10.7098054518],[76.3299533069,10.7113014336],[76.32910626,10.7062387663],[76.3251310367,10.7033420434],[76.3256826708,10.6976664275],[76.3191846268,10.7000893786],[76.3122833387,10.6988217388],[76.3120892898,10.701364726],[76.3079897572,10.704454094],[76.3068101948,10.7087279261],[76.2906276007,10.7095644597],[76.2866843579,10.7157902665],[76.2871049483,10.7191125753],[76.2850801637,10.7206859634],[76.2847113232,10.7207762654]]]]}},{"type":"Feature","properties":{"code":"G08060","name":"Paralam","type":"Grama Panchayat","leading":"TIE","seats":{"LDF":5,"UDF":6,"NDA":6,"OTHERS":0}},"geometry":{"type":"MultiPolygon","coordinates":[[[[76.1937732456,10.4450748866],[76.1937732456,10.4450748866],[76.1937732456,10.4450748866]]]]}},{"type":"Feature","properties":{"code":"G08072","name":"Parappookkara","type":"Grama Panchayat","leading":"LDF","seats":{"LDF":9,"UDF":5,"NDA":2,"OTHERS":3}},"geometry":{"type":"MultiPolygon","coordinates":[[[[76.2500899287,10.3893432082],[76.2500899287,10.3893432082],[76.2500899287,10.3893432082]]]]}},{"type":"Feature","properties":{"code":"G08087","name":"Pariyaram","type":"Grama Panchayat","leading":"LDF","seats":{"LDF":9,"UDF":8,"NDA":0,"OTHERS":0}},"geometry":{"type":"MultiPolygon","coordinates":[[[[76.3615401091,10.305480319],[76.3537066596,10.312915865],[76.3587324455,10.3200224147],[76.3608178738,10.3205037063],[76.3606041482,10.323922196],[76.3683762365,10.3253012954],[76.3700813494,10.3276689222],[76.3761928376,10.3274240215],[76.3770492025,10.3254876469],[76.3789787401,10.3252761416],[76.379928815,10.3310771059],[76.381482034,10.3320182247],[76.380797445,10.3338601239],[76.3857847187,10.3359345541],[76.3890191531,10.3352907159],[76.3920995237,10.3386954603],[76.4015641454,10.3334903273],[76.4154532477,10.3294505499],[76.4210444003,10.325832918],[76.4238894256,10.3259969127],[76.4278480841,10.3223774828],[76.4275809084,10.3203941202],[76.4310468556,10.3187834132],[76.4430228499,10.3180762004],[76.4509624098,10.3138460271],[76.4505423139,10.3106125956],[76.4447135313,10.3091951702],[76.4442657104,10.2941839472],[76.4378265226,10.2943545262],[76.431365639,10.289428699],[76.4049526947,10.2977968831],[76.3778222754,10.3179969847],[76.374241136,10.3156657597],[76.3666841147,10.3029455364],[76.3625122469,10.3044827951],[76.3615401091,10.305480319]]]]}},{"type":"Feature","properties":{"code":"G08039","name":"Pavaratty","type":"Grama Panchayat","leading":"UDF","seats":{"LDF":1,"UDF":12,"NDA":2,"OTHERS":1}},"geometry":{"type":"MultiPolygon","coordinates":[[[[76.059211521,10.5411020645],[76.059211521,10.5411020645],[76.059211521,10.5411020645]]]]}},{"type":"Feature","properties":{"code":"G08025","name":"Pazhayannur","type":"Grama Panchayat","leading":"LDF","seats":{"LDF":12,"UDF":9,"NDA":3,"OTHERS":0}},"geometry":{"type":"MultiPolygon","coordinates":[[[[76.4028060704,10.5906922107],[76.3996573853,10.5920579208],[76.3960109213,10.5984376593],[76.3905701531,10.6004880468],[76.3851343965,10.5970103157],[76.3789177876,10.6039180281],[76.3822346257,10.6087131922],[76.3752790626,10.6095373879],[76.3744091565,10.6134607907],[76.3712918914,10.6163833173],[76.3609102048,10.6206246764],[76.3457027026,10.6212463522],[76.3399411901,10.6096267978],[76.3271568737,10.5983045407],[76.3187213194,10.5991023074],[76.3156244345,10.6008317119],[76.3138900794,10.6039306736],[76.3155208295,10.6060881767],[76.3121263479,10.6084225045],[76.3095522757,10.6136125814],[76.3081926556,10.6321014231],[76.3123732541,10.6296827833],[76.3151855257,10.6296796375],[76.313140988,10.6322958488],[76.3152299403,10.6330386394],[76.3173636614,10.6306064173],[76.3192743121,10.631546111],[76.3242212334,10.6259037621],[76.3276539441,10.6289213669],[76.3255369149,10.6297564881],[76.3250919905,10.6337517224],[76.3233293634,10.6298881581],[76.3206707898,10.633124027],[76.320408426,10.6389623252],[76.3182869523,10.6375362946],[76.3173392888,10.6338905234],[76.3145724903,10.6358827612],[76.3159805352,10.63877469],[76.3124855576,10.6384575335],[76.3117690825,10.6357614808],[76.3092599431,10.6377983059],[76.3129585681,10.6445820869],[76.3168054347,10.6480924898],[76.3202226192,10.657524875],[76.3320869463,10.6607288833],[76.3493376905,10.6436368769],[76.3514830297,10.6438933633],[76.3575263613,10.6368752893],[76.3601894366,10.6360956812],[76.361530069,10.6331922129],[76.3688939355,10.6339396719],[76.3636541772,10.6374212604],[76.3621756395,10.64474596],[76.3668859034,10.6469147238],[76.3741044183,10.6465869856],[76.3807943601,10.6555223646],[76.3887949358,10.654478436],[76.3928209979,10.6578215148],[76.3964785968,10.6582786278],[76.3920967919,10.6636491265],[76.3922216636,10.6659098252],[76.3947065809,10.6647731619],[76.3992148327,10.6668478169],[76.4058282402,10.6659833325],[76.4029178561,10.6703697876],[76.4033935426,10.6773944922],[76.4017964072,10.6790795367],[76.4011736109,10.684347105],[76.3980729341,10.6849136806],[76.3962015248,10.6872958708],[76.3956482867,10.6844947555],[76.3924000478,10.6848487046],[76.389101401,10.6827611128],[76.3873351109,10.6879903759],[76.3896976424,10.6905885532],[76.389743158,10.6959534131],[76.3925771314,10.6936194032],[76.3953690731,10.695355966],[76.4061931591,10.6927789274],[76.4084296253,10.7006338862],[76.4105639831,10.7011064802],[76.4101449507,10.7059099757],[76.4116107043,10.7055572134],[76.4177402613,10.7102428791],[76.4219202102,10.7060144105],[76.4260910895,10.7071375845],[76.4291734112,10.7015103353],[76.433042056,10.7023598648],[76.4366164277,10.701043438],[76.4438791862,10.6922905454],[76.4514481183,10.6763104659],[76.4509996042,10.6663032719],[76.4481226755,10.6617620986],[76.4457925744,10.6619036621],[76.4445702657,10.6645727116],[76.4400655791,10.6632863036],[76.4398982742,10.6601432457],[76.435293,10.6562335048],[76.435553109,10.6526913458],[76.4338007699,10.6496995363],[76.4250793465,10.6504484257],[76.4243615112,10.6478194933],[76.4228343492,10.6478537253],[76.4245765684,10.644544749],[76.4205325662,10.6393973867],[76.4199221026,10.6331243007],[76.4184922934,10.6334883478],[76.4175680627,10.631299907],[76.4191153908,10.6281376524],[76.4174149154,10.6274185583],[76.4197688646,10.626970825],[76.4197594346,10.6229867685],[76.4213029636,10.6228315775],[76.419353697,10.6281542719],[76.4261152534,10.6269509382],[76.4274779455,10.6192975219],[76.4246935616,10.6189841294],[76.4275093408,10.6186462749],[76.4293956765,10.6148416867],[76.4249316266,10.6096730167],[76.4236186872,10.6052872397],[76.4221943335,10.6064747665],[76.4189667042,10.6041294194],[76.4140240604,10.6046692226],[76.414287668,10.6008042101],[76.4158912814,10.599681404],[76.4137384854,10.5948446538],[76.4057072859,10.6000369296],[76.4049532977,10.5963796339],[76.4021012554,10.5952437689],[76.402502836,10.5932056459],[76.4028060704,10.5906922107]]]]}},{"type":"Feature","properties":{"code":"G08049","name":"Perinjanam","type":"Grama Panchayat","leading":"LDF","seats":{"LDF":13,"UDF":1,"NDA":2,"OTHERS":0}},"geometry":{"type":"MultiPolygon","coordinates":[[[[76.1279844033,10.2953801925],[76.1232490552,10.3115345265],[76.1475812299,10.3208960948],[76.1544475557,10.3256413489],[76.1564462813,10.3259962382],[76.1553210665,10.3230394924],[76.1582092704,10.3183611391],[76.1687754663,10.3164439427],[76.1673473456,10.3133003213],[76.1682848099,10.3076545436],[76.1658390664,10.3039152853],[76.1583680318,10.3021832964],[76.1572755682,10.3038445576],[76.1497425713,10.3028308233],[76.1412128522,10.2979956279],[76.1283036851,10.2954851582],[76.1279844033,10.2953801925]]]]}},{"type":"Feature","properties":{"code":"G08074","name":"Poomangalam","type":"Grama Panchayat","leading":"LDF","seats":{"LDF":8,"UDF":4,"NDA":1,"OTHERS":1}},"geometry":{"type":"MultiPolygon","coordinates":[[[[76.1980994611,10.2985593798],[76.1980994611,10.2985593798],[76.1980994611,10.2985593798]]]]}},{"type":"Feature","properties":{"code":"G08011","name":"Porkulam","type":"Grama Panchayat","leading":"UDF","seats":{"LDF":5,"UDF":8,"NDA":1,"OTHERS":0}},"geometry":{"type":"MultiPolygon","coordinates":[[[[76.0597976771,10.6672351453],[76.0597976771,10.6672351453],[76.0597976771,10.6672351453]]]]}},{"type":"Feature","properties":{"code":"G08082","name":"Poyya","type":"Grama Panchayat","leading":"UDF","seats":{"LDF":6,"UDF":9,"NDA":0,"OTHERS":1}},"geometry":{"type":"MultiPolygon","coordinates":[[[[76.2220743983,10.2055333905],[76.2172005151,10.2133064681],[76.2243264622,10.221098621],[76.2343355361,10.2217351041],[76.2373694308,10.2237202063],[76.2417588915,10.23376379],[76.2409797144,10.2399676332],[76.2468401462,10.2403652203],[76.2486152911,10.2385989414],[76.2526898211,10.2402772341],[76.2587958685,10.2401744234],[76.2640467109,10.2368431205],[76.2668651395,10.2378455922],[76.2699714259,10.236288286],[76.2698028574,10.232784231],[76.2752400452,10.2375010437],[76.2774192752,10.2355916555],[76.2681348865,10.2285038726],[76.2684605156,10.2224538499],[76.2722412595,10.2192428854],[76.2753043731,10.2120459735],[76.2738117738,10.208084499],[76.2714423178,10.2067497347],[76.2747804569,10.1953655504],[76.2714079448,10.1884149214],[76.2637762215,10.1879336916],[76.2610255771,10.1898191637],[76.2647949487,10.1996342875],[76.2597340014,10.2029013432],[76.2498284135,10.2005583977],[76.2463409493,10.2017645043],[76.2434923637,10.2054148008],[76.2418412191,10.2031321387],[76.2374271808,10.2044456019],[76.2344582149,10.2022176635],[76.2290525746,10.2050371721],[76.2223661216,10.205504893],[76.2220743983,10.2055333905]]]]}},{"type":"Feature","properties":{"code":"G08066","name":"Pudukkad","type":"Grama Panchayat","leading":"UDF","seats":{"LDF":4,"UDF":8,"NDA":4,"OTHERS":1}},"geometry":{"type":"MultiPolygon","coordinates":[[[[76.2757905442,10.4143827079],[76.2699895493,10.4098539152],[76.2553288843,10.4069549883],[76.2522185055,10.4100964849],[76.2543549608,10.4139348942],[76.2528313975,10.415701819],[76.2537478475,10.420552287],[76.2562404973,10.41865121],[76.2576871505,10.4214202493],[76.2563133531,10.4217919976],[76.256806864,10.4234989765],[76.2592760343,10.4250720303],[76.260924029,10.4240707938],[76.2610689641,10.4268685912],[76.2669701658,10.4293621281],[76.2677476277,10.42528434],[76.2719671607,10.4259841339],[76.2716585652,10.4272777095],[76.2761062814,10.428934313],[76.2749324461,10.4268638227],[76.2842271605,10.4273112679],[76.2872976544,10.4237922442],[76.2885430016,10.4288453692],[76.2881617034,10.4238906429],[76.2930040783,10.4264590993],[76.3004232268,10.4262182093],[76.2911348629,10.4256886252],[76.2895368998,10.4211216369],[76.29380004,10.421688549],[76.298891112,10.4187175963],[76.3107065752,10.4163015414],[76.3142862177,10.4129488064],[76.3168873917,10.4133094073],[76.316284363,10.4100167436],[76.3197543697,10.4076325615],[76.3207516184,10.4048286676],[76.3193893181,10.4048817613],[76.3184176926,10.4011440368],[76.3153818656,10.4011698238],[76.3158963672,10.4034223762],[76.3147710452,10.4035300062],[76.3137430429,10.4006991433],[76.3086725161,10.40071072],[76.3099403193,10.3963230676],[76.3088838439,10.3917753031],[76.3033424953,10.3889185516],[76.3030233801,10.3941240461],[76.3013860763,10.3954058906],[76.2972901493,10.3955887261],[76.2950680976,10.391935247],[76.2897754824,10.3928743188],[76.288495022,10.3985037643],[76.2855998364,10.3979520228],[76.2840319706,10.4009507334],[76.2858470544,10.4060270499],[76.2786074297,10.4114013595],[76.2751097577,10.4087489933],[76.2768328309,10.4127324123],[76.2759507955,10.4143891452],[76.2757905442,10.4143827079]]]]}},{"type":"Feature","properties":{"code":"G08003","name":"Punnayoor","type":"Grama Panchayat","leading":"UDF","seats":{"LDF":5,"UDF":17,"NDA":0,"OTHERS":0}},"geometry":{"type":"MultiPolygon","coordinates":[[[[75.9676748982,10.6608191624],[75.9729654742,10.6623743446],[75.9797696509,10.660921823],[75.9859629262,10.6653499985],[75.986331026,10.6684431683],[75.9942744919,10.6710859245],[75.9949422056,10.661025641],[76.0028709736,10.6396472321],[76.0046337022,10.6403364042],[76.0164861341,10.6156236582],[76.0032660807,10.6078866989],[76.0010155912,10.6109906963],[75.994436025,10.6080008637],[75.9934600314,10.6106400097],[75.989456105,10.6091260217],[75.9712721365,10.6523965705],[75.9676748982,10.6608191624]]]]}},{"type":"Feature","properties":{"code":"G08004","name":"Punnayoorkulam","type":"Grama Panchayat","leading":"UDF","seats":{"LDF":7,"UDF":9,"NDA":4,"OTHERS":1}},"geometry":{"type":"MultiPolygon","coordinates":[[[[75.9676748982,10.6608191624],[75.9562468426,10.6858514379],[75.9611481782,10.6882266369],[75.9634262184,10.6900517717],[75.9626177963,10.6914826254],[75.9675809734,10.6942364965],[75.9719047498,10.6920743711],[75.9744716851,10.6943420471],[75.9757457036,10.6922975974],[75.9779557505,10.6963925957],[75.9809673446,10.6914676974],[75.9812000762,10.6868887558],[75.9825241898,10.6871840566],[75.9821371488,10.6893909014],[75.9850824261,10.6908847036],[76.0008076756,10.6938743637],[76.0020660705,10.6916008435],[76.008101976,10.6895994662],[76.0088376647,10.686316145],[76.0231594928,10.6825958273],[76.0299087842,10.6697314489],[76.0217659334,10.6652862568],[76.0179059448,10.6678904152],[76.0169840619,10.6704045361],[76.0091088995,10.6704665479],[76.0039209179,10.6692513711],[76.0036245513,10.667611514],[76.0010585548,10.6671735405],[76.0018662916,10.6652616633],[75.9950595442,10.6624733835],[75.9942744919,10.6710859245],[75.992072447,10.6709446605],[75.986331026,10.6684431683],[75.9859629262,10.6653499985],[75.9797696509,10.660921823],[75.9729654742,10.6623743446],[75.968020725,10.6609316389],[75.9676748982,10.6608191624]]]]}},{"type":"Feature","properties":{"code":"G08075","name":"Puthenchira","type":"Grama Panchayat","leading":"LDF","seats":{"LDF":10,"UDF":5,"NDA":1,"OTHERS":0}},"geometry":{"type":"MultiPolygon","coordinates":[[[[76.2469946172,10.2441965069],[76.2447893387,10.2405596641],[76.2406467585,10.239651148],[76.2420205118,10.2350247557],[76.2373694308,10.2237202063],[76.2343355361,10.2217351041],[76.2243264622,10.221098621],[76.2231153475,10.2312319507],[76.2304957602,10.2485667586],[76.2270321326,10.2524901015],[76.2253560017,10.2578401903],[76.2230482894,10.257284022],[76.2229334908,10.263412018],[76.2275696348,10.2676287899],[76.2280536715,10.2715612509],[76.2292049086,10.2714568461],[76.2277530244,10.2752078465],[76.2288981181,10.2835434782],[76.2352281107,10.2847495242],[76.2379780801,10.2837473274],[76.2399516913,10.2875323089],[76.2500457638,10.2860433707],[76.2474072093,10.2936243746],[76.2645436125,10.2981287867],[76.2665687948,10.2976300044],[76.2664727584,10.2897701257],[76.2727742166,10.2883786345],[76.2713284707,10.2833523143],[76.2678819857,10.2820468345],[76.2677839279,10.2792156825],[76.2634809279,10.2771424396],[76.2603009617,10.2725447797],[76.2557779921,10.2635641205],[76.2569672753,10.2588282624],[76.2547523915,10.2547689716],[76.2457083955,10.2480017714],[76.2471471308,10.2443364574],[76.2469946172,10.2441965069]]]]}},{"type":"Feature","properties":{"code":"G08030","name":"Puthur","type":"Grama Panchayat","leading":"UDF","seats":{"LDF":10,"UDF":13,"NDA":1,"OTHERS":0}},"geometry":{"type":"MultiPolygon","coordinates":[[[[76.2559813954,10.4626911047],[76.2540679795,10.4649569558],[76.2551497198,10.4674862723],[76.2530597489,10.4672077481],[76.2528221855,10.4710858948],[76.2500633955,10.4692884703],[76.2479973274,10.47059864],[76.2487695408,10.4781264978],[76.2452851943,10.4771103872],[76.2452174375,10.4816278691],[76.2422471001,10.4827540718],[76.2452687566,10.4853040555],[76.2448015759,10.4879311293],[76.2477554383,10.4880488235],[76.2482015367,10.4850828106],[76.2509875889,10.4845498074],[76.2522776615,10.4845015496],[76.2530652575,10.4884196957],[76.256037864,10.4886858688],[76.2569350804,10.4861629785],[76.2600325706,10.4861312784],[76.2611093394,10.4866289265],[76.2604280312,10.4894452236],[76.2584008398,10.4882327378],[76.258119432,10.4906819682],[76.2631334833,10.4947168731],[76.2624311999,10.4956697785],[76.2657312539,10.4960599507],[76.2711327346,10.4939737336],[76.2717012618,10.4916366289],[76.2748542062,10.4904220103],[76.2724664872,10.4927568908],[76.2754338537,10.5029631151],[76.2849329357,10.5069218329],[76.2858178526,10.5112903653],[76.2890876457,10.510539329],[76.2894936555,10.5125145898],[76.2951834443,10.5145596021],[76.2954044882,10.5121050183],[76.3009902332,10.5100913678],[76.3017329013,10.507108312],[76.3046056685,10.5044796318],[76.3076821714,10.5040870736],[76.3084416421,10.5017861477],[76.3175832506,10.5022488494],[76.3181855811,10.494922342],[76.3208961651,10.49331781],[76.3211883176,10.4965238834],[76.3222129998,10.4969024714],[76.3226335376,10.494883877],[76.3255438451,10.4965445513],[76.3274766462,10.4981348589],[76.3292093316,10.5044813131],[76.3317408979,10.5041851081],[76.3290696414,10.5105704788],[76.3305304781,10.5098877397],[76.3303931047,10.5129399621],[76.3330562015,10.5137122264],[76.342491389,10.5150679358],[76.3522856694,10.5061074979],[76.3569176421,10.5056812128],[76.3624489725,10.5067148019],[76.3672338313,10.5108402391],[76.3717050965,10.5093145874],[76.3758133398,10.5047044291],[76.3885125569,10.5060144974],[76.3950054795,10.4991211719],[76.4134761501,10.4969769968],[76.4191891123,10.5007568847],[76.4293853764,10.5000648138],[76.4337443796,10.5016676644],[76.4482131991,10.5087587227],[76.4561059758,10.5154545172],[76.4599566369,10.5112489929],[76.4596923629,10.5082464256],[76.467279442,10.5029886459],[76.4672966704,10.4993354526],[76.4707217453,10.4970035234],[76.4741862607,10.4871915619],[76.4782936336,10.4860646323],[76.4705217702,10.4806274867],[76.457126482,10.4805951234],[76.4516635689,10.477276265],[76.4472716787,10.4721731588],[76.4421057047,10.477021765],[76.4339429248,10.4786480584],[76.4321502635,10.4776528649],[76.4298302626,10.4692211016],[76.4268794452,10.4683958524],[76.4006989717,10.4724423227],[76.3903794435,10.4698342781],[76.3844816668,10.4666573523],[76.3757679936,10.4670817262],[76.371450668,10.4575112951],[76.3594432044,10.4533495267],[76.34944116,10.46015376],[76.3479296453,10.4648625195],[76.3413164503,10.4667752623],[76.3361505985,10.4711728956],[76.3251031039,10.4759879559],[76.3179887429,10.473979897],[76.3157212431,10.4707972116],[76.3106693163,10.4739249246],[76.3032331064,10.4752419026],[76.3016085794,10.4736702512],[76.2952088466,10.475243552],[76.2840247364,10.4695928056],[76.2724955342,10.472873583],[76.2696935131,10.4687322273],[76.2682509147,10.4693237912],[76.2672521717,10.4656287278],[76.2643482111,10.4657089953],[76.2629654384,10.4640236691],[76.2600908514,10.4649725248],[76.2590399885,10.4622081716],[76.256213136,10.4625519352],[76.2559813954,10.4626911047]]]]}},{"type":"Feature","properties":{"code":"G08050","name":"Sree Narayanapuram","type":"Grama Panchayat","leading":"LDF","seats":{"LDF":13,"UDF":5,"NDA":5,"OTHERS":0}},"geometry":{"type":"MultiPolygon","coordinates":[[[[76.143631405,10.2402648635],[76.1342015768,10.27200646],[76.1469420955,10.2775816103],[76.1508611391,10.2770742213],[76.1521963325,10.2725913615],[76.159944254,10.2776591652],[76.160160947,10.2801083505],[76.167896543,10.2797672462],[76.1675472403,10.2807827714],[76.1702848029,10.2812277993],[76.1708774084,10.2771065605],[76.175354898,10.272305956],[76.1788446265,10.2733375365],[76.180516219,10.2671551292],[76.2010164659,10.2576468988],[76.1998731412,10.2496195315],[76.2008643027,10.2435405412],[76.1917581367,10.243214758],[76.184354562,10.2409583496],[76.1847467048,10.2428789052],[76.1801361316,10.2509704928],[76.1765919063,10.2501611973],[76.1770612615,10.2482705701],[76.1704900577,10.2465492549],[76.1686353399,10.2488793519],[76.165689913,10.2485436967],[76.1629601789,10.251999439],[76.1537895293,10.2491899294],[76.1439334922,10.2404410503],[76.143631405,10.2402648635]]]]}},{"type":"Feature","properties":{"code":"G08043","name":"Thalikulam","type":"Grama Panchayat","leading":"TIE","seats":{"LDF":5,"UDF":5,"NDA":4,"OTHERS":4}},"geometry":{"type":"MultiPolygon","coordinates":[[[[76.0812428444,10.4218684344],[76.0658251219,10.4574467503],[76.0903198839,10.4663268469],[76.0932014143,10.4664297319],[76.095228614,10.4504362631],[76.0936261712,10.4490040796],[76.09884077,10.4359549445],[76.1021771454,10.432472895],[76.0949530706,10.4280017381],[76.0875555161,10.4261945555],[76.0859500474,10.4232407413],[76.0819423312,10.4220820665],[76.0812428444,10.4218684344]]]]}},{"type":"Feature","properties":{"code":"G08054","name":"Thanniam","type":"Grama Panchayat","leading":"LDF","seats":{"LDF":17,"UDF":1,"NDA":1,"OTHERS":0}},"geometry":{"type":"MultiPolygon","coordinates":[[[[76.1342740962,10.3973648344],[76.1279338194,10.4035789656],[76.1240927803,10.4010048554],[76.1214069078,10.4014481582],[76.1039991822,10.4407684668],[76.1087333827,10.4430196138],[76.1105630361,10.4395954593],[76.1132231382,10.4403797059],[76.1139285507,10.4452833359],[76.1123480413,10.4497841264],[76.1182194994,10.4515696164],[76.1200606146,10.445819396],[76.1233512442,10.442742381],[76.1231860768,10.4400595742],[76.1260740101,10.4397033329],[76.1298567405,10.4419581908],[76.133334305,10.4402229871],[76.1322619318,10.4381189074],[76.1344882917,10.4313011943],[76.1410827995,10.4242915944],[76.1426771111,10.4212161708],[76.1412551749,10.4201216553],[76.1420854596,10.4207531781],[76.1440737251,10.4176498513],[76.1460009084,10.4116716314],[76.1532169044,10.4117639443],[76.154526329,10.408190197],[76.1535439641,10.4063617246],[76.1556639105,10.4062578619],[76.1576541161,10.4038082713],[76.1523325102,10.4029601128],[76.1491837463,10.3940289313],[76.1424344958,10.3859496298],[76.1387759157,10.3854232305],[76.1354478084,10.3877301445],[76.1351284793,10.390960968],[76.1377913083,10.3947599463],[76.1350596925,10.3966579639],[76.1342740962,10.3973648344]]]]}},{"type":"Feature","properties":{"code":"G08018","name":"Thekkumkara","type":"Grama Panchayat","leading":"LDF","seats":{"LDF":10,"UDF":6,"NDA":2,"OTHERS":1}},"geometry":{"type":"MultiPolygon","coordinates":[[[[76.2745793755,10.5993312364],[76.2730937032,10.5950112411],[76.2714837509,10.5947374181],[76.269131317,10.5991362364],[76.2669508315,10.5973425618],[76.265566704,10.6000139391],[76.2621253307,10.600747475],[76.2553680264,10.6115038488],[76.2552809724,10.6148786212],[76.2544988226,10.6158995563],[76.2528512975,10.6138917666],[76.2508686332,10.6172288004],[76.2447359699,10.6090516585],[76.2355839845,10.6095437262],[76.2310185539,10.6038518421],[76.2274512687,10.6029580358],[76.2259730199,10.6038993273],[76.2266163907,10.6060852766],[76.2193559849,10.6100589032],[76.2196238,10.6167687168],[76.2179400722,10.6183059411],[76.2274638199,10.6173041167],[76.2270925918,10.6227061534],[76.2291307985,10.6256831969],[76.2284285517,10.6302898303],[76.2317333548,10.630732939],[76.2333044948,10.632710604],[76.2417691106,10.6313284511],[76.2446404756,10.6336054687],[76.2444398994,10.6353696622],[76.250208662,10.6355646013],[76.2497425085,10.6386704968],[76.252116,10.6436153836],[76.2569892645,10.6432362319],[76.258853648,10.6464888394],[76.2640549532,10.6465220883],[76.2662426433,10.6518176079],[76.2689986755,10.6514038241],[76.2703637529,10.6537395265],[76.2770917218,10.6530715618],[76.2777463586,10.6573498648],[76.2810507095,10.6577673539],[76.2805025805,10.6621262401],[76.2894079866,10.6634512295],[76.3032888145,10.656972353],[76.3082739143,10.6521273677],[76.3129585681,10.6445820869],[76.3092599431,10.6377983059],[76.3105864074,10.6357019712],[76.3126196789,10.6363816938],[76.3124855576,10.6384575335],[76.3159805352,10.63877469],[76.3145724903,10.6358827612],[76.3173392888,10.6338905234],[76.3182869523,10.6375362946],[76.320408426,10.6389623252],[76.3206707898,10.633124027],[76.3233293634,10.6298881581],[76.3250919905,10.6337517224],[76.3255369149,10.6297564881],[76.3276539441,10.6289213669],[76.3242212334,10.6259037621],[76.3192743121,10.631546111],[76.3173636614,10.6306064173],[76.3152299403,10.6330386394],[76.313140988,10.6322958488],[76.3151855257,10.6296796375],[76.3123732541,10.6296827833],[76.3081926556,10.6321014231],[76.3095522757,10.6136125814],[76.3121263479,10.6084225045],[76.3155208295,10.6060881767],[76.3138900794,10.6039306736],[76.3153848638,10.601065305],[76.309957261,10.597689632],[76.306787075,10.5978779082],[76.3072857123,10.6010147485],[76.3049251962,10.6004944048],[76.304031563,10.5985101693],[76.2920224804,10.6020944997],[76.2885485532,10.600442284],[76.2864942311,10.6024572033],[76.2841614233,10.6023147524],[76.2814539714,10.5981336416],[76.277390322,10.6013436385],[76.274730293,10.5996031857],[76.2745793755,10.5993312364]]]]}},{"type":"Feature","properties":{"code":"G08026","name":"Thiruvilwamala","type":"Grama Panchayat","leading":"NDA","seats":{"LDF":7,"UDF":0,"NDA":10,"OTHERS":2}},"geometry":{"type":"MultiPolygon","coordinates":[[[[76.4101449507,10.7059099757],[76.4088041097,10.7078930617],[76.4091091669,10.713815144],[76.4025039726,10.7199951932],[76.4016553423,10.7270011139],[76.4038507037,10.7311395261],[76.3977997352,10.7393482301],[76.3941833378,10.7406809227],[76.3927366554,10.7433076488],[76.3948697768,10.7482356652],[76.4019123878,10.7466680215],[76.4125436582,10.7497169954],[76.4330337791,10.7508818633],[76.4434787171,10.74967471],[76.4692439157,10.7520632005],[76.4727375518,10.7494936491],[76.4687499289,10.7413543148],[76.4789684258,10.734633491],[76.477608199,10.7306575339],[76.4697611905,10.72641568],[76.464194127,10.7212940944],[76.4658423334,10.7182465234],[76.4635216826,10.715544305],[76.4617119948,10.706473444],[76.4566044849,10.6996135173],[76.4516234154,10.7021689155],[76.4403328159,10.6961659655],[76.4366164277,10.701043438],[76.433042056,10.7023598648],[76.4291734112,10.7015103353],[76.4260910895,10.7071375845],[76.4219202102,10.7060144105],[76.4177402613,10.7102428791],[76.4105787107,10.7056575698],[76.4101449507,10.7059099757]]]]}},{"type":"Feature","properties":{"code":"G08035","name":"Tholur","type":"Grama Panchayat","leading":"UDF","seats":{"LDF":5,"UDF":8,"NDA":1,"OTHERS":1}},"geometry":{"type":"MultiPolygon","coordinates":[[[[76.122005888,10.550729856],[76.122005888,10.550729856],[76.122005888,10.550729856]]]]}},{"type":"Feature","properties":{"code":"G08067","name":"Thrikkur","type":"Grama Panchayat","leading":"UDF","seats":{"LDF":6,"UDF":12,"NDA":1,"OTHERS":0}},"geometry":{"type":"MultiPolygon","coordinates":[[[[76.2672951784,10.4418854226],[76.2678533239,10.4460742505],[76.2701836669,10.4462333841],[76.2690363084,10.4486294059],[76.2709730628,10.44892294],[76.2721649555,10.4524786672],[76.2711765019,10.4548963556],[76.2727913217,10.4572903899],[76.2678458755,10.4587284496],[76.2604574229,10.4529138072],[76.2578844423,10.4623055835],[76.2600908514,10.4649725248],[76.2629654384,10.4640236691],[76.2643482111,10.4657089953],[76.2672521717,10.4656287278],[76.2682509147,10.4693237912],[76.2696935131,10.4687322273],[76.2724955342,10.472873583],[76.2840247364,10.4695928056],[76.2952088466,10.475243552],[76.3016085794,10.4736702512],[76.3032331064,10.4752419026],[76.3106693163,10.4739249246],[76.3157212431,10.4707972116],[76.3179887429,10.473979897],[76.3251031039,10.4759879559],[76.3361505985,10.4711728956],[76.3413164503,10.4667752623],[76.3479296453,10.4648625195],[76.35079528,10.45891632],[76.3594432044,10.4533495267],[76.3624324556,10.4542742763],[76.3626052344,10.4516578617],[76.3590304823,10.4509668128],[76.3572522457,10.4524480066],[76.3475930056,10.4438096271],[76.3454483489,10.4471529592],[76.342222175,10.4458565261],[76.3381790024,10.4500448046],[76.3353754759,10.4493204417],[76.3344637459,10.4471215703],[76.3285179411,10.4504137849],[76.3287625747,10.4481514061],[76.3255635301,10.4479524305],[76.3193363529,10.4517835091],[76.3131686281,10.4506966286],[76.310297793,10.4538784946],[76.3062786075,10.4509873402],[76.3000049932,10.4499796696],[76.2979694988,10.4527390169],[76.2954299629,10.4505847806],[76.2910383326,10.4499647753],[76.2910248668,10.4462021858],[76.275480307,10.4417344502],[76.2685081426,10.4415243468],[76.2672951784,10.4418854226]]]]}},{"type":"Feature","properties":{"code":"G08005","name":"Vadakkekkad","type":"Grama Panchayat","leading":"UDF","seats":{"LDF":6,"UDF":12,"NDA":0,"OTHERS":0}},"geometry":{"type":"MultiPolygon","coordinates":[[[[76.014058711,10.627166843],[76.014058711,10.627166843],[76.014058711,10.627166843]]]]}},{"type":"Feature","properties":{"code":"G08045","name":"Valappad","type":"Grama Panchayat","leading":"LDF","seats":{"LDF":9,"UDF":7,"NDA":5,"OTHERS":1}},"geometry":{"type":"MultiPolygon","coordinates":[[[[76.1086042483,10.351820034],[76.089049961,10.4024797033],[76.0911802721,10.4048556959],[76.1030355504,10.4097198741],[76.1057686884,10.4068561244],[76.1125439761,10.4099593138],[76.118492851,10.4000304135],[76.1231050978,10.4008038249],[76.1247525158,10.3921063872],[76.1208724026,10.3907875856],[76.1280277096,10.3773813838],[76.1315924679,10.3666935404],[76.1242777412,10.364287809],[76.1251938387,10.3620520638],[76.1221782182,10.3598485288],[76.1226652158,10.3575957735],[76.1196332243,10.3545014358],[76.1154343253,10.3524838829],[76.1135877213,10.3538776979],[76.1093458469,10.3522477652],[76.1086042483,10.351820034]]]]}},{"type":"Feature","properties":{"code":"G08061","name":"Vallachira","type":"Grama Panchayat","leading":"TIE","seats":{"LDF":6,"UDF":4,"NDA":6,"OTHERS":0}},"geometry":{"type":"MultiPolygon","coordinates":[[[[76.2305754269,10.4149540397],[76.2303862825,10.4040821292],[76.22692751,10.4034163591],[76.2248124052,10.4052726952],[76.2224368683,10.4043956913],[76.2210693333,10.4065955278],[76.2228556351,10.4099711006],[76.2216393291,10.4133296964],[76.2184594933,10.4131473913],[76.2173084961,10.4148491054],[76.2194035443,10.4226227631],[76.2179730669,10.4284997957],[76.2233451765,10.435224636],[76.2195962445,10.438834997],[76.2227005994,10.4519466512],[76.2263692961,10.4561308696],[76.2317056944,10.4579742206],[76.2335713619,10.4555093215],[76.2371429528,10.4560520841],[76.2361599805,10.4484588924],[76.2391952891,10.4438746708],[76.2439873202,10.4457457458],[76.2430922728,10.4362522511],[76.2390793204,10.4326373486],[76.2397863536,10.4256584933],[76.2352057025,10.4230047436],[76.2317080605,10.4240484497],[76.2322933866,10.4179487292],[76.2304281618,10.4153000069],[76.2305754269,10.4149540397]]]]}},{"type":"Feature","properties":{"code":"G08022","name":"Vallathole Nagar","type":"Grama Panchayat","leading":"LDF","seats":{"LDF":14,"UDF":1,"NDA":1,"OTHERS":2}},"geometry":{"type":"MultiPolygon","coordinates":[[[[76.2445901735,10.7164869038],[76.2427985174,10.7260140739],[76.2451262019,10.7394837369],[76.2501310682,10.7472513307],[76.2581643396,10.7494691702],[76.2654290778,10.7536898054],[76.2801535035,10.7524683896],[76.2876736144,10.7563516961],[76.29317908,10.7549077268],[76.2917451507,10.7486950369],[76.2937739035,10.7514143276],[76.2933295625,10.7493615795],[76.2975321108,10.7475295826],[76.2968771203,10.7454756849],[76.2917491432,10.7423183821],[76.2932696912,10.7408356087],[76.2903410001,10.7401006285],[76.2937336156,10.734448328],[76.2930957304,10.7321572885],[76.2856321638,10.7319716319],[76.2884973407,10.7270070275],[76.2850107929,10.7210140963],[76.2809880193,10.7197813435],[76.2776267526,10.7140329941],[76.2692022525,10.7144971946],[76.2685859599,10.7126837949],[76.2677803728,10.7146175542],[76.2691149247,10.7168845424],[76.2658289828,10.7174204795],[76.2646064618,10.7150048985],[76.2659411013,10.7121611606],[76.2628409599,10.711758277],[76.2585685266,10.7140304623],[76.259852804,10.7188219251],[76.2585816281,10.7207279041],[76.2569464692,10.7181582138],[76.2545351933,10.7216993866],[76.2514749174,10.7199393847],[76.2545104771,10.7177337628],[76.2563006608,10.7137588635],[76.2503607441,10.7141393102],[76.2452217584,10.7166628568],[76.2445901735,10.7164869038]]]]}},{"type":"Feature","properties":{"code":"G08068","name":"Varantharappilly","type":"Grama Panchayat","leading":"UDF","seats":{"LDF":7,"UDF":10,"NDA":5,"OTHERS":2}},"geometry":{"type":"MultiPolygon","coordinates":[[[[76.3088838439,10.3917753031],[76.3099403193,10.3963230676],[76.3086725161,10.40071072],[76.3137430429,10.4006991433],[76.3147710452,10.4035300062],[76.3158963672,10.4034223762],[76.3153818656,10.4011698238],[76.3184176926,10.4011440368],[76.3193893181,10.4048817613],[76.3207516184,10.4048286676],[76.3197543697,10.4076325615],[76.316284363,10.4100167436],[76.3170057924,10.4144690451],[76.3154066842,10.4182313436],[76.317523013,10.4186673223],[76.3187878438,10.421058215],[76.3155723965,10.4256035608],[76.3180534196,10.4280904345],[76.315871529,10.4373567491],[76.3170752792,10.4385341734],[76.3293773971,10.4413296791],[76.3362174832,10.4377747558],[76.336714077,10.4399823688],[76.3412245488,10.4401254074],[76.3458315697,10.4452747993],[76.3475930056,10.4438096271],[76.3492183512,10.4445137771],[76.3572522457,10.4524480066],[76.3590304823,10.4509668128],[76.3626052344,10.4516578617],[76.3624324556,10.4542742763],[76.371450668,10.4575112951],[76.3757679936,10.4670817262],[76.3844816668,10.4666573523],[76.3903794435,10.4698342781],[76.4006989717,10.4724423227],[76.4268794452,10.4683958524],[76.4298302626,10.4692211016],[76.4328820659,10.4783724647],[76.4421057047,10.477021765],[76.4472716787,10.4721731588],[76.4516635689,10.477276265],[76.457126482,10.4805951234],[76.4705217702,10.4806274867],[76.4782936336,10.4860646323],[76.4878435512,10.4860986688],[76.4902835081,10.4794864809],[76.4931212377,10.4797009076],[76.4939463312,10.4779357235],[76.5019718054,10.4784561453],[76.5050355096,10.4744613515],[76.5149194152,10.4724668502],[76.5241140417,10.4677743136],[76.5261373425,10.4634254026],[76.5320493876,10.4593423764],[76.5360008928,10.4487727928],[76.5416297511,10.4473828552],[76.5415227595,10.4387127728],[76.5362138494,10.4289132872],[76.5292569408,10.4025777692],[76.5116590167,10.4047526358],[76.5089397491,10.4068228012],[76.496219315,10.4065276532],[76.4815905806,10.4104242468],[76.4752646797,10.4154498554],[76.4622234436,10.416700079],[76.4602909646,10.4093644365],[76.4544397227,10.4090595031],[76.4360522491,10.415214147],[76.4404169079,10.4062789473],[76.4380928164,10.4010065741],[76.4239424925,10.4032639052],[76.4143173328,10.4027000565],[76.4091453051,10.3974709158],[76.3901284408,10.4013960819],[76.3825563234,10.4064839919],[76.3817008488,10.4027631767],[76.3783257167,10.4003426205],[76.3738477514,10.4040319891],[76.367440826,10.4007846648],[76.3617733253,10.4031014721],[76.3570483152,10.3969517338],[76.3533473686,10.3970847301],[76.3513621756,10.3998139462],[76.3495722841,10.3953426079],[76.3474368629,10.3967239292],[76.3479699857,10.3989417552],[76.3455748242,10.3991652906],[76.3451882988,10.3955850035],[76.3397771179,10.3923683896],[76.3383926049,10.3932956927],[76.3296256029,10.3863569534],[76.3274016392,10.3866194561],[76.3264695699,10.3914882524],[76.3239711997,10.3902951227],[76.323254095,10.3836312419],[76.315465812,10.3885697647],[76.3138907381,10.3919854467],[76.3097653675,10.392133553],[76.3088838439,10.3917753031]]]]}},{"type":"Feature","properties":{"code":"G08019","name":"Varavoor","type":"Grama Panchayat","leading":"LDF","seats":{"LDF":9,"UDF":4,"NDA":2,"OTHERS":1}},"geometry":{"type":"MultiPolygon","coordinates":[[[[76.1723864405,10.702101461],[76.1718153775,10.700814136],[76.1690969462,10.7011809663],[76.1676838434,10.7020562901],[76.1697033045,10.7025994188],[76.1680058168,10.7055777712],[76.1624716709,10.7040663106],[76.1610492614,10.7067538516],[76.1642623378,10.7063264781],[76.1655512133,10.7113543107],[76.1720409794,10.7136534574],[76.1750386061,10.7233227507],[76.1769843438,10.7240643442],[76.1792597885,10.7290395559],[76.1815754238,10.7298400024],[76.1811900602,10.7345770292],[76.1826189676,10.7345665323],[76.1909182596,10.744680965],[76.2012598543,10.7416971619],[76.20984137,10.7462240238],[76.2139580282,10.7433334022],[76.2158958887,10.7368735284],[76.2282304169,10.7339988829],[76.2285186086,10.7308879285],[76.2323929817,10.7271877682],[76.2362346235,10.7293925774],[76.235433059,10.7346217712],[76.2450839374,10.735477817],[76.2427985174,10.7260140739],[76.2445901735,10.7164869038],[76.2395324264,10.7140764417],[76.2372054355,10.7088967423],[76.2394011623,10.7075672661],[76.2390228026,10.7044895649],[76.2416639523,10.7034495612],[76.2413044909,10.7008079538],[76.2399420748,10.6989786339],[76.2366981842,10.6988469695],[76.2248198443,10.7064281921],[76.2149113253,10.7077968811],[76.2127034779,10.7066983378],[76.2121543632,10.70436247],[76.2152188755,10.6986779215],[76.2149401864,10.6964271091],[76.2109798875,10.6938358921],[76.2082926138,10.694307283],[76.208196371,10.698369069],[76.2066428766,10.6991548042],[76.2010502536,10.6943998111],[76.1991449393,10.6967258986],[76.199368938,10.7000455084],[76.1942106028,10.7018369288],[76.1942490835,10.7048857701],[76.1916397429,10.7041311199],[76.1885884929,10.705843577],[76.1893813491,10.7086242942],[76.1861569752,10.7072605759],[76.1829776421,10.7091824705],[76.1787848605,10.7065476722],[76.1737872637,10.7067328348],[76.1725997597,10.7024216146],[76.1723864405,10.702101461]]]]}},{"type":"Feature","properties":{"code":"G08042","name":"Vadanappilly","type":"Grama Panchayat","leading":"LDF","seats":{"LDF":10,"UDF":2,"NDA":6,"OTHERS":2}},"geometry":{"type":"MultiPolygon","coordinates":[[[[76.0658251219,10.4574467503],[76.0498601465,10.4881433971],[76.055633558,10.488421964],[76.0581414885,10.4869873747],[76.0572829796,10.492167505],[76.0663287896,10.4960339151],[76.0692360987,10.4912524379],[76.0750939595,10.4927109421],[76.0788942125,10.4951220459],[76.078400589,10.5014688827],[76.0849244835,10.4942020237],[76.0850176906,10.4889652886],[76.0931577114,10.476198108],[76.0932014143,10.4664297319],[76.0811045699,10.4620228671],[76.0754489975,10.4617230119],[76.0729798903,10.4594266956],[76.0660260654,10.4575254698],[76.0658251219,10.4574467503]]]]}},{"type":"Feature","properties":{"code":"G08076","name":"Vellangalur","type":"Grama Panchayat","leading":"UDF","seats":{"LDF":10,"UDF":11,"NDA":2,"OTHERS":0}},"geometry":{"type":"MultiPolygon","coordinates":[[[[76.2029410698,10.2578949504],[76.2029410698,10.2578949504],[76.2029410698,10.2578949504]]]]}},{"type":"Feature","properties":{"code":"G08077","name":"Velookkara","type":"Grama Panchayat","leading":"LDF","seats":{"LDF":12,"UDF":6,"NDA":1,"OTHERS":0}},"geometry":{"type":"MultiPolygon","coordinates":[[[[76.2316600646,10.2856080568],[76.2270653749,10.288294475],[76.2272740852,10.2914574552],[76.2302662234,10.2940741117],[76.2320162842,10.2993300595],[76.2319852056,10.3125353115],[76.2200763917,10.3149718292],[76.2190590293,10.3138078776],[76.2152694233,10.314589461],[76.2134307587,10.3122383494],[76.210029142,10.3161387686],[76.2041225305,10.3176944833],[76.2071345592,10.3209156401],[76.2086311377,10.3277805395],[76.2075837727,10.3300028268],[76.2041173961,10.3315466521],[76.203922264,10.3333741384],[76.2060969335,10.3340579711],[76.2057264677,10.3376605858],[76.2069527628,10.3381248215],[76.2071803848,10.336547769],[76.2102427428,10.3361669084],[76.2198342592,10.3370818002],[76.2197952902,10.3353422772],[76.2215532018,10.3353925798],[76.2212751673,10.3318476826],[76.2245306011,10.3319681781],[76.2245129829,10.3260052562],[76.229052424,10.3271179948],[76.2354094502,10.3262560892],[76.2376634015,10.3303527147],[76.2384895926,10.3387632208],[76.242127064,10.3409358581],[76.2507824235,10.3397523107],[76.2531780993,10.347227663],[76.251789812,10.3512673502],[76.2561135945,10.3507462352],[76.2563162967,10.3420400633],[76.2613315198,10.3391353035],[76.2625284092,10.3318605131],[76.260514549,10.329435341],[76.2576602933,10.3162136187],[76.2624813579,10.3144189458],[76.265222029,10.3157550852],[76.2694624104,10.3131535204],[76.2683841369,10.3033820986],[76.2624620813,10.2965785564],[76.2531198967,10.295888111],[76.250353221,10.2934484716],[76.2474072093,10.2936243746],[76.2500457638,10.2860433707],[76.2399516913,10.2875323089],[76.2379780801,10.2837473274],[76.2321395664,10.2848928141],[76.2316600646,10.2856080568]]]]}},{"type":"Feature","properties":{"code":"G08013","name":"Velur","type":"Grama Panchayat","leading":"UDF","seats":{"LDF":8,"UDF":9,"NDA":1,"OTHERS":1}},"geometry":{"type":"MultiPolygon","coordinates":[[[[76.1510306906,10.6219944817],[76.1510306906,10.6219944817],[76.1510306906,10.6219944817]]]]}},{"type":"Feature","properties":{"code":"G08040","name":"Venkitangu","type":"Grama Panchayat","leading":"UDF","seats":{"LDF":6,"UDF":11,"NDA":0,"OTHERS":1}},"geometry":{"type":"MultiPolygon","coordinates":[[[[76.0885181437,10.5056591314],[76.0834523413,10.5041590946],[76.0861267637,10.4997013243],[76.0849244835,10.4942020237],[76.0797452362,10.4986088106],[76.0739245819,10.5067488939],[76.0727873272,10.5131377363],[76.061153907,10.5331860162],[76.0546149929,10.5387424999],[76.0550631743,10.5431076914],[76.0579605062,10.5435872233],[76.063244878,10.5356393361],[76.0651531573,10.5385223365],[76.0736409384,10.540475677],[76.0769924434,10.5334724535],[76.0811358677,10.5329550937],[76.0797259579,10.5272221428],[76.081288518,10.5242261574],[76.0934751955,10.5306949308],[76.1006783041,10.5326271999],[76.1101704793,10.5314160607],[76.1113811591,10.5263921713],[76.1147010204,10.5266231246],[76.1156687283,10.5236431197],[76.1295059423,10.5266650658],[76.1316620408,10.5210081609],[76.1332682163,10.5212074497],[76.1343473721,10.5131698488],[76.129972889,10.5081096727],[76.1097494507,10.5040367365],[76.1089398843,10.5020043834],[76.088737888,10.505627254],[76.0885181437,10.5056591314]]]]}},{"type":"Feature","properties":{"code":"M08032","name":"Chalakudy","type":"Municipality","leading":"UDF","seats":{"LDF":5,"UDF":21,"NDA":1,"OTHERS":10}},"geometry":{"type":"MultiPolygon","coordinates":[[[[76.306400859,10.2777802788],[76.3039390316,10.2739144489],[76.3033655932,10.2749155122],[76.3047434467,10.2778303724],[76.3024325861,10.2830639172],[76.3027480456,10.2885554295],[76.3043776364,10.2912514151],[76.3094829839,10.2917988996],[76.3114698115,10.2954364568],[76.3093002287,10.307468399],[76.3118857694,10.3121746993],[76.3090934797,10.3186095697],[76.3105722224,10.3252419509],[76.3155486321,10.3349757347],[76.3128191594,10.3414728713],[76.3191902389,10.3423742089],[76.322261906,10.3408573404],[76.3223079915,10.3441696609],[76.3288527305,10.3429561106],[76.3308049757,10.3447160567],[76.337588032,10.3394376457],[76.3447121059,10.3378413494],[76.3445467809,10.3323283787],[76.3464458133,10.3339524171],[76.3510755313,10.3324138719],[76.3489599228,10.3285724094],[76.3528886089,10.3182186212],[76.3493602997,10.3052169223],[76.3452127838,10.2998791936],[76.3475492319,10.2916676264],[76.345800244,10.2877034562],[76.3442581933,10.2874298916],[76.3398796253,10.2924227168],[76.3344327623,10.294910416],[76.3310524467,10.2928617514],[76.3287278731,10.2878511524],[76.3066773429,10.2780402643],[76.306400859,10.2777802788]]]]}},{"type":"Feature","properties":{"code":"M08035","name":"Chavakkad","type":"Municipality","leading":"LDF","seats":{"LDF":20,"UDF":11,"NDA":0,"OTHERS":2}},"geometry":{"type":"MultiPolygon","coordinates":[[[[76.008990607,10.5690148559],[75.9900034139,10.6093751201],[75.9934600314,10.6106400097],[75.994436025,10.6080008637],[76.0010155912,10.6109906963],[76.0032660807,10.6078866989],[76.0086637908,10.6117689186],[76.0117993083,10.6121842416],[76.0148346625,10.6035084101],[76.0168005262,10.6031091568],[76.0207680025,10.5966454291],[76.0233952509,10.5953151371],[76.0292562475,10.5981099542],[76.0287188271,10.6032343444],[76.031758803,10.6043417547],[76.0323974632,10.6063287306],[76.0352285682,10.6028190931],[76.0299784278,10.595482645],[76.0310755717,10.5927804691],[76.029636688,10.5929987866],[76.0296337849,10.5914846209],[76.0320601217,10.5917204404],[76.0351487525,10.5842505531],[76.034379591,10.5824672435],[76.0385056384,10.581357462],[76.0428512844,10.5729163861],[76.0353019837,10.5687499815],[76.0317222963,10.5796262601],[76.0295933792,10.5809990418],[76.0280958696,10.5806878],[76.0256269416,10.5731226806],[76.0168116774,10.5737881407],[76.0092849569,10.5691617308],[76.008990607,10.5690148559]]]]}},{"type":"Feature","properties":{"code":"M08036","name":"Guruvayoor","type":"Municipality","leading":"LDF","seats":{"LDF":23,"UDF":16,"NDA":2,"OTHERS":5}},"geometry":{"type":"MultiPolygon","coordinates":[[[[76.0117993083,10.6121842416],[76.0111523616,10.6131045401],[76.0164861341,10.6156236582],[76.0119740985,10.6251033836],[76.0147951642,10.6282805433],[76.020137358,10.630163847],[76.0201157872,10.6329673095],[76.0181068188,10.6341958265],[76.0191555662,10.6363773205],[76.0311693298,10.6370806623],[76.0321866015,10.6338740033],[76.0375506555,10.6341030262],[76.0424928761,10.6250108609],[76.0502525348,10.6260139539],[76.0526689026,10.6191628096],[76.0565161538,10.6176635525],[76.0601103838,10.6057932338],[76.06491553,10.6005983281],[76.0698733102,10.6001292282],[76.0714693043,10.5889490821],[76.0747270167,10.5822642088],[76.0634213985,10.5789029909],[76.0635267633,10.5739668488],[76.0563411124,10.5733701029],[76.0553832286,10.5710187599],[76.0532244411,10.5713847665],[76.050976189,10.5694177956],[76.047000614,10.5702108582],[76.0465538663,10.5661387626],[76.0465450286,10.5672860697],[76.0444408233,10.5669858588],[76.0440108646,10.5690571396],[76.041744865,10.5685309564],[76.0401780269,10.5668285808],[76.0403751102,10.5627148991],[76.0364955825,10.5689248392],[76.0429266445,10.5731216547],[76.0385056384,10.581357462],[76.034379591,10.5824672435],[76.0351487525,10.5842505531],[76.0320601217,10.5917204404],[76.0296337849,10.5914846209],[76.029636688,10.5929987866],[76.0310755717,10.5927804691],[76.0299784278,10.595482645],[76.0352285682,10.6028190931],[76.0323974632,10.6063287306],[76.031758803,10.6043417547],[76.0287188271,10.6032343444],[76.0292562475,10.5981099542],[76.0233952509,10.5953151371],[76.0207680025,10.5966454291],[76.0168005262,10.6031091568],[76.0148346625,10.6035084101],[76.0118773531,10.6120388972],[76.0117993083,10.6121842416]]]]}},{"type":"Feature","properties":{"code":"M08033","name":"Irinjalakuda","type":"Municipality","leading":"UDF","seats":{"LDF":12,"UDF":22,"NDA":6,"OTHERS":3}},"geometry":{"type":"MultiPolygon","coordinates":[[[[76.204012976,10.3375769786],[76.1958585667,10.3358166371],[76.1887269353,10.3370495877],[76.1839802298,10.3406687331],[76.1837919937,10.3440758165],[76.1812564021,10.3446988304],[76.1807614332,10.3468802321],[76.1834773877,10.3471391966],[76.1818349485,10.3551733409],[76.1872567733,10.3573980684],[76.195839193,10.3569782002],[76.1963187384,10.3653332892],[76.1991164996,10.3675615021],[76.1988769763,10.3703078429],[76.2013705871,10.3709156418],[76.2001057602,10.3726852803],[76.1946635454,10.3724127621],[76.1953902948,10.3790489357],[76.1994075566,10.3786919881],[76.2038533994,10.3804481952],[76.2077089535,10.3890388827],[76.2003021381,10.3947674031],[76.2023140654,10.4103487576],[76.2047223119,10.4098741949],[76.2087583827,10.4040601218],[76.2122125578,10.4047903635],[76.2208031783,10.4025673378],[76.2255439115,10.4049219274],[76.2261172517,10.3989330842],[76.2226884607,10.3986756417],[76.2227321877,10.3968381394],[76.224113022,10.3974375354],[76.226422517,10.39550296],[76.2260580459,10.3927783882],[76.2291168128,10.3888703322],[76.2368074757,10.3858884479],[76.2383925481,10.3836691126],[76.2472977751,10.3822822382],[76.2462240408,10.3755319208],[76.2484780089,10.3686741488],[76.2483187014,10.3618056096],[76.2431236664,10.3621536097],[76.2409927105,10.3638173792],[76.2319610882,10.3631749954],[76.2293546284,10.357283012],[76.2306268052,10.3544696996],[76.2287551537,10.3498930492],[76.2324214423,10.3450206242],[76.2311866959,10.3428902848],[76.2325196309,10.3409716224],[76.2286915179,10.3404412877],[76.2246791678,10.3339885456],[76.2233783466,10.3354276653],[76.2197952902,10.3353422772],[76.21983130160258,10.337088717093941],[76.2102427428,10.3361669084],[76.2071803848,10.336547769],[76.2069101155,10.3382998514],[76.2042220815,10.3376885852],[76.204012976,10.3375769786]]]]}},{"type":"Feature","properties":{"code":"M08034","name":"Kodungallur","type":"Municipality","leading":"LDF","seats":{"LDF":25,"UDF":3,"NDA":18,"OTHERS":0}},"geometry":{"type":"MultiPolygon","coordinates":[[[[76.1814697652,10.1901383826],[76.181710885,10.1941990826],[76.1768182996,10.2006595127],[76.1747442006,10.2095060032],[76.1800232819,10.2135173559],[76.1803105319,10.2162565705],[76.1867956356,10.2168548688],[76.1903084559,10.2188775813],[76.1882424604,10.2253006019],[76.1869885328,10.2243906267],[76.1859497226,10.2264180805],[76.1830810656,10.226372406],[76.1829676592,10.228671587],[76.1803940539,10.2306099253],[76.1764591535,10.2383643762],[76.1801846969,10.2413855978],[76.2008643027,10.2435405412],[76.1998731412,10.2496195315],[76.2010164659,10.2576468988],[76.2133447143,10.2556395311],[76.2249443506,10.2580399434],[76.2270321326,10.2524901015],[76.2301353776,10.2497179073],[76.2272084554,10.2391110498],[76.2231153475,10.2312319507],[76.2243264622,10.221098621],[76.2172005151,10.2133064681],[76.2220743983,10.2055333905],[76.2116968984,10.2008932007],[76.213698846,10.198535796],[76.2124663386,10.1941807045],[76.2048660455,10.1947827859],[76.1820511429,10.1903400106],[76.1814697652,10.1901383826]]]]}},{"type":"Feature","properties":{"code":"M08037","name":"Kunnamkulam","type":"Municipality","leading":"LDF","seats":{"LDF":18,"UDF":9,"NDA":7,"OTHERS":5}},"geometry":{"type":"MultiPolygon","coordinates":[[[[76.0655527298,10.6132640093],[76.0641142208,10.6092110416],[76.0601103838,10.6057932338],[76.0565161538,10.6176635525],[76.0526689026,10.6191628096],[76.0502525348,10.6260139539],[76.0424928761,10.6250108609],[76.0368210499,10.6348613317],[76.033094356,10.646269602],[76.0288731449,10.6514408426],[76.0283614055,10.6528048249],[76.0298793133,10.6533748427],[76.0279095618,10.6599201638],[76.0308626817,10.6603364076],[76.0341411621,10.6641846766],[76.0320498423,10.6690687201],[76.038293235,10.665850525],[76.0431561505,10.6597496846],[76.0439412374,10.661014263],[76.0556703714,10.6621412809],[76.0601936785,10.6678100723],[76.0740017116,10.666811404],[76.0783926024,10.673856343],[76.0795093212,10.6677473981],[76.0802670351,10.6697044631],[76.0862125155,10.6695137155],[76.0874944097,10.6599227062],[76.0826630745,10.6558558388],[76.0846818557,10.6444335009],[76.0842657076,10.6316386039],[76.0797644787,10.630910787],[76.0774470009,10.6164064991],[76.0697020178,10.6181641883],[76.0656381301,10.6155446049],[76.0655875192,10.6136417389],[76.0655527298,10.6132640093]]]]}},{"type":"Feature","properties":{"code":"M08068","name":"Vadakkancherry","type":"Municipality","leading":"LDF","seats":{"LDF":22,"UDF":17,"NDA":2,"OTHERS":1}},"geometry":{"type":"MultiPolygon","coordinates":[[[[76.2052303814,10.6155904552],[76.2042373048,10.6172751907],[76.2017965712,10.6174618494],[76.200865478,10.6152192521],[76.2008436864,10.6175044309],[76.1970863987,10.6160904996],[76.1972609729,10.6179221492],[76.1893954079,10.6189128999],[76.1901313154,10.623898953],[76.1874780848,10.6276772618],[76.1852724852,10.6269529512],[76.1829100853,10.629266377],[76.1772625306,10.6296301708],[76.1811737669,10.6327610479],[76.1803012268,10.6420057913],[76.1826192726,10.6442193543],[76.1831726353,10.6474059061],[76.1788679309,10.65176146],[76.1824066066,10.6597725876],[76.1895657802,10.6605988155],[76.1913866392,10.6616002082],[76.1913658707,10.6658402871],[76.1967275093,10.6670016718],[76.1975589363,10.6694386067],[76.2019511702,10.6692193474],[76.2048829052,10.6716545841],[76.2198161258,10.6691622949],[76.2269466603,10.6747330693],[76.2281566995,10.6736022828],[76.2274842127,10.670985491],[76.2302664871,10.6693633221],[76.2333210957,10.6718892133],[76.2346282991,10.6776524218],[76.2383331003,10.6784888358],[76.239655116,10.6847369348],[76.2454123213,10.6870196943],[76.2528647659,10.6860830261],[76.2543858925,10.6886068598],[76.2595076172,10.6895418824],[76.2643889502,10.689430672],[76.26596069,10.6846916178],[76.2748684475,10.6845429005],[76.2744464972,10.6809208264],[76.269633073,10.6758497571],[76.2739079415,10.6710433419],[76.2810264405,10.6684613768],[76.2810507095,10.6577673539],[76.2777463586,10.6573498648],[76.2770917218,10.6530715618],[76.2703637529,10.6537395265],[76.2689986755,10.6514038241],[76.2662426433,10.6518176079],[76.2640549532,10.6465220883],[76.258853648,10.6464888394],[76.2569892645,10.6432362319],[76.252116,10.6436153836],[76.2497425085,10.6386704968],[76.250208662,10.6355646013],[76.2444398994,10.6353696622],[76.2446404756,10.6336054687],[76.2417691106,10.6313284511],[76.2333044948,10.632710604],[76.2317333548,10.630732939],[76.2284285517,10.6302898303],[76.2291307985,10.6256831969],[76.2270925918,10.6227061534],[76.2274638199,10.6173041167],[76.2179400722,10.6183059411],[76.2197939174,10.6155049295],[76.2180681254,10.6124412096],[76.217060462,10.6143276706],[76.2129675161,10.6142829332],[76.2120716026,10.6164218079],[76.2052522223,10.6153565973],[76.2052303814,10.6155904552]]]]}}]}
