{"type":"FeatureCollection","features":[{"type":"Feature","properties":{"name":"Alappuzha","slug":"alappuzha","leading":"LDF","seats":{"LDF":747,"UDF":597,"NDA":238,"OTHERS":84},"declared":1666},"geometry":{"type":"MultiPolygon","coordinates":[[[[76.3242214877,9.4627443757],[76.3445857139,9.4664350445],[76.3624414505,9.4639265998],[76.3687238714,9.511135823],[76.3749269577,9.5208626012],[76.3472683331,9.5283066665],[76.3336380156,9.5256739892],[76.3313966669,9.5219333332],[76.3117980783,9.5202752029],[76.294130882,9.6223647164],[76.2957453513,9.6300390104],[76.2869789269,9.719269937],[76.2771109362,9.7898304064],[76.2843264866,9.7907306759],[76.2818446769,9.8042790201],[76.2914164176,9.8069164666],[76.2872973689,9.8196790679],[76.2838773874,9.8178795503],[76.2806922515,9.8235170168],[76.2797659492,9.8300252415],[76.284495731,9.8360453141],[76.2861513018,9.8491975074],[76.297498454,9.8529520102],[76.2926147019,9.8906797363],[76.3031196888,9.890038243],[76.3122284037,9.8822941833],[76.3311617476,9.8763964214],[76.3519963264,9.8783525814],[76.3590543186,9.8762179642],[76.3711297583,9.8570776747],[76.3707676222,9.8428983518],[76.3786955538,9.8190066198],[76.3776808905,9.8117740481],[76.3672853327,9.7992004205],[76.3657047218,9.7921601733],[76.3808839001,9.7518742183],[76.3758081591,9.696645982],[76.4026913319,9.6852177757],[76.3963522156,9.653703159],[76.4001292666,9.6332715487],[76.3933037916,9.5482573927],[76.4047266888,9.5540901835],[76.4046932805,9.5594832034],[76.4143444107,9.5633652732],[76.4158619194,9.5583137318],[76.4228478856,9.5560260902],[76.4267915113,9.5496629036],[76.4656169656,9.5611220222],[76.465590114,9.5422965554],[76.4798250345,9.5375275803],[76.4804719868,9.5082850276],[76.4953156021,9.5068763854],[76.5033401142,9.5024632528],[76.5079094758,9.5037416307],[76.5134005771,9.4954740957],[76.5076434257,9.4919732325],[76.5090707243,9.4777963418],[76.5060367426,9.4761540478],[76.5058291195,9.4678084292],[76.4981949362,9.4542060287],[76.4978036031,9.4445589382],[76.5007559657,9.4393829308],[76.5065584257,9.4385969256],[76.5040351012,9.4340309755],[76.506745861,9.4312029198],[76.5046444357,9.4298111835],[76.5071775015,9.4216725835],[76.5054144796,9.4050602848],[76.5116198296,9.4007322104],[76.5107457554,9.3914380771],[76.5140036071,9.390329841],[76.509888096,9.376294642],[76.5241267643,9.3655968614],[76.5163359363,9.3651317014],[76.5167662743,9.3542427346],[76.5088831157,9.3547087006],[76.4959383017,9.3468275478],[76.4830271278,9.3453219541],[76.4748671507,9.3374620125],[76.4743564935,9.3287663936],[76.4874448484,9.3297726638],[76.501859988,9.3235976404],[76.516964342,9.3272432395],[76.5269376494,9.3261242386],[76.5318354341,9.3296860807],[76.5349411068,9.3230198622],[76.5409570883,9.322381432],[76.5526758376,9.327242291],[76.5581284182,9.3435735308],[76.5520083794,9.3476621269],[76.552090975,9.3515673422],[76.5566403877,9.3496604893],[76.5669526788,9.3557094341],[76.5726949239,9.3556368186],[76.5799344621,9.3532619164],[76.5818387018,9.3470010938],[76.5877208245,9.3516473581],[76.5949544481,9.3524239523],[76.5982575202,9.3461908242],[76.617841751,9.3410207737],[76.6171067899,9.3378484189],[76.6115605536,9.3382151041],[76.6112382389,9.3349835935],[76.6026184402,9.3318895457],[76.5989613143,9.3200808063],[76.6016274566,9.3179943488],[76.6062107671,9.3208243449],[76.6089433605,9.3093163478],[76.614958306,9.3099015888],[76.6180837167,9.3053125431],[76.6211710269,9.3061256222],[76.6243827376,9.301115291],[76.6200401333,9.2978596785],[76.6256669251,9.296594162],[76.6277260892,9.3020631087],[76.6324673605,9.3041006202],[76.6274220508,9.3100241141],[76.636843975,9.3227209984],[76.641388455,9.3202480966],[76.6446632131,9.3098804312],[76.6507952794,9.308287571],[76.6523501023,9.2929322565],[76.6694914995,9.2899186952],[76.6749398086,9.2918094702],[76.6777095239,9.2831398163],[76.670145137,9.2785350272],[76.6673093264,9.2699313758],[76.6624641459,9.2691132806],[76.6641701807,9.2649156854],[76.654417681,9.2609230811],[76.6590878802,9.2533148503],[76.6536637115,9.23739531],[76.6389445757,9.2339924596],[76.6451827124,9.2237543491],[76.6466705435,9.2089675176],[76.6509095415,9.2044628555],[76.6573472677,9.2045436702],[76.6764778852,9.194062309],[76.6775379592,9.1839596904],[76.6904776168,9.1766742212],[76.6869783339,9.1682775499],[76.677277667,9.1721084324],[76.6717538059,9.1658897501],[76.6729623364,9.1540413298],[76.6633226139,9.1498977845],[76.6390744317,9.149836342],[76.6334141596,9.1388513035],[76.6226457435,9.1381561605],[76.6150354203,9.1305362203],[76.5916101147,9.1320236519],[76.5878910732,9.1290449306],[76.58920473,9.1233225753],[76.5835677791,9.1202666798],[76.5842683976,9.1167206247],[76.5795808861,9.1149922022],[76.5751811875,9.1176401959],[76.5679186678,9.1110129891],[76.551722098,9.11064364],[76.5464163282,9.1262735981],[76.5413663877,9.1287048824],[76.5422570916,9.1354772175],[76.5083548802,9.1370763099],[76.5033389464,9.1345532896],[76.5064458318,9.1249263183],[76.504261209,9.1246044753],[76.4729841696,9.1271252741],[76.4686653581,9.1359882298],[76.4619059524,9.136610225],[76.3828659007,9.3124480413],[76.3780079168,9.3175674675],[76.3473273632,9.3906313844],[76.3248417905,9.4603722895],[76.3242214877,9.4627443757]],[[76.4495261104,9.3015877623],[76.4373062971,9.2979255632],[76.4461962883,9.2714019685],[76.4484327511,9.2668462046],[76.4530595312,9.2657293228],[76.4526699345,9.2612582678],[76.4642766666,9.2589100001],[76.47454428,9.2588918015],[76.4731191603,9.2676388873],[76.4799352695,9.2671647266],[76.4751927056,9.2692842738],[76.4753135119,9.2753802916],[76.4708928377,9.2806412074],[76.477190238,9.3031944275],[76.4824770714,9.3039833207],[76.4848582178,9.3123582697],[76.4757712475,9.3122123193],[76.4750310501,9.3166681399],[76.4708589631,9.318189514],[76.4675509845,9.2975698134],[76.4504045384,9.2967962796],[76.4496889579,9.3015799965],[76.4495261104,9.3015877623]],[[76.3517368911,9.684881862],[76.3577643818,9.7070355916],[76.3526563204,9.7132315175],[76.3472418894,9.7137674573],[76.3474356785,9.7099842685],[76.3435285065,9.7092312799],[76.3432843533,9.6978760993],[76.3188506879,9.7003665592],[76.3181091124,9.6575316349],[76.337531068,9.6560717086],[76.3391285501,9.6668844261],[76.3534879879,9.6648924003],[76.3549846404,9.6745373098],[76.3506858721,9.6769079558],[76.3518989041,9.6848224955],[76.3517368911,9.684881862]],[[76.4938135938,9.1934642713],[76.4797899086,9.1928376731],[76.4780583008,9.1699592596],[76.4907343029,9.170095896],[76.4968074065,9.1666885207],[76.5048224503,9.1492126396],[76.5123841854,9.1490774062],[76.5175519058,9.1417232499],[76.5154622367,9.1512263843],[76.5243887454,9.1645160459],[76.5299685346,9.1888852818],[76.5220455016,9.1936804371],[76.5061838507,9.1962630104],[76.4938268835,9.1937183964],[76.4938135938,9.1934642713]],[[76.5293395184,9.2328559374],[76.5283525535,9.225398005],[76.5322272568,9.2275786024],[76.5363466524,9.2228845523],[76.5370331888,9.228314333],[76.5407383117,9.2225467477],[76.5451360061,9.2366548751],[76.5532351906,9.2390409895],[76.553812289,9.2498726507],[76.5582490341,9.2555866313],[76.5504679124,9.2627874205],[76.5463265065,9.2600578444],[76.5450819967,9.2667585224],[76.5395257603,9.2561703192],[76.5304865562,9.2614042864],[76.5251937598,9.2577058644],[76.5203068923,9.2666132482],[76.5194551439,9.2422628181],[76.528479622,9.2414056618],[76.5296547522,9.2357284987],[76.5271715339,9.2343311885],[76.5293707587,9.2344532142],[76.5293395184,9.2328559374]]]]}},{"type":"Feature","properties":{"name":"Ernakulam","slug":"ernakulam","leading":"UDF","seats":{"LDF":508,"UDF":1290,"NDA":104,"OTHERS":317},"declared":2219},"geometry":{"type":"MultiPolygon","coordinates":[[[[76.2510349986,9.9187835524],[76.2632715597,9.9220607873],[76.2720606274,9.8967545433],[76.2875050831,9.9018038041],[76.2926755327,9.8907058524],[76.2974264915,9.8528125671],[76.2861927836,9.8492629729],[76.2796015455,9.8270860516],[76.2838362282,9.8179003959],[76.2872280678,9.8193124995],[76.2914255379,9.8065354566],[76.2818139498,9.8042464416],[76.2843289193,9.7911015891],[76.2769891389,9.7899997489],[76.2606629499,9.8823219614],[76.2511130383,9.9186041],[76.2510349986,9.9187835524]]],[[[76.3014876736,9.8905351175],[76.3013461007,9.9222707066],[76.308952501,9.9226360416],[76.313338932,9.9137238317],[76.322345297,9.9192867132],[76.3387086183,9.9114063034],[76.3482188179,9.9160946025],[76.3479985371,9.9195946022],[76.3648282461,9.9232434773],[76.3615379244,9.9374229479],[76.3712190143,9.9387844867],[76.3750153745,9.936056011],[76.3787331601,9.9383802679],[76.376051943,9.9480665932],[76.371046607,9.95083186],[76.3742722725,9.9582583346],[76.3580626346,9.9766640485],[76.3613228494,9.9935261273],[76.3668705319,9.9949319192],[76.3694367461,10.0057452612],[76.374473222,10.0080103301],[76.3729981105,10.0114579984],[76.3791259036,10.0173553763],[76.381142623,10.0290270969],[76.3776452374,10.030737253],[76.3834364536,10.0368822441],[76.3785723104,10.0372119597],[76.3752512311,10.0447946826],[76.3696103675,10.0486112315],[76.3633255852,10.0462957624],[76.3617664368,10.0593701672],[76.354350484,10.0661851879],[76.3544332527,10.0704277393],[76.3472595099,10.0725025542],[76.3468119065,10.0771445725],[76.3415590688,10.0772654166],[76.3330190028,10.068398472],[76.3341988362,10.0663331057],[76.328633064,10.0655207212],[76.3258499066,10.0669753786],[76.3354515245,10.0805030246],[76.3329334192,10.0832316162],[76.3198749433,10.0826573548],[76.312779075,10.0768436726],[76.3044416781,10.0765637617],[76.3004388867,10.0789405196],[76.2947716643,10.0945762859],[76.2841217666,10.095218356],[76.2855097036,10.080688243],[76.2813019601,10.0734003388],[76.2937695736,10.0661222881],[76.2925901762,10.0573665252],[76.2980163218,10.0498380738],[76.2898610562,10.0441241884],[76.2919132324,10.0401215298],[76.286919762,10.0355903964],[76.2893907894,10.0278108346],[76.282313801,10.0207211328],[76.2663506452,10.0313583548],[76.2700584849,10.0112912297],[76.2637301758,10.0090993411],[76.2695810432,9.9839308667],[76.2610462206,9.9791052895],[76.2587323901,9.9843151439],[76.2536889864,9.9824718971],[76.2555460571,9.9786267077],[76.247565836,9.9753885471],[76.2431201459,9.9809361472],[76.2440586092,9.9759360297],[76.239973329,9.9720854386],[76.2298557994,9.9759713954],[76.2242807208,9.9737156514],[76.180092402,10.1357879386],[76.1637106887,10.177458205],[76.1690280438,10.1849121645],[76.1847799447,10.1912863705],[76.2124663386,10.1941807045],[76.2116968984,10.2008932007],[76.2220743983,10.2055333905],[76.2344582149,10.2022176635],[76.2434923637,10.2054148008],[76.2498284135,10.2005583977],[76.2637732411,10.2012445684],[76.2610255771,10.1898191637],[76.2671154068,10.1851218953],[76.2743775382,10.1847422619],[76.2737798285,10.1752285268],[76.2806862414,10.1741358285],[76.2869329211,10.1783554696],[76.2969876077,10.1764603786],[76.301460462,10.1851696702],[76.3116369252,10.1822257076],[76.3104908271,10.2057368826],[76.3313243135,10.2092901808],[76.3368772357,10.215753743],[76.3406688523,10.2316628524],[76.3796848933,10.2449018767],[76.3777471366,10.2546537337],[76.3908736988,10.2556570179],[76.3901081016,10.2638951804],[76.3969357901,10.2674998821],[76.4016229397,10.2765052945],[76.4133417489,10.2809786801],[76.4118214729,10.2872108051],[76.417349776,10.288324474],[76.4158180526,10.2941154553],[76.4295221111,10.2893078888],[76.4479113721,10.2970624438],[76.4590674787,10.2966056056],[76.4735982961,10.2913310426],[76.4899294345,10.2937760302],[76.4975885805,10.2877649106],[76.5161887497,10.2879318223],[76.5240467371,10.2844410823],[76.5462495282,10.2900781638],[76.5547773642,10.283586038],[76.57399006,10.2856114098],[76.5665888078,10.2934054762],[76.5771837639,10.3034298807],[76.5900067047,10.2994817917],[76.5902373988,10.2933705645],[76.6034442469,10.2810520744],[76.6189644794,10.2811505001],[76.6215320871,10.2743109865],[76.6367137733,10.2739889212],[76.6461983499,10.2808944666],[76.6621124313,10.2806617489],[76.6696471238,10.2722837956],[76.6957188099,10.2637224709],[76.6966418235,10.2556537848],[76.7035772504,10.2518486216],[76.711405065,10.252105794],[76.7064671057,10.252398534],[76.7065833277,10.2553807062],[76.7296094424,10.256698612],[76.7398480224,10.2531424867],[76.7562312655,10.2532719757],[76.7540429716,10.2509517823],[76.7658411097,10.2544599151],[76.7786703132,10.2504700554],[76.7851118591,10.2543936317],[76.8001052424,10.2515555363],[76.8037349505,10.2550163494],[76.8039694936,10.2504211968],[76.7989122305,10.2475991567],[76.8175901883,10.2463034032],[76.8162046672,10.2498055189],[76.8189147833,10.2507345686],[76.8137892889,10.25217518],[76.8160261884,10.2557814653],[76.821705683,10.2541530005],[76.8230986069,10.2571529868],[76.8290724562,10.257276646],[76.8289850207,10.2541079944],[76.8332159099,10.2535736212],[76.8371442113,10.2594615229],[76.8457503007,10.261003934],[76.8981697312,10.2412884604],[76.9024393184,10.2446192906],[76.9034269695,10.251523859],[76.9054751026,10.2477558951],[76.9023782947,10.2403847649],[76.9089290038,10.2403084173],[76.912513238,10.2334224386],[76.883270149,10.2345154911],[76.8777138048,10.232049252],[76.8787064803,10.224997763],[76.8670056025,10.2201106226],[76.8651394689,10.2117103445],[76.875831118,10.1861386164],[76.9016347838,10.1707745831],[76.9190621082,10.1718110973],[76.9192071647,10.1682272284],[76.912927265,10.1654395167],[76.906384229,10.1510424883],[76.8940297834,10.1362756267],[76.8718809176,10.1332150979],[76.8686695259,10.1358117786],[76.861672717,10.1283283677],[76.8468439268,10.1261743873],[76.8514517358,10.1141807818],[76.8628750069,10.1006411091],[76.86454719,10.07328936],[76.8254615164,10.0891854113],[76.8141820128,10.0806738163],[76.8166691837,10.0691870135],[76.8253088788,10.0622329715],[76.8102514705,10.0627600504],[76.8117538281,10.0583418594],[76.8032685216,10.0571198694],[76.800596962,10.0606091344],[76.8065718349,10.0657159699],[76.7999007417,10.0630620455],[76.7818675928,10.0670130757],[76.7699159404,10.066119963],[76.7975024567,10.042443534],[76.8481727408,10.0214407508],[76.8364033579,10.0154757321],[76.8231509888,10.0237146778],[76.8270410851,10.0146296837],[76.8238222112,10.0144135038],[76.7856690227,10.0362124702],[76.7809724029,10.0339816432],[76.7790223936,10.0230346467],[76.7667437195,10.0194649358],[76.7652335731,10.0162871884],[76.7688850575,10.001184744],[76.7665114378,9.9971700187],[76.7704600447,9.9943338638],[76.7606627243,9.9889050496],[76.7661024963,9.9811431488],[76.7442812476,9.9905117395],[76.7366448939,9.9845010704],[76.71884616,9.9802910667],[76.7157319385,9.9762987553],[76.7090257867,9.9788358644],[76.7166308598,9.9528401073],[76.7072758397,9.9517653056],[76.7079105663,9.9454481244],[76.7051012969,9.9459498058],[76.6999317242,9.9356940908],[76.6933931422,9.9319500957],[76.6916402899,9.9240105999],[76.6948795379,9.9190036819],[76.6973795837,9.9205929547],[76.701054609,9.9168020921],[76.6970510135,9.9165266031],[76.696208012,9.9088017706],[76.6838164492,9.9108358326],[76.6819969683,9.9178963319],[76.6732845951,9.9195283844],[76.6616613096,9.9168837245],[76.6575438627,9.9210925766],[76.6548714811,9.9183520286],[76.6487177689,9.9219699592],[76.6316166683,9.9161607771],[76.6285658133,9.9118893794],[76.6316402082,9.9052130018],[76.6279382383,9.9013987547],[76.6369388369,9.8752995885],[76.6319429091,9.8727347419],[76.6349417363,9.8650794437],[76.6328573854,9.8586821169],[76.60995455,9.8529506056],[76.6096148578,9.8594836962],[76.599103267,9.8688007203],[76.5970521084,9.8776401512],[76.5907927364,9.8853243422],[76.5752968007,9.8830845847],[76.5691579415,9.8754814438],[76.5432222442,9.875038507],[76.5398788958,9.8669398657],[76.5467564188,9.8605173133],[76.5455388073,9.8577666596],[76.5737901647,9.8505128795],[76.5803652938,9.843670731],[76.5814392424,9.8237719581],[76.576008973,9.8191604395],[76.5677681757,9.8243020438],[76.5606949567,9.8206735152],[76.5554854943,9.8020975879],[76.5446921171,9.8004985013],[76.545494444,9.804157631],[76.5414552098,9.8075778543],[76.543630554,9.8128503409],[76.5387989617,9.813437455],[76.5390302411,9.8225085516],[76.5234435216,9.8261616043],[76.5203194347,9.8231849645],[76.5177611811,9.8323538176],[76.5199248979,9.835353646],[76.5145450967,9.8474499633],[76.519998645,9.851598209],[76.5276402709,9.8501495583],[76.5284132537,9.8630009924],[76.5141182906,9.871376143],[76.5108547993,9.878429824],[76.4982570007,9.8842108299],[76.4939385838,9.9035780159],[76.4895204778,9.9049817634],[76.476820612,9.9004276727],[76.4692570576,9.8889917525],[76.4603037844,9.8825454567],[76.4681121364,9.8748185501],[76.4694607121,9.8582486354],[76.4548323982,9.8418744602],[76.4291652646,9.8244828734],[76.4145072931,9.8220754971],[76.4113791665,9.8279436128],[76.3942135765,9.8307860947],[76.3884192852,9.8441971369],[76.3797923412,9.8426269878],[76.3733912661,9.8359834138],[76.3702606311,9.8454990625],[76.3711274654,9.8570777788],[76.3590540248,9.8762256387],[76.3520329479,9.8783451861],[76.3316601195,9.8763193493],[76.3130928875,9.8818230008],[76.3017877318,9.8905913125],[76.3014876736,9.8905351175]],[[76.3927921066,10.1744032304],[76.3944961521,10.1669669442],[76.3887622091,10.16366442],[76.3883870958,10.158973514],[76.3934126107,10.1565225497],[76.3941592477,10.1524375551],[76.4040198675,10.1536000329],[76.4043987689,10.157053153],[76.4066683677,10.1553095969],[76.41050548,10.1603013281],[76.4051965291,10.1795102926],[76.4159693047,10.1805853203],[76.4168814565,10.18865563],[76.4090180713,10.1876897563],[76.4053819013,10.1911232531],[76.4020681002,10.1883467067],[76.3956910186,10.1921388216],[76.3920227251,10.2036156353],[76.3813971098,10.2082944199],[76.3784498975,10.2058917254],[76.3728735517,10.2101444395],[76.374520267,10.2160175376],[76.3631348641,10.2158568758],[76.3628423772,10.1971608092],[76.357604194,10.1957017917],[76.3531781868,10.1849894916],[76.3594590342,10.1798378634],[76.3700627459,10.1799908226],[76.3745735103,10.1751481524],[76.3889081624,10.1778302909],[76.3925786337,10.1742773723],[76.3927921066,10.1744032304]],[[76.4526029355,10.1208490137],[76.460371613,10.1209363718],[76.4676502163,10.1124168715],[76.4803202067,10.1052193148],[76.4893661484,10.1075455782],[76.5021194556,10.1045888206],[76.5040067452,10.1187977917],[76.4892480285,10.1277090802],[76.4806063788,10.1279756695],[76.4749760653,10.13459662],[76.4678140408,10.1355937514],[76.457300808,10.1322450486],[76.4524160962,10.1211752744],[76.4526029355,10.1208490137]],[[76.239196073,10.1569393739],[76.2194501694,10.1546499136],[76.2094770814,10.1463421132],[76.2163144768,10.1426824881],[76.2210303456,10.1296075129],[76.2294259795,10.1354058298],[76.2358705059,10.1297229432],[76.2490846191,10.135554038],[76.2451857294,10.1516907807],[76.2393433032,10.1562293808],[76.239196073,10.1569393739]],[[76.3605790449,10.097722245],[76.3636872865,10.0985366593],[76.3643135767,10.1023407452],[76.3614690695,10.1015893591],[76.3663811217,10.1045340732],[76.3682370937,10.1121905186],[76.3570193199,10.1161098052],[76.349211619,10.1249957166],[76.3394852072,10.1276477191],[76.3334123513,10.1253595874],[76.3380900269,10.1207393877],[76.3384906753,10.1126792211],[76.3462986974,10.1110575754],[76.3451108405,10.0989560443],[76.357800903,10.0976448404],[76.3596666764,10.0942637099],[76.3605918184,10.0976614628],[76.3605790449,10.097722245]],[[76.593790263,10.0042330811],[76.5990002451,9.9985871571],[76.6119076532,10.0027348159],[76.6077319919,10.0104260332],[76.6140998582,10.0163937226],[76.6104238291,10.0221222111],[76.6148447255,10.0382661342],[76.6204659672,10.0410680208],[76.625174059,10.0528264465],[76.6338830433,10.0596383896],[76.6380797363,10.0550711793],[76.6437241429,10.0550100206],[76.6428448057,10.0504423521],[76.650485477,10.0457378728],[76.6584496355,10.0527602427],[76.6642041798,10.052230327],[76.6614699902,10.0605516949],[76.668746364,10.0609854984],[76.6771535539,10.0677642309],[76.678587435,10.0765523389],[76.6702899063,10.074197692],[76.6682428534,10.0811411632],[76.6529192405,10.0860200713],[76.6620473514,10.089774606],[76.6618592837,10.0936873661],[76.6523897292,10.098135536],[76.6459123773,10.0963483597],[76.6449796715,10.1000492162],[76.6212452944,10.0879081667],[76.6216747105,10.0806003491],[76.6176781226,10.0790882901],[76.6174845557,10.0756961971],[76.6159318854,10.0784935972],[76.6085686221,10.0770304633],[76.6076702647,10.0741855333],[76.6138237296,10.0666514396],[76.6127748147,10.0584399208],[76.6079936514,10.0558861414],[76.6039511185,10.060753766],[76.5981768699,10.0616490006],[76.5953692063,10.0585626058],[76.5889638204,10.058545847],[76.5935813273,10.0451371376],[76.6006104608,10.0386288985],[76.6009251167,10.0268178102],[76.5984033838,10.0242699847],[76.6020769652,10.0090484532],[76.5938377096,10.0041410545],[76.593790263,10.0042330811]],[[76.6050753556,9.9831916347],[76.6033799704,9.9883510676],[76.5930877951,9.9926609403],[76.586919186,10.0012342164],[76.5775555081,10.0074256366],[76.5681232953,10.008573777],[76.5675885312,9.9987294644],[76.5646397938,9.9933815339],[76.5604383034,9.9938778406],[76.561865687,9.9863861518],[76.567289266,9.9823846342],[76.5626810381,9.9707842385],[76.5814410898,9.9709265745],[76.5877775764,9.9634268422],[76.5915241983,9.9636694493],[76.5963116736,9.9716769691],[76.5891559479,9.9727952741],[76.5931153626,9.9751743669],[76.5911265835,9.986614803],[76.6031434003,9.9841598975],[76.6050753556,9.9831916347]]]]}},{"type":"Feature","properties":{"name":"Idukki","slug":"idukki","leading":"UDF","seats":{"LDF":309,"UDF":617,"NDA":36,"OTHERS":74},"declared":1036},"geometry":{"type":"MultiPolygon","coordinates":[[[[76.8942389764,9.5378281736],[76.8883331626,9.5379239548],[76.8913022581,9.5461302717],[76.8854529835,9.5615607457],[76.8878533403,9.5656527632],[76.8867385725,9.5776978808],[76.8832740278,9.5816279661],[76.8958625729,9.587172446],[76.8927218157,9.6050105419],[76.8897418835,9.6066727056],[76.8921165659,9.6102443563],[76.8882048503,9.6102793805],[76.8916724287,9.6158196465],[76.8874641297,9.6203160457],[76.8933609638,9.6219157918],[76.8914796608,9.629263284],[76.8955910941,9.6335469108],[76.9026775897,9.6338431266],[76.928740093,9.6149458304],[76.9301638736,9.6210472901],[76.9334711826,9.6225781494],[76.9192990103,9.6423090978],[76.9280842056,9.6531654652],[76.9021605668,9.6773200832],[76.9015966721,9.6893663314],[76.889293783,9.7164856711],[76.8688066725,9.7283474631],[76.86765639,9.7351833324],[76.8613738067,9.7299432925],[76.8485785769,9.7418964762],[76.8403430934,9.7551613024],[76.8278866849,9.7634058628],[76.8281464788,9.7697146207],[76.8054885094,9.7915015302],[76.7800609586,9.808945959],[76.7682876686,9.8104337414],[76.7538093537,9.817305139],[76.748756897,9.8141172077],[76.7519586474,9.8071647401],[76.7422803084,9.8048491422],[76.7011601067,9.8238467227],[76.6967709348,9.830896354],[76.6848860955,9.832988817],[76.6820621025,9.8395315174],[76.6696830124,9.8437277748],[76.6646900342,9.8381933172],[76.6559937037,9.8407835558],[76.6465687834,9.8387427965],[76.6278937091,9.8488501976],[76.6269265246,9.8557826094],[76.634584528,9.8622516346],[76.6324453768,9.8742903475],[76.637001608,9.8743081865],[76.6356627591,9.8849415045],[76.6303809646,9.8886852841],[76.6278772943,9.9012750053],[76.6316235422,9.9054974005],[76.6287531779,9.9120471613],[76.6340060941,9.9174913274],[76.6488696887,9.9219745076],[76.6546502409,9.9184836861],[76.6576249202,9.9209832511],[76.6614851738,9.9168750878],[76.673062444,9.9195290692],[76.6818631107,9.9179967973],[76.6831551011,9.9112922013],[76.6912278924,9.907871688],[76.6908514078,9.8938493241],[76.6808211021,9.8909603468],[76.6812634525,9.878833893],[76.6873505755,9.8718078202],[76.6937682507,9.870954744],[76.6976369531,9.8638946832],[76.7027984835,9.864198096],[76.704196359,9.8672112971],[76.7000906799,9.87324828],[76.7067610511,9.8784803361],[76.702927806,9.8825827734],[76.7050420185,9.8845799965],[76.7213544204,9.8727439248],[76.7233481292,9.8682469566],[76.7260415245,9.8688596656],[76.7221436449,9.8779200054],[76.7289305562,9.8773042255],[76.7310612108,9.8906315176],[76.7367250283,9.8902420861],[76.7426159959,9.8951786701],[76.7371151451,9.9076736019],[76.7408005168,9.9126728819],[76.7425604421,9.91022863],[76.753525046,9.9147227106],[76.7504952282,9.9260430641],[76.7436197797,9.9302783679],[76.7458104221,9.9396715032],[76.7396314484,9.9432171205],[76.7384634858,9.9367305399],[76.7304380853,9.9358084831],[76.7306628709,9.9293239654],[76.719774682,9.9166233583],[76.7137173751,9.9171208707],[76.7084312155,9.9217732318],[76.7055324804,9.9166783241],[76.6998832669,9.9171692095],[76.6973759618,9.9206061301],[76.6946906674,9.9190506015],[76.6917596478,9.9239657861],[76.6934373163,9.9319827442],[76.6999450512,9.9356947082],[76.705264225,9.9459431583],[76.7078845895,9.9454090484],[76.7072827591,9.951808397],[76.7166262814,9.9527700427],[76.7090295763,9.9788621848],[76.715614091,9.9763033419],[76.7187317408,9.9802425292],[76.736908108,9.984588114],[76.7443720387,9.990564129],[76.7661243903,9.980943775],[76.7605720749,9.9889541016],[76.7704538576,9.9943018005],[76.7664376835,9.9971815065],[76.768936389,10.0008809998],[76.7652923141,10.016485815],[76.7667701571,10.0195039486],[76.7790021931,10.0231496993],[76.7796901815,10.0320441457],[76.7851275306,10.0365301866],[76.7952363913,10.0283329504],[76.8074919671,10.0257988804],[76.8237816534,10.0144645155],[76.8270471818,10.0146339732],[76.8230609809,10.0237125587],[76.8361575149,10.0154727534],[76.8435489291,10.016927352],[76.8466033109,10.0223619973],[76.7973962214,10.0425115403],[76.7698575059,10.0660852939],[76.781835671,10.067020446],[76.8002100695,10.0631284415],[76.8067404479,10.0656263302],[76.8006261095,10.0605855568],[76.8034413378,10.0570970774],[76.8117480582,10.058368508],[76.8104832129,10.0626592236],[76.825175749,10.0621945493],[76.8166619203,10.0691523396],[76.8141295237,10.0804895235],[76.8247773221,10.0891354174],[76.8466079731,10.0784663517],[76.8650762038,10.0735720484],[76.8629750117,10.1004108842],[76.8571964064,10.1105199296],[76.8514225254,10.1142628372],[76.8468297965,10.1260535049],[76.8615598547,10.1282579534],[76.8687311974,10.1358231257],[76.8718946636,10.1331889648],[76.8971029904,10.1380595983],[76.9128729396,10.1654621182],[76.9192972581,10.1683316671],[76.9190036782,10.1716777132],[76.9016826772,10.1706855686],[76.8960018611,10.1731567827],[76.8745510253,10.1879383312],[76.8732260966,10.1974471318],[76.8651183966,10.2116813971],[76.8670007577,10.2201489615],[76.8786270257,10.2249077775],[76.8775910252,10.231951924],[76.8829239258,10.2344469009],[76.9214190278,10.2324161722],[76.9391007485,10.2393323865],[76.9509207518,10.2324949961],[76.958756307,10.2342846714],[76.9710047581,10.2299910701],[76.9731226394,10.2257660607],[76.9840631325,10.2204337379],[76.9932127578,10.2304756278],[76.9990727232,10.2305147894],[77.0010730716,10.2352047603],[77.0111378666,10.2400071937],[77.0143435347,10.2458691292],[77.0398345344,10.2520733564],[77.049710744,10.2607506723],[77.052441653,10.2733753215],[77.0431423684,10.2833321329],[77.0571742874,10.2870901621],[77.0654225039,10.2967190505],[77.0761023641,10.3004845913],[77.091665829,10.3125844681],[77.0957445583,10.3088273344],[77.1014297147,10.3152099531],[77.1104145051,10.3147797684],[77.1218225405,10.3195784292],[77.1337703175,10.3289100316],[77.1505826948,10.3361101237],[77.161432569,10.3483148957],[77.1764203433,10.3581401997],[77.1948622838,10.3548148012],[77.202664867,10.3579149616],[77.2048074856,10.3536652546],[77.2367491976,10.3522196893],[77.236750426,10.3383490515],[77.2299190247,10.3300474714],[77.2283511275,10.3169393029],[77.2319899407,10.3087568134],[77.2356950834,10.3081209944],[77.2399779478,10.2947662412],[77.262729171,10.2632401176],[77.2570135727,10.2587421083],[77.2594509081,10.2297260803],[77.2694007738,10.2364983991],[77.2826399604,10.2351694231],[77.2884652578,10.2312849111],[77.2953359199,10.217221582],[77.283277776,10.207266231],[77.286076568,10.2036369126],[77.2837591163,10.1968445113],[77.2794252028,10.1945615989],[77.2753406222,10.1842231375],[77.2714632359,10.1412553084],[77.2744882154,10.1395793156],[77.2749544976,10.1305817461],[77.2680694199,10.1265595511],[77.2677429018,10.121123109],[77.2518846624,10.1245853555],[77.2472361811,10.1297410987],[77.2394900054,10.1296058674],[77.23055621,10.12038429],[77.22342216,10.1175367],[77.2074702669,10.1174398309],[77.2019523846,10.1069181459],[77.2040945741,10.0879869767],[77.2198304535,10.0771682911],[77.2234946184,10.0691820493],[77.2314391824,10.0662757912],[77.2619194153,10.0296975571],[77.2615423672,10.0203414077],[77.253511219,10.0115063358],[77.2654536597,10.0023078859],[77.2606878684,9.9924343403],[77.2667297979,9.9895273359],[77.2643319336,9.9863924479],[77.272656721,9.9756103036],[77.2727624421,9.9633426739],[77.2609141707,9.9516850045],[77.2468506572,9.9515411558],[77.2484609591,9.9472709691],[77.236632669,9.9354284349],[77.2357718785,9.9264400646],[77.2308273621,9.9211158692],[77.2307307651,9.9126774853],[77.2187011564,9.9041309377],[77.2212435614,9.8843165674],[77.2178706294,9.8842708844],[77.2156414691,9.8773296798],[77.2125553325,9.8775687406],[77.2208283479,9.86374955],[77.2365629977,9.8596453288],[77.2375595775,9.8513087709],[77.2232276457,9.8448320995],[77.2277038601,9.8381035291],[77.2220356254,9.822309907],[77.2333286201,9.8213373037],[77.2328894315,9.8174415302],[77.2409914486,9.8162887871],[77.24668745,9.8087840462],[77.2468326822,9.7983523528],[77.2383113346,9.7972003934],[77.2383720978,9.7922375998],[77.2351410208,9.7898376558],[77.2228017636,9.7877313291],[77.2252828779,9.776448779],[77.2328390698,9.7693879272],[77.2288597505,9.766302329],[77.2258853732,9.7531341538],[77.2205027304,9.745667198],[77.2238667172,9.73009401],[77.2192158958,9.7257255043],[77.2042655831,9.7219051722],[77.2062841455,9.7176176395],[77.2024161477,9.704060698],[77.2070699802,9.6945480005],[77.1929744222,9.6694647257],[77.1875987184,9.6668309237],[77.1879872373,9.6615961051],[77.1808023561,9.6583123531],[77.1804129494,9.6455347666],[77.1742562258,9.6367318851],[77.176143406,9.6289564524],[77.1691753015,9.6239847851],[77.1658694597,9.6128727251],[77.1888281452,9.6058742932],[77.1973535606,9.6109801121],[77.1981759374,9.6144782587],[77.2090942934,9.6134279538],[77.2098874836,9.6048548433],[77.220476636,9.599391537],[77.2226730312,9.5925700817],[77.2341230257,9.5815844346],[77.2437906119,9.5852322146],[77.269732227,9.5727777577],[77.2903594358,9.5847773137],[77.2900977903,9.5887445778],[77.2948890415,9.5892438982],[77.3033640271,9.598582294],[77.3175256117,9.6026135567],[77.3240968464,9.5977567097],[77.3300531768,9.5992144134],[77.3245623447,9.5930463006],[77.3252512027,9.5801082849],[77.3396672781,9.5732530356],[77.3544248244,9.6036357519],[77.3662674658,9.5989834756],[77.3662027858,9.5953901617],[77.3596745015,9.5969948569],[77.3574816436,9.5941260135],[77.3547348087,9.5861496583],[77.3603078015,9.5776348323],[77.3498853115,9.5667119438],[77.3537764097,9.5582932956],[77.3610211526,9.5576682129],[77.3641006277,9.5541825121],[77.3650506227,9.5358640167],[77.3691715302,9.5345717986],[77.3732560527,9.5268338599],[77.3802340062,9.524933127],[77.385398148,9.5190082421],[77.400634701,9.5276859604],[77.4034470262,9.5217318426],[77.4005029082,9.5176693375],[77.4083346217,9.5150418298],[77.41250458,9.5098751623],[77.3995030327,9.4968833893],[77.3986032762,9.4818981411],[77.4015487256,9.4760128005],[77.391303581,9.4679727855],[77.3922757179,9.4590581907],[77.3769558728,9.4526498875],[77.3657717128,9.4600528297],[77.3486278112,9.439920146],[77.3450225506,9.4254522098],[77.3364654331,9.4133240888],[77.3437426545,9.4003090324],[77.3409747583,9.3893298102],[77.3366382365,9.3872346988],[77.3344386344,9.3808865935],[77.3378014057,9.3677812292],[77.3360744435,9.3614991397],[77.3262878346,9.3468971795],[77.3252640149,9.3371806215],[77.3147252531,9.3346870696],[77.2999606022,9.3365869595],[77.3008004093,9.3293478242],[77.2970458983,9.3291374984],[77.3024565737,9.3187960886],[77.2994569857,9.3104894352],[77.2873855835,9.3008217991],[77.28224609,9.3007298827],[77.2885407993,9.2741343729],[77.2817878649,9.2724452499],[77.2484979521,9.2889862769],[77.2450490375,9.2896308298],[77.2435578902,9.2836426147],[77.236759173,9.2823117145],[77.2360032119,9.2921489054],[77.2302422661,9.2962996441],[77.2241979626,9.2951822776],[77.2241131143,9.3104515341],[77.2350946895,9.3231801724],[77.2303624048,9.3296218477],[77.2374468224,9.3381123047],[77.2348958389,9.3504133521],[77.2470478988,9.3769245702],[77.2456070003,9.3882573519],[77.2311707323,9.403361191],[77.2280045045,9.4191610167],[77.2198968891,9.4208204129],[77.2246296764,9.4341194967],[77.2153788061,9.4368968297],[77.2121977877,9.4426265959],[77.2082376654,9.440282919],[77.2093987878,9.4471935911],[77.2062393708,9.4496626226],[77.1982425799,9.4514114944],[77.1909259521,9.4485354439],[77.1881128608,9.4557061743],[77.1832947288,9.45388572],[77.1817139076,9.4714448281],[77.1687456421,9.4607940537],[77.1665417875,9.4685671433],[77.1547256902,9.4699080692],[77.1445549537,9.4619786726],[77.134583105,9.4588263313],[77.1164854718,9.4630004494],[77.1115708424,9.4678757148],[77.0967301571,9.4630430833],[77.0929393897,9.4643774078],[77.084360916,9.4579111542],[77.0673123543,9.4533772086],[77.0576189493,9.443302163],[77.0601221596,9.438890366],[77.0590671576,9.4262057229],[77.0623963404,9.4259783679],[77.0670225104,9.4167495019],[77.0555229425,9.4179570273],[77.0469507873,9.4132590201],[77.0375616887,9.412672455],[77.0350938946,9.4090390917],[77.019982183,9.4066285695],[77.0099862576,9.409301928],[77.0117922107,9.4195985632],[77.0008426932,9.4204250425],[77.0034295026,9.425951842],[76.9957178804,9.4322238144],[76.9616873545,9.4396077564],[76.9528370699,9.4394442108],[76.9453230125,9.435183516],[76.9407775414,9.445163751],[76.9519096947,9.4497961424],[76.9589417655,9.4614566138],[76.9720753117,9.4670395367],[76.9831682921,9.4671080685],[76.9854158341,9.4727229144],[76.9822107884,9.4829930471],[76.9835655262,9.4898396294],[76.9767847038,9.5003227414],[76.970132072,9.500720929],[76.9635540935,9.5088880524],[76.9574099559,9.5032491219],[76.9591178558,9.4999092358],[76.9545951003,9.4919379971],[76.9350367812,9.5048437773],[76.9296697204,9.501845036],[76.924689122,9.5044688311],[76.9037313009,9.5212223785],[76.9058307387,9.5236759438],[76.9021311414,9.5272073104],[76.9027014889,9.5370022828],[76.8952328302,9.5378336788],[76.8942389764,9.5378281736]],[[77.0527007339,9.8080911333],[77.0438804656,9.803164835],[77.0555611181,9.7976405864],[77.0779129427,9.7763451397],[77.0933264615,9.7566474273],[77.0942441642,9.7522881501],[77.0856126651,9.7289359239],[77.090047179,9.7254688879],[77.0903381028,9.7053847699],[77.0954557716,9.6991033161],[77.1069191622,9.6994686027],[77.1063667576,9.6923271859],[77.1108377333,9.6912103779],[77.1160375356,9.6980307148],[77.1107986691,9.7060590931],[77.1207963277,9.7202606921],[77.1307374966,9.7290551132],[77.1378267926,9.7290464314],[77.1395837184,9.7354473048],[77.1466748737,9.7370005038],[77.1524973384,9.7450548159],[77.1514269585,9.7528694653],[77.1551567861,9.7571855536],[77.1565915155,9.7719483896],[77.1515454147,9.7721834437],[77.1492821566,9.7744501622],[77.1526649374,9.7750923402],[77.1470906126,9.7773712507],[77.1399453047,9.7730499879],[77.1414723942,9.7769126975],[77.1386636564,9.7816685128],[77.1236253252,9.786319466],[77.1139826436,9.7800416794],[77.1079970961,9.7860726977],[77.1020109509,9.7834234978],[77.0951110128,9.7887840613],[77.0913488846,9.7877836255],[77.0709553213,9.7961852577],[77.052858615,9.8080771237],[77.0527007339,9.8080911333]]]]}},{"type":"Feature","properties":{"name":"Kannur","slug":"kannur","leading":"LDF","seats":{"LDF":1080,"UDF":641,"NDA":48,"OTHERS":43},"declared":1812},"geometry":{"type":"MultiPolygon","coordinates":[[[[75.4709034817,11.7647105728],[75.4605438451,11.7657873143],[75.4531049976,11.7712132735],[75.4499331852,11.7684240565],[75.4553314388,11.7773310239],[75.4461561304,11.7821403386],[75.4448962841,11.7900890332],[75.4317878123,11.8070672209],[75.4323230261,11.8105073324],[75.4346258152,11.8097197464],[75.4340032015,11.8153537701],[75.4433005566,11.8165964569],[75.4434658248,11.8253917052],[75.4481519962,11.8319375119],[75.4382688764,11.8335724878],[75.4317992434,11.8276214559],[75.4285170194,11.831811912],[75.4307563024,11.8349547314],[75.4281081915,11.8441115897],[75.4367346795,11.8743611385],[75.4462641138,11.8849348659],[75.4573434351,11.8892342907],[75.454210194,11.8953663083],[75.4562360818,11.8989381741],[75.4444080979,11.899182634],[75.4450341781,11.9039745679],[75.4384139729,11.9043800716],[75.4357647589,11.9131376565],[75.4254362423,11.9141171128],[75.4258068051,11.9239962037],[75.4189607541,11.9258990874],[75.4068161504,11.9155950233],[75.3881059117,11.9175405009],[75.38605601,11.9124484455],[75.3779198928,11.909232947],[75.3733378386,11.9117608248],[75.3674846134,11.9099926122],[75.3661414415,11.9056405985],[75.3571941816,11.9012423673],[75.3530630046,11.8926402819],[75.3415109841,11.8899602464],[75.3340672473,11.893560418],[75.3187730697,11.9050561074],[75.3157395824,11.9174265159],[75.2646085547,11.9887792948],[75.2435584596,12.0131914872],[75.2319028486,12.0208534696],[75.2257194833,12.0214434605],[75.2152912937,12.0097675845],[75.2015310388,12.0099246365],[75.2010536742,12.0185705376],[75.2095360018,12.0188586379],[75.2122608771,12.0287012046],[75.2039547103,12.0556902692],[75.2014245557,12.0605647683],[75.194589743,12.057568829],[75.1910172149,12.0480332629],[75.1861255568,12.0591226745],[75.1814801814,12.0591902321],[75.1756738479,12.0730928141],[75.174993104,12.0806025148],[75.1892570431,12.0904040978],[75.1950212279,12.0714955953],[75.2057925688,12.0741214419],[75.2194957769,12.0684810745],[75.2243147995,12.0777966742],[75.2196688924,12.0820478667],[75.219213849,12.0959170798],[75.2218600665,12.0980805901],[75.2187717396,12.1047922643],[75.2256263915,12.113621682],[75.2309374901,12.1101442695],[75.2348133457,12.1146497691],[75.2398183311,12.1140537137],[75.2450633369,12.1075898668],[75.2529082146,12.1130973422],[75.2611436601,12.1127815954],[75.2644629963,12.1072622684],[75.2736603384,12.1040539183],[75.2815068154,12.1110322793],[75.2826142024,12.1202950362],[75.2874570919,12.1249935061],[75.27392154,12.1294185975],[75.2757667929,12.1339275399],[75.2690299536,12.1372991028],[75.2632684982,12.1464137356],[75.2560369823,12.1452803162],[75.2554247843,12.1339053988],[75.2480479862,12.1320886792],[75.241381182,12.1415638175],[75.2193933634,12.1502861126],[75.21873092,12.1554803731],[75.2055598743,12.1691709108],[75.1992856435,12.1572888133],[75.2015133841,12.1535433142],[75.1979465259,12.1471453613],[75.191785897,12.146763125],[75.1876855692,12.1667932857],[75.1725719635,12.1904547342],[75.1928237726,12.1939511524],[75.204489858,12.1916547915],[75.2322534305,12.2237596381],[75.2372494597,12.2193625359],[75.2454633357,12.219971087],[75.2701997337,12.227517745],[75.2761223615,12.232017029],[75.2877945388,12.2333830583],[75.291331216,12.2433225162],[75.2860955289,12.2581941075],[75.2976973848,12.2686818546],[75.3190830468,12.2733752804],[75.3265836612,12.2702314018],[75.3280102959,12.2654703237],[75.3394543999,12.2690158131],[75.3458759357,12.2662327526],[75.3639788893,12.2755841059],[75.3689236448,12.284570677],[75.3744450262,12.2825647717],[75.3868163996,12.2869271334],[75.385763197,12.2924535496],[75.3900536489,12.2973817906],[75.3922774004,12.2898718184],[75.3965600585,12.2947346244],[75.4090387215,12.2946569641],[75.4146105212,12.2896197301],[75.421911256,12.2912147276],[75.4301859894,12.2989764193],[75.4598530995,12.2940475747],[75.4697391996,12.3008180718],[75.4784572414,12.2964937633],[75.4865960958,12.2885871465],[75.4941343882,12.2730759635],[75.5053790722,12.2716903912],[75.506828464,12.2643938435],[75.511952525,12.2604140157],[75.5117163526,12.2538669318],[75.5205086057,12.2457618827],[75.5213514758,12.2360852702],[75.5284721097,12.2319302806],[75.5272238827,12.2256603009],[75.5400562408,12.2170750714],[75.5368768372,12.2076431537],[75.5316344039,12.2065129377],[75.532156824,12.2017975759],[75.5395813106,12.2031884492],[75.541331936,12.197350876],[75.5448791105,12.1985650909],[75.5479860559,12.193281654],[75.5529951341,12.1936927809],[75.5552996428,12.1832818262],[75.5589252811,12.1821074281],[75.5607773453,12.1760718142],[75.5702456652,12.1729493539],[75.5785187915,12.1582956058],[75.5831207099,12.1592512779],[75.5922283906,12.1480314322],[75.5974300371,12.1537530508],[75.6067198193,12.1559612832],[75.6113007464,12.1530468093],[75.6190797366,12.1565414686],[75.6308494727,12.1487937764],[75.6361136502,12.1486489437],[75.6377115908,12.1400055682],[75.6423355371,12.1395013586],[75.6441510523,12.1351911198],[75.642899468,12.1269378607],[75.6460624069,12.1268149194],[75.6482368516,12.1219270685],[75.6483458887,12.1096845611],[75.6530491398,12.1099190544],[75.6605559143,12.1001869806],[75.6749604989,12.0983258453],[75.6884305268,12.1112136085],[75.7042507742,12.107569564],[75.7020912896,12.0925460206],[75.7130743035,12.0904649552],[75.7179717879,12.0854497456],[75.715112301,12.0710687744],[75.7266379954,12.0727310086],[75.7365499601,12.0794182579],[75.7469786968,12.0781449952],[75.7544858158,12.0848533928],[75.7854346531,12.0842803691],[75.8028269189,12.0785045289],[75.7983514211,12.0563368886],[75.7939900662,12.0547616663],[75.7999425565,12.0467547766],[75.8012745651,12.0370891054],[75.8110248255,12.0285397282],[75.8099441084,12.0226895029],[75.8228390731,12.0133555837],[75.8203793135,12.0025360961],[75.8252782825,12.0027024422],[75.8255750835,11.9921774421],[75.8294963801,11.9844561182],[75.8370558258,11.9808936932],[75.8469750252,11.9820206741],[75.8545848107,11.964103763],[75.8704075162,11.9525813422],[75.8805052794,11.9496900939],[75.8857669179,11.9523705073],[75.8970467346,11.9457108793],[75.9134461153,11.9468160679],[75.9304842103,11.9395581277],[75.9389112778,11.9409603139],[75.9364972075,11.9339307002],[75.9278897063,11.9346093244],[75.9247457814,11.9287447248],[75.9245673419,11.919895965],[75.935061941,11.9116721214],[75.9388323744,11.9030155116],[75.9360692309,11.9004901128],[75.9361669078,11.8908064732],[75.9302626004,11.8824638176],[75.911068821,11.8750708577],[75.9214970706,11.8688255515],[75.9308484593,11.8582209337],[75.9250852888,11.848242563],[75.9262710562,11.842270333],[75.9258511428,11.8463275462],[75.9209514188,11.8471856856],[75.9173781595,11.8445168552],[75.9114500447,11.8461962336],[75.8921123763,11.8425553303],[75.8874848336,11.8467586481],[75.8823322524,11.8449024928],[75.8609315744,11.8500972727],[75.8539994113,11.8478105376],[75.8441129066,11.8560919362],[75.8292699979,11.8510781101],[75.8226072584,11.8534815328],[75.8194517959,11.8588037451],[75.8166537103,11.8557664094],[75.8070116087,11.8557169887],[75.804159927,11.8472213639],[75.7930207133,11.8457243767],[75.7899603526,11.8408555772],[75.7900142267,11.8358437478],[75.7976429259,11.8286339948],[75.7999220903,11.8178622166],[75.7812197368,11.8102662157],[75.7756927222,11.8029544865],[75.7506373566,11.8040774175],[75.7459266677,11.7991626926],[75.757037128,11.7899405102],[75.753179373,11.7849121272],[75.7492427575,11.7834983468],[75.7456851426,11.787664069],[75.7378298638,11.7876141742],[75.7379570282,11.7819605651],[75.7294905288,11.780934396],[75.725353092,11.7958858812],[75.7155498816,11.7985078471],[75.706335298,11.7970311667],[75.6984348765,11.8016529855],[75.6919651257,11.8000590571],[75.6826912282,11.7744883543],[75.6693180858,11.7707129521],[75.665121987,11.7584415562],[75.6589845157,11.7586424065],[75.6519201934,11.7539587733],[75.6481707478,11.7458196606],[75.6408031091,11.743602711],[75.6373850587,11.7373895876],[75.6269461444,11.7379373132],[75.6156026101,11.7240405448],[75.6102956648,11.7250813311],[75.6065567597,11.7177496342],[75.606354357,11.7223369436],[75.6018521855,11.7188176371],[75.6046010326,11.7233046351],[75.601655664,11.7239269311],[75.5991064608,11.7349427589],[75.6091089623,11.7424445889],[75.6080513863,11.7493831653],[75.6044058908,11.7518970405],[75.6056964538,11.7566411666],[75.6020297979,11.7613641303],[75.5898981588,11.7620700444],[75.5896922745,11.77303931],[75.5839311925,11.773739899],[75.5813477257,11.7659026772],[75.5724242124,11.7635309042],[75.5744488396,11.7517400347],[75.5708638841,11.7493611603],[75.5679170979,11.7384328772],[75.5747161631,11.7356022458],[75.5790493861,11.7234189228],[75.5703317109,11.6979659263],[75.5635207036,11.6935181449],[75.5526402879,11.7033404714],[75.5437566262,11.704827321],[75.5386797928,11.7096008034],[75.5348393432,11.7094294822],[75.5305518947,11.7034043352],[75.5169113338,11.715628953],[75.5141254014,11.7223684261],[75.5205677961,11.7231216589],[75.5220093842,11.7270940965],[75.5267695828,11.7257113134],[75.5306524423,11.7152528518],[75.5367219125,11.719201001],[75.5377866053,11.715712182],[75.5477440991,11.7156674482],[75.5551370711,11.7200336056],[75.5554275439,11.7273359783],[75.5453323344,11.7318309226],[75.5424557033,11.7363104075],[75.5466009985,11.7557258675],[75.5440960593,11.759523846],[75.5407523097,11.7589560668],[75.5382899532,11.7631764585],[75.5283216956,11.7568979979],[75.524269811,11.7598472083],[75.5142403639,11.7592557251],[75.5146727295,11.7620020101],[75.5083413854,11.7579179994],[75.5041684904,11.7645582376],[75.5049932154,11.7719420457],[75.4969786638,11.774210542],[75.4942186039,11.7778149178],[75.4962882454,11.7809661865],[75.4900507365,11.7829356445],[75.4736608652,11.7731841494],[75.4709395266,11.764856816],[75.4709034817,11.7647105728]],[[75.4846608583,12.1090305527],[75.4842343937,12.0970524568],[75.4887400903,12.0799665671],[75.4857624912,12.0720309308],[75.4784143416,12.0668299805],[75.4884060194,12.0560716298],[75.5019004581,12.0560914492],[75.5071872392,12.0510617514],[75.5022512659,12.0445054812],[75.5041434901,12.0394462238],[75.5006703937,12.0391281125],[75.4987664415,12.0338961205],[75.499848346,12.0230039201],[75.5060899612,12.0235751991],[75.5063835313,12.0206629685],[75.5310249508,12.0147127391],[75.5413134088,12.004778321],[75.5524542674,12.014405077],[75.5618985781,12.0151264166],[75.5625486123,12.022340757],[75.5688553477,12.0256414632],[75.5659626567,12.0309874361],[75.583194135,12.0408409092],[75.5817697402,12.0444810037],[75.5769023008,12.0436478453],[75.5711200835,12.054199966],[75.572701928,12.0587864061],[75.5556117502,12.0609664069],[75.5408292871,12.0744819194],[75.5391553156,12.0914117277],[75.5327677806,12.1009178534],[75.5050066672,12.1102842813],[75.494838614,12.1069730438],[75.4942581225,12.101780462],[75.489359205,12.1094673],[75.4847846854,12.1090198999],[75.4846608583,12.1090305527]],[[75.3724150933,12.0080494916],[75.3747817059,12.0193545886],[75.3711384311,12.0278081421],[75.3749389928,12.0275402287],[75.3757503982,12.0383772548],[75.3802968219,12.0385211519],[75.3804201089,12.0561944241],[75.3628685768,12.0528081776],[75.3537845974,12.0590424871],[75.34400851,12.0482386703],[75.3347319153,12.0472744706],[75.3323293165,12.0402976638],[75.3388174828,12.0387699978],[75.3413425523,12.0292061963],[75.349876662,12.0251510878],[75.3516915588,12.0215872328],[75.347549867,12.0191554211],[75.3523605803,12.0112536198],[75.3493913417,12.0034525486],[75.3339693675,12.0059889081],[75.3351389597,11.9989591175],[75.3305913712,11.9937868431],[75.3389350132,11.9868391535],[75.3362952037,11.975012266],[75.3505918978,11.9767297137],[75.360558044,11.9843496515],[75.3689870083,11.9834000848],[75.370873132,11.9860980084],[75.3777830728,11.9852510527],[75.3748964881,11.9762569322],[75.3830790297,11.9712287986],[75.3997247431,11.9743353372],[75.403954301,11.9831945747],[75.4039868949,12.0016240955],[75.4096445876,12.0120505723],[75.4061434376,12.0168839188],[75.4031555654,12.0193660603],[75.39324849,12.0062290225],[75.3819608752,12.0074241668],[75.3782280958,12.0044766726],[75.3724817483,12.0079420247],[75.3724150933,12.0080494916]],[[75.5536221992,11.8473596357],[75.5552267416,11.8373479322],[75.5516665274,11.8321381215],[75.5546124748,11.8322902793],[75.5585467772,11.8244825091],[75.5571611836,11.8156638799],[75.5638776187,11.805225524],[75.5752248231,11.8076626993],[75.5802267911,11.8126168482],[75.5916750673,11.8132522718],[75.6034624989,11.8232133566],[75.5974879406,11.8247335687],[75.595067648,11.834230271],[75.5824696082,11.8313354601],[75.5822116523,11.835845879],[75.5778944577,11.8337565146],[75.5814065663,11.8463707464],[75.5730276382,11.846711464],[75.570384343,11.8556614919],[75.5522141409,11.8524092722],[75.5534906614,11.8475406316],[75.5536221992,11.8473596357]],[[75.6257405296,11.9309423344],[75.630066628,11.9295258861],[75.6344296159,11.9337845478],[75.6354474646,11.9454903536],[75.6471222436,11.9536712683],[75.6597043548,11.9556860977],[75.6664770747,11.9473832881],[75.6764063854,11.9442798752],[75.6827494037,11.9484455226],[75.6877692377,11.9628229007],[75.6937010742,11.9659430528],[75.695668641,11.9726298046],[75.6913371784,11.9740932503],[75.6910274559,11.9785604932],[75.6849483064,11.9759659712],[75.6805542294,11.9802836978],[75.6794370317,11.9921417035],[75.6687805358,11.9931222799],[75.6633639589,11.9877119899],[75.6500480313,11.9866437403],[75.6489754952,11.9807427773],[75.6397780486,11.9892374519],[75.6293465616,11.9854498602],[75.6204109447,11.9916296004],[75.6213481213,11.9818451278],[75.6103670606,11.9802927302],[75.6011416543,11.9733976474],[75.5964805445,11.9821699091],[75.5806210503,11.9829615872],[75.5753157085,11.9765934674],[75.5630182559,11.9835526432],[75.5546945267,11.9767779415],[75.5513734693,11.9689583793],[75.5541313477,11.9606038054],[75.5491947494,11.9487893942],[75.5622591638,11.9450427656],[75.5680071098,11.9306863707],[75.55952301,11.9292992349],[75.5622794835,11.9227026223],[75.5555072726,11.9170815175],[75.5564995672,11.898487817],[75.5384479917,11.8901586076],[75.5465924666,11.8898195618],[75.5426516484,11.8841729366],[75.5483639751,11.8801530979],[75.5563794877,11.885853386],[75.5606740306,11.8841599119],[75.5621882975,11.877222958],[75.56427463,11.8805244207],[75.5690921908,11.8774309016],[75.5713591382,11.8822095279],[75.5765453749,11.8793777803],[75.5901266857,11.889085609],[75.591723921,11.9017495219],[75.6005584239,11.9040220133],[75.6046731561,11.919391506],[75.6240184084,11.9243146792],[75.6267908307,11.9269366287],[75.6257375691,11.9308058234],[75.6257405296,11.9309423344]]]]}},{"type":"Feature","properties":{"name":"Kasaragod","slug":"kasaragod","leading":"UDF","seats":{"LDF":337,"UDF":438,"NDA":133,"OTHERS":47},"declared":955},"geometry":{"type":"MultiPolygon","coordinates":[[[[74.9905275232,12.4683182912],[74.9981842515,12.4696260328],[75.003198077,12.478036721],[74.99795679,12.4938984301],[75.0002573189,12.5044302467],[75.0135799112,12.5023123145],[75.0208540615,12.5044959459],[75.0228961639,12.5152686069],[75.0135013347,12.5232591679],[75.014070351,12.5258489804],[75.0114665796,12.5202273358],[75.0014787896,12.5224751853],[74.9964856038,12.5202881841],[74.9901618451,12.5107152406],[74.9865684618,12.5136426911],[74.9876194071,12.5163010675],[74.9668747398,12.5183018285],[74.9171855393,12.6398305473],[74.8891529407,12.7033114075],[74.8830646224,12.7114260811],[74.8640021196,12.7592818219],[74.8722492854,12.761205825],[74.8749527455,12.7543728768],[74.8831860925,12.7539323702],[74.8931736571,12.7622755272],[74.8990958213,12.7624247036],[74.9314387917,12.7798299894],[74.9419075918,12.7801670188],[74.9509002632,12.7845159161],[74.9588486808,12.78491136],[74.9607203989,12.7786262131],[74.9643718655,12.7823116687],[74.966609726,12.7765371959],[74.9825410386,12.7799952295],[74.9923993526,12.78814733],[74.9876157743,12.7939578059],[74.9888475874,12.7961372895],[74.998313591,12.7898231873],[74.998219956,12.7866301077],[75.0024946899,12.7882890282],[74.9994333302,12.7912948767],[75.0051112604,12.7909945491],[75.0029334495,12.7801751163],[75.0081890628,12.76705115],[74.987617261,12.7425200618],[74.9845107817,12.7439247442],[74.9839474985,12.7365546867],[74.9862475431,12.7340194027],[74.9924720551,12.7400236567],[74.998953946,12.7327251872],[75.0128656536,12.7284065931],[75.0046356815,12.7196191872],[75.0012599133,12.7197635649],[75.0014633574,12.716158892],[75.0157324732,12.7139706762],[75.0186490747,12.720984568],[75.0265363737,12.7189158534],[75.0380379813,12.7240466968],[75.052498281,12.7200156149],[75.0500179642,12.7158273655],[75.0545936112,12.7070551891],[75.0506680399,12.7037176615],[75.0559632537,12.6931793187],[75.053350333,12.6899493633],[75.053712143,12.6923823608],[75.0476944528,12.6945143873],[75.0436890518,12.6927453513],[75.0404130999,12.6841310897],[75.0432653004,12.6817959204],[75.0423934503,12.67245379],[75.0464944285,12.666844026],[75.0538139077,12.669670206],[75.0591277229,12.6656844926],[75.0598454301,12.6714787316],[75.0673050923,12.6637716638],[75.0738255129,12.6721281583],[75.0798027474,12.6711610269],[75.0850063941,12.6741688161],[75.0871741987,12.6794291957],[75.0847318411,12.6953898581],[75.0804359618,12.6989887158],[75.0844435627,12.7051186442],[75.0922769214,12.7001413567],[75.1054643183,12.6975720688],[75.1136527235,12.6842345048],[75.111829872,12.6814277015],[75.1225359055,12.6789013606],[75.1246406564,12.6812406755],[75.1327906802,12.6752303329],[75.1334059364,12.6778618001],[75.1372650252,12.6759957058],[75.1393763913,12.6799862412],[75.14204525,12.6775406731],[75.1513742543,12.6829139261],[75.1498475405,12.6732969437],[75.1620725506,12.671350608],[75.1501995983,12.6494487977],[75.1387106049,12.6434731615],[75.1455567178,12.6389514891],[75.1544517477,12.6245247069],[75.1612367024,12.6218093553],[75.1703313334,12.6220691304],[75.1827761496,12.6324282812],[75.2015755933,12.6299536765],[75.1983963316,12.6128637798],[75.2074754281,12.6070866641],[75.2095651061,12.600141018],[75.2070591604,12.5949567446],[75.2016414641,12.5930016414],[75.2004198442,12.5877832051],[75.2089762174,12.5910651158],[75.2120912783,12.5786031887],[75.217319838,12.5757970387],[75.220025242,12.5690928736],[75.2377015401,12.5688795049],[75.2390757361,12.5806825481],[75.2510344981,12.5847956253],[75.2565511772,12.5960934102],[75.2627223355,12.5983431732],[75.2666200967,12.6069236752],[75.2650826265,12.610814105],[75.2758191156,12.618304008],[75.2882851464,12.6106175579],[75.2903670155,12.6023560801],[75.3013874468,12.6049141795],[75.3109360558,12.5895399673],[75.3273451993,12.5916907135],[75.3276256902,12.5799395951],[75.3192462915,12.576656868],[75.3163923151,12.5715139503],[75.3080265995,12.5778526765],[75.2904456055,12.5823622118],[75.2849803828,12.5689759181],[75.2793538138,12.5715259727],[75.2728852682,12.5689703523],[75.2705568566,12.548317963],[75.2735320984,12.5345150684],[75.2779895083,12.5318024698],[75.2802368847,12.5247320958],[75.2914000152,12.526802817],[75.2965312217,12.5231937629],[75.3038778363,12.5235161725],[75.3038254277,12.5041218963],[75.3150544658,12.5028389475],[75.3148296354,12.4973100917],[75.3335189969,12.4988437947],[75.3371402558,12.4941730555],[75.336149733,12.4774088844],[75.3418693028,12.4709915412],[75.3363736057,12.4643936407],[75.3611576833,12.465510094],[75.3683412403,12.4757289885],[75.3732668907,12.4778392945],[75.3692512858,12.4925153587],[75.3787202511,12.4965556126],[75.3822935849,12.5027357706],[75.3922058051,12.5006067942],[75.3993016855,12.5035588769],[75.4026616542,12.4989967952],[75.4118924707,12.5023752735],[75.4177484461,12.4976175302],[75.4202079418,12.4794621412],[75.4257716584,12.4715272048],[75.423087027,12.4669175975],[75.4152509087,12.4655924573],[75.4130038161,12.4589174634],[75.3940501281,12.4524637979],[75.3939009035,12.4563124898],[75.3876834479,12.459718046],[75.382312887,12.45638343],[75.3660442535,12.4589557024],[75.3709482878,12.4501329632],[75.3717196325,12.4384680173],[75.3711316941,12.4258040104],[75.3659966571,12.4132277816],[75.3793058898,12.3923222606],[75.3922850401,12.3899826087],[75.3985728662,12.3814309903],[75.4131171098,12.380299022],[75.4218598897,12.3730693527],[75.4195228093,12.3571136164],[75.4096456028,12.3448111577],[75.4126125387,12.3461929487],[75.4169465875,12.3384627611],[75.4177599679,12.3284422936],[75.4247342201,12.3131312754],[75.4319532749,12.3085030802],[75.4276013694,12.3073045211],[75.4280539604,12.304201624],[75.4230843644,12.3023511343],[75.424643784,12.2999010452],[75.4155467446,12.2927725803],[75.3964475726,12.2947023782],[75.3922796187,12.2899677033],[75.3888140154,12.2968776141],[75.3857552509,12.2924494636],[75.3868021799,12.2869283613],[75.3744857527,12.2825829181],[75.3689390008,12.2845582975],[75.3640254983,12.2756192814],[75.345840566,12.2662260005],[75.3391593641,12.2690258224],[75.3279925379,12.265481357],[75.3267412692,12.2701023292],[75.3209637104,12.2733882542],[75.2978735284,12.2687260568],[75.2860927855,12.2581492224],[75.2913306931,12.2433224493],[75.2878823796,12.2333584122],[75.2761604144,12.232036036],[75.2708500882,12.2277589617],[75.2455690563,12.2199749405],[75.2372473869,12.219351775],[75.2322528483,12.2237607067],[75.20448601,12.1916594259],[75.1928301185,12.1939625399],[75.172569883,12.1903662703],[75.1876890152,12.1667817311],[75.1911660901,12.1474803944],[75.1966347559,12.1394939939],[75.187989976,12.1302101126],[75.193550368,12.1183382677],[75.1898278177,12.0963841597],[75.181851175,12.0944804486],[75.1743198326,12.1000787346],[75.1680277198,12.0916868345],[75.1748502483,12.0805895344],[75.185359787,12.0462607218],[75.1835406465,12.0445688184],[75.1200874313,12.1978432906],[75.1229173068,12.2054918501],[75.116272103,12.2220366062],[75.1233481496,12.2347273639],[75.1354624783,12.2324000526],[75.1457843634,12.2376375283],[75.1602335779,12.2399419147],[75.1748222541,12.2725150967],[75.163210187,12.279994415],[75.1509570344,12.275781433],[75.1463827016,12.2796544295],[75.1393198971,12.2795882313],[75.1164303557,12.3090521531],[75.1105287036,12.3094244766],[75.1084618625,12.3066462147],[75.115838842,12.3134869976],[75.1148235553,12.3156384457],[75.1234564397,12.3200867928],[75.1323518119,12.3202266322],[75.1176604161,12.3393551848],[75.1135952205,12.3330799782],[75.0972929469,12.3278975992],[75.0953197102,12.3306363902],[75.0837414781,12.329108685],[75.0705417088,12.3223309793],[75.0412163303,12.3858914204],[75.037764146,12.3904738125],[75.0311366759,12.3914048972],[75.0211275922,12.4121393946],[75.0149652077,12.4170874454],[74.9906728302,12.4679832742],[74.9905275232,12.4683182912]]]]}},{"type":"Feature","properties":{"name":"Kollam","slug":"kollam","leading":"LDF","seats":{"LDF":759,"UDF":676,"NDA":206,"OTHERS":57},"declared":1698},"geometry":{"type":"MultiPolygon","coordinates":[[[[76.6922177272,8.7865236052],[76.6906574035,8.7794346481],[76.6824657822,8.7765939065],[76.6755062473,8.7905204925],[76.675066853,8.801801038],[76.6768277771,8.8107453445],[76.6848896956,8.8125715159],[76.6962165312,8.828012021],[76.6932238342,8.8333206167],[76.6778425399,8.8348859784],[76.676777106,8.831178297],[76.6707496141,8.8333437305],[76.6666169343,8.8433252499],[76.6624839993,8.840648128],[76.6577455899,8.8246659587],[76.6449737457,8.8192559078],[76.6324943582,8.8352626079],[76.6331831669,8.839022249],[76.6251948017,8.8466660372],[76.6271431115,8.8490151921],[76.6363256158,8.8464211907],[76.6389866804,8.8715197323],[76.6431746548,8.8694645155],[76.6390974033,8.8787533025],[76.6469803561,8.8881272204],[76.6459463039,8.8973738256],[76.6368072647,8.8976676097],[76.6322393008,8.9158989181],[76.6398223641,8.930288612],[76.6320007157,8.9330586749],[76.6151956929,8.9295297068],[76.6128149328,8.9374111474],[76.6053376987,8.9343199798],[76.600957171,8.9371021594],[76.5910609255,8.9346490135],[76.5913855443,8.9290879039],[76.5720629312,8.9237183357],[76.5688659725,8.9241507162],[76.5676378289,8.9315343751],[76.5620995726,8.9354529499],[76.5366110373,8.9359620404],[76.5220713739,8.9949859618],[76.5198073527,9.0157103464],[76.4772625275,9.1065126946],[76.464513115,9.131212004],[76.4579891302,9.1358122509],[76.4635526306,9.1368281561],[76.4685201543,9.1363793855],[76.4729542623,9.1271206231],[76.504085349,9.1245889851],[76.5064711325,9.1249867049],[76.5033686506,9.1345812228],[76.5082891988,9.1370819495],[76.5422458178,9.1354765803],[76.5411413897,9.1291968462],[76.5464260191,9.1262697775],[76.5517169239,9.1106420568],[76.5597719591,9.1105402912],[76.5679207118,9.1110068957],[76.5752413535,9.1176226686],[76.5794134001,9.1149998265],[76.5842754709,9.1166790251],[76.5835818456,9.1202703804],[76.5892103304,9.1233572644],[76.5878094843,9.1289388107],[76.5915960307,9.1320169348],[76.6149061196,9.1305565687],[76.6232912683,9.1385536744],[76.632640198,9.1382859352],[76.6376251234,9.1417493569],[76.6361184754,9.1211343388],[76.6451872617,9.1222512502],[76.6473308041,9.1167656089],[76.656399382,9.1134447266],[76.6726072453,9.1175412231],[76.6757713643,9.1141969084],[76.6771932741,9.0919268808],[76.6718999748,9.0837537124],[76.6732676654,9.079682001],[76.6781849339,9.0779538418],[76.6784905105,9.0814498435],[76.6836410407,9.0814204644],[76.6845942674,9.087369551],[76.6894042912,9.0911300973],[76.7230470947,9.0812502113],[76.7275757433,9.0835056583],[76.7335236485,9.0806430061],[76.7379998879,9.0855326893],[76.7453725608,9.0795452339],[76.7555684702,9.0884367932],[76.7595173021,9.0720196067],[76.7717455544,9.0741723017],[76.7664076689,9.095045582],[76.7705519626,9.1011652043],[76.7756432116,9.1002606939],[76.7743740506,9.1051597633],[76.7832876814,9.1107571474],[76.7841815293,9.1150028401],[76.7953290581,9.1096488545],[76.8096356464,9.1091157837],[76.8222222583,9.0935036775],[76.8273773913,9.0914438726],[76.8295206695,9.094137727],[76.8422903705,9.0922179922],[76.846396299,9.0990168117],[76.8517854666,9.0991204444],[76.8516982991,9.1128181806],[76.8540406393,9.1120347253],[76.8566669486,9.1174523282],[76.8659275364,9.1141078837],[76.8665155588,9.1202690561],[76.8755340402,9.131181353],[76.8836268325,9.1215773859],[76.8990736727,9.1300756217],[76.9017217082,9.1252699621],[76.9196354129,9.1234296048],[76.9251672631,9.116649379],[76.9485047071,9.1174937098],[76.9596714586,9.1299117769],[76.9495651144,9.1311308631],[76.9402508269,9.1389085914],[76.936715452,9.1359130474],[76.9263384505,9.139159952],[76.9287995298,9.1733424135],[76.9395397934,9.16795069],[76.9415790869,9.1631754073],[76.9608814025,9.1508865699],[76.9616974026,9.1477104211],[76.9669576348,9.1509827018],[76.9798888275,9.1470773296],[76.9837863633,9.1414465653],[77.0036409267,9.1361308183],[77.0099498629,9.1400744259],[77.0171773088,9.1358466539],[77.0183306302,9.1311920329],[77.0460234958,9.1226210743],[77.0535800804,9.127864494],[77.0585011614,9.1170348342],[77.065382679,9.119234923],[77.0672949401,9.1139777298],[77.0797407121,9.1126742522],[77.0809078645,9.108935638],[77.0976522324,9.1030936211],[77.1104929026,9.0933079199],[77.1229696896,9.0975945898],[77.1304377392,9.08941429],[77.1455532363,9.0867801362],[77.1464599798,9.0843487997],[77.1543617469,9.0882033857],[77.1560617597,9.0826583403],[77.1627338865,9.0828418071],[77.1677125239,9.0788435698],[77.2073427697,9.0719432399],[77.2062861898,9.06528094],[77.1978918798,9.0567090401],[77.1959125498,9.0496786003],[77.1982300303,9.0464368597],[77.18815737,9.0429034398],[77.1818806104,9.04750731],[77.1675418868,9.0451001354],[77.1608765859,9.036157454],[77.1617303726,9.0300165539],[77.1539749542,9.0225793922],[77.146900124,9.0220158089],[77.150926678,9.0161934796],[77.1498669911,9.0094200002],[77.1572344092,9.0074152641],[77.1614501407,8.9954535449],[77.1735111322,8.9910296542],[77.1775025455,8.9693318985],[77.1850253659,8.9699281227],[77.1901003354,8.9653336971],[77.1908405485,8.9588791971],[77.1966032166,8.9512305905],[77.1933522473,8.9427115137],[77.1966792656,8.9347235103],[77.1918865474,8.927705711],[77.195056588,8.9227793402],[77.2016448475,8.9248981518],[77.2121137439,8.917176118],[77.2175971451,8.9189947595],[77.2226171167,8.9028413259],[77.2266741439,8.9043194272],[77.2385870532,8.8980695389],[77.2391672563,8.8835548738],[77.2460912041,8.8789335862],[77.2562367837,8.8780341988],[77.2587568741,8.8640378138],[77.2557736764,8.8596016301],[77.2616651151,8.8556034126],[77.2586783962,8.8491494807],[77.2627738351,8.8417561461],[77.2550163372,8.8350752954],[77.2515473331,8.8250621769],[77.2462092099,8.8201272141],[77.2493879901,8.8158965496],[77.2442031937,8.8084713486],[77.2325613559,8.8079635819],[77.2314214512,8.7854002376],[77.224467014,8.7845975025],[77.2199867868,8.778367682],[77.2115693619,8.7792074092],[77.2194893907,8.7706467805],[77.2100689579,8.7656578744],[77.2081998377,8.7707369784],[77.2030606728,8.7688897109],[77.1914445272,8.7726901234],[77.1556689116,8.7961327919],[77.1534430228,8.7951204849],[77.1432561587,8.8049007317],[77.1293173165,8.8098406206],[77.1196037688,8.8225117197],[77.1105742242,8.8263083938],[77.1092633772,8.8324635813],[77.1008867898,8.8294282284],[77.0902246335,8.8317260629],[77.0844090206,8.8411580495],[77.0506188583,8.8465219319],[77.0319485466,8.8431615539],[77.0290866998,8.8362183858],[77.0190502356,8.8287857602],[77.0201671629,8.8169529799],[77.0132574888,8.8176537708],[77.0075915035,8.8134330575],[77.0102596572,8.7961572381],[77.0246307949,8.7742167074],[77.0142827488,8.770361351],[77.0033612066,8.7710061255],[76.9972662411,8.7845838759],[76.9836046015,8.7901019176],[76.9775206172,8.7879101561],[76.9723991588,8.7758482366],[76.9651154326,8.7716277898],[76.947272884,8.7710552799],[76.9340983114,8.7614991349],[76.9150578682,8.7765984744],[76.9147720483,8.782127013],[76.920939272,8.7878094086],[76.9002160264,8.8123664316],[76.8866493901,8.8104427161],[76.8835824419,8.8070751173],[76.875902936,8.8105375218],[76.8707960415,8.8091515844],[76.8570978225,8.8183503568],[76.855301057,8.815880224],[76.8517391496,8.8173251247],[76.8489282479,8.8258527011],[76.8450261057,8.8283212906],[76.8477736697,8.8351236085],[76.8296281299,8.8449272884],[76.8256020557,8.8425420986],[76.8264479438,8.8528749702],[76.8237703684,8.8552991365],[76.8198692376,8.8535451824],[76.8163748685,8.8597416222],[76.8107437536,8.8540918408],[76.8060913149,8.85677191],[76.8008574368,8.8482939373],[76.7943100463,8.856246344],[76.7902171121,8.8525841945],[76.7835567235,8.8625153449],[76.7803968625,8.86044434],[76.7830824464,8.851976883],[76.7757258879,8.8437021441],[76.7817117576,8.8425734636],[76.7846898991,8.8356267892],[76.7883491314,8.8355738682],[76.7942077714,8.828174377],[76.791136572,8.8219903499],[76.7870754758,8.8229179935],[76.7831472863,8.8188472503],[76.7895350424,8.8179984458],[76.7894096776,8.8145317808],[76.7928799017,8.8131427883],[76.7777440484,8.8091445634],[76.7718606528,8.8109991652],[76.7721063679,8.8055264431],[76.7683496915,8.803313566],[76.7703381202,8.8001432708],[76.7615478344,8.80013693],[76.7604168659,8.7917187613],[76.7584538198,8.7952608941],[76.7443287687,8.7946440552],[76.7212043067,8.8033014091],[76.7146643653,8.7963604597],[76.7090885281,8.7950596448],[76.7098425936,8.7916984597],[76.6934396594,8.7917477469],[76.6922594326,8.7866960619],[76.6922177272,8.7865236052]],[[76.520189005,9.0233906896],[76.5212384803,9.0201205277],[76.5372975027,9.0276240076],[76.5372409217,9.0402631462],[76.5446767439,9.0594483837],[76.5364931792,9.078162355],[76.5322500564,9.0749926254],[76.5328714901,9.0702379787],[76.5055163407,9.0658489328],[76.5007247469,9.0624757937],[76.5092827954,9.0386237136],[76.5160537901,9.0350319293],[76.5201278847,9.0235542651],[76.520189005,9.0233906896]],[[76.9566258601,8.9710560868],[76.9607270273,8.97175769],[76.9644377544,8.9775256799],[76.9614692378,8.987705914],[76.9651144604,8.9934015071],[76.9704399343,8.9926953023],[76.9717880032,9.0023439561],[76.9649985879,9.0085832116],[76.9641094506,9.0188186817],[76.9563999943,9.0276131665],[76.9578268264,9.0304264495],[76.9507899508,9.0359461468],[76.9419445896,9.0375675037],[76.9363586416,9.0344834105],[76.9278894656,9.0426726799],[76.9243283187,9.0381411031],[76.9206262053,9.0414765158],[76.9164305216,9.0342240748],[76.9068440256,9.0377901649],[76.9081166332,9.0323392933],[76.8991040588,9.0292870521],[76.8899938717,9.0342447934],[76.8844335425,9.0332755421],[76.8843379578,9.0302326739],[76.873371618,9.0327867886],[76.8910702348,9.02660065],[76.8932135019,9.0227744196],[76.9099644355,9.0194007946],[76.9133519509,9.0082918396],[76.9280301683,9.001378487],[76.9240812146,8.9979917834],[76.9275313601,8.9969042605],[76.9284942649,8.9919611576],[76.9565070638,8.9709929433],[76.9566258601,8.9710560868]],[[76.7631677101,9.0082408773],[76.7577156016,9.0026911543],[76.7577442485,8.9923163452],[76.749624848,8.9774047346],[76.7473305954,8.9692613495],[76.7505132418,8.967281471],[76.7560906034,8.9682352542],[76.7573071285,8.9740403783],[76.7685942851,8.9683039438],[76.7747646201,8.970353858],[76.7732132109,8.973583303],[76.7756367128,8.9747591811],[76.7781078769,8.9724373506],[76.79170772,8.9777544619],[76.7928995488,8.9840139485],[76.7872134351,8.9901882899],[76.7894700425,8.9935780562],[76.7876888105,8.9975928963],[76.7909435563,8.9979516427],[76.7900705445,9.0013600049],[76.8059359884,9.0066341688],[76.7988102155,9.0049358383],[76.7947527107,9.008263035],[76.7851567278,9.0084447178],[76.7846741025,9.0137100564],[76.7750034731,9.0112587659],[76.7647260485,9.0151993684],[76.7631806496,9.0083132251],[76.7631677101,9.0082408773]]]]}},{"type":"Feature","properties":{"name":"Kottayam","slug":"kottayam","leading":"UDF","seats":{"LDF":521,"UDF":783,"NDA":143,"OTHERS":164},"declared":1611},"geometry":{"type":"MultiPolygon","coordinates":[[[[76.6055742991,9.457604357],[76.6021619595,9.457749803],[76.6048939273,9.4498492962],[76.5997685438,9.4503419583],[76.5911401098,9.4445781364],[76.5942376833,9.4355217216],[76.5927789684,9.4233189959],[76.5967430891,9.4205224792],[76.5937060549,9.4145132103],[76.5905216116,9.4196883068],[76.5796079757,9.4226446847],[76.564647335,9.4104411459],[76.5597889513,9.4111492478],[76.5553772953,9.4131826586],[76.5537844503,9.4239231885],[76.5440763956,9.4229224145],[76.5404261732,9.4206028451],[76.5391707273,9.4142312979],[76.5306301663,9.416445864],[76.5311470569,9.4133124268],[76.5263080579,9.4135621179],[76.5252743046,9.409307364],[76.517001764,9.4084348119],[76.5159900337,9.4001665895],[76.5119309306,9.4000377762],[76.5054144796,9.4050602848],[76.5071775015,9.4216725835],[76.5046444357,9.4298111835],[76.506745861,9.4312029198],[76.5040351012,9.4340309755],[76.5065584257,9.4385969256],[76.5007559657,9.4393829308],[76.4978036031,9.4445589382],[76.4981949362,9.4542060287],[76.5058291195,9.4678084292],[76.5060367426,9.4761540478],[76.5090707243,9.4777963418],[76.5076434257,9.4919732325],[76.5134005771,9.4954740957],[76.5079094758,9.5037416307],[76.4983897179,9.5035131189],[76.4905069267,9.5075868962],[76.4958734047,9.5193872752],[76.5086770601,9.5179669985],[76.5098986854,9.5142235613],[76.5157672902,9.5152568213],[76.5186870134,9.5098913363],[76.5352933928,9.5106531135],[76.5331190171,9.52625331],[76.5266375932,9.5265889966],[76.5202800094,9.5421677662],[76.5325326112,9.5655244075],[76.5291285182,9.5829976239],[76.5357907999,9.5818730184],[76.5379602187,9.5701199424],[76.5437475538,9.5696115144],[76.5473984679,9.5783938598],[76.5527572456,9.5805115101],[76.5472664336,9.5943829381],[76.5330287714,9.5978324216],[76.5343214264,9.6042436819],[76.5552169829,9.6113064581],[76.5611830414,9.6178569033],[76.5572359438,9.6266806262],[76.5777935809,9.6382800184],[76.5813454603,9.6505379674],[76.5938724705,9.6496322628],[76.5913005229,9.6610020373],[76.5991883572,9.6704456019],[76.5981671371,9.6851347147],[76.5897349111,9.6869200743],[76.5809838515,9.6780529052],[76.5769018161,9.6890472865],[76.5710062349,9.6878086581],[76.5658814639,9.6925845068],[76.5599695594,9.6928562926],[76.5552461781,9.6898042742],[76.5578312708,9.677686902],[76.5505443779,9.6753667823],[76.5508857656,9.6522209114],[76.5424498098,9.6312635551],[76.5328615527,9.6405510571],[76.5223075806,9.632726818],[76.5178473275,9.6247093727],[76.5186071154,9.6193781657],[76.5090151366,9.6121214756],[76.5138140554,9.6107660842],[76.5139089283,9.6059626016],[76.5086168335,9.6037532587],[76.5118865125,9.5993175518],[76.5047903059,9.599292915],[76.4989717301,9.5908542866],[76.4946113831,9.5924145452],[76.4884059469,9.5873017713],[76.4891669709,9.5661508652],[76.4933095877,9.5591271633],[76.4992587373,9.5582083083],[76.5075490869,9.5495047577],[76.504824017,9.5347774411],[76.5007513897,9.5300052778],[76.4800759771,9.5291711419],[76.4798250345,9.5375275803],[76.465590114,9.5422965554],[76.4656169656,9.5611220222],[76.4267915113,9.5496629036],[76.4228478856,9.5560260902],[76.4158619194,9.5583137318],[76.4143444107,9.5633652732],[76.4046932805,9.5594832034],[76.4047266888,9.5540901835],[76.3933037916,9.5482573927],[76.4001292666,9.6332715487],[76.3963522156,9.653703159],[76.4026241118,9.6858154963],[76.3758172636,9.6968305048],[76.3805393225,9.7339642895],[76.4026972635,9.7340899235],[76.4044083439,9.740154467],[76.4126420754,9.7390617454],[76.4151678244,9.7552580696],[76.4055497082,9.7647905528],[76.3987661828,9.762522795],[76.3977990781,9.7740509003],[76.3939221865,9.7753875919],[76.3923234512,9.7674879188],[76.3868180011,9.7682921318],[76.3846577999,9.7603954004],[76.3789770013,9.7557824771],[76.3732130754,9.7671166911],[76.3657047218,9.7921601733],[76.3672853327,9.7992004205],[76.3779895283,9.8126559385],[76.3733880106,9.8359662614],[76.379793048,9.842625838],[76.3884112441,9.8442045613],[76.3942102412,9.8307914532],[76.4113974829,9.8279352108],[76.4144286933,9.8220868066],[76.4291840716,9.8245496163],[76.4478949118,9.835636954],[76.4492840441,9.8404721856],[76.4541946639,9.841607698],[76.4611012882,9.8502199661],[76.4600676319,9.846424791],[76.4746882377,9.8426033885],[76.4805332474,9.8471839601],[76.4869887513,9.8450502979],[76.4981149879,9.8523108019],[76.50219063,9.8496384809],[76.5103876141,9.850570398],[76.5147585396,9.848583754],[76.5144026064,9.8430873535],[76.5199231689,9.8353925055],[76.5177699287,9.832357906],[76.5204691083,9.8231422173],[76.523433555,9.8261611875],[76.5389433484,9.8225206545],[76.538837561,9.813453768],[76.5436422865,9.8128347726],[76.541572428,9.8068773262],[76.5471079977,9.7993869472],[76.55592287,9.8024667578],[76.5580165717,9.815964185],[76.5633610454,9.8229080839],[76.5677619414,9.8243039258],[76.5757663834,9.8191644414],[76.580049008,9.8217443259],[76.581785094,9.8276064743],[76.5793853902,9.8335205796],[76.5820089595,9.8368108622],[76.5789515758,9.8428783142],[76.5860203298,9.8417292181],[76.5899021855,9.8444024042],[76.5925611485,9.8420046765],[76.5940006268,9.8463308377],[76.5998892551,9.8461151358],[76.6038330038,9.8412379588],[76.6093799884,9.8427203296],[76.6145709823,9.8375542951],[76.6156938252,9.8407384913],[76.6095626725,9.8519997176],[76.6254336093,9.8583407323],[76.6278517833,9.8489603231],[76.6359564125,9.8431800553],[76.6465706787,9.838745626],[76.655913039,9.8407908811],[76.6647039479,9.8381986724],[76.6694219483,9.8437249039],[76.6820702742,9.8395427438],[76.6848366927,9.8330370042],[76.6969179167,9.8308586819],[76.7010440423,9.8239046061],[76.74225339,9.8048447419],[76.7519712273,9.8071739979],[76.7487600268,9.814010757],[76.753833054,9.8173335987],[76.7683157729,9.8104312554],[76.7801045495,9.8088545024],[76.8054946413,9.7915050544],[76.8281859606,9.769890967],[76.8271882548,9.7630231001],[76.8403421597,9.7551610759],[76.8492396735,9.7410974196],[76.8613430139,9.7298983443],[76.8676784229,9.7352033501],[76.8687979106,9.7283572153],[76.8892364249,9.7165013178],[76.9015968353,9.6893758756],[76.9021953505,9.6773384682],[76.9280776994,9.6531647472],[76.9193064043,9.6423008607],[76.9334702501,9.6225734854],[76.9283279035,9.6145889943],[76.9027774112,9.633829186],[76.8956721757,9.6336952195],[76.8914890169,9.6293254432],[76.8933614312,9.621712777],[76.8872653235,9.6200976118],[76.8917104723,9.6157396741],[76.8881996828,9.6100578632],[76.8920999558,9.6104104398],[76.8897794771,9.6066967677],[76.892710811,9.6050368222],[76.8958022409,9.5865391406],[76.8832554309,9.58193905],[76.8866931605,9.5777765554],[76.8878483247,9.5658743083],[76.8853807461,9.5620219071],[76.8913022581,9.5461302717],[76.8883331626,9.5379239548],[76.9027098462,9.5369949726],[76.9022425327,9.5270716384],[76.9058945553,9.5238447289],[76.9037638961,9.5211645715],[76.9297323009,9.501762378],[76.9350242215,9.5048350789],[76.9418020471,9.4981130171],[76.9547557445,9.4924934095],[76.9591149039,9.4999018275],[76.9574126144,9.50324789],[76.9631078614,9.5088120364],[76.9702820902,9.5006289112],[76.9769924488,9.5001316432],[76.9836481799,9.4896019454],[76.9822214334,9.4829742607],[76.9854349515,9.4725879269],[76.9832225689,9.4671103324],[76.9625539036,9.4640492149],[76.951886442,9.4497898226],[76.9407166729,9.4443857769],[76.9453302253,9.4355312717],[76.9573200699,9.4398113051],[77.000474572,9.4334214437],[77.004334843,9.4301895186],[77.0033752024,9.4219611505],[76.9761039189,9.4245557417],[76.9737734393,9.4219387023],[76.9688940144,9.4249931842],[76.9593231747,9.4201339511],[76.935332852,9.4207881717],[76.9253064282,9.4152326944],[76.922310341,9.4164823723],[76.9216145365,9.4246084824],[76.9113349216,9.4234611058],[76.8867589692,9.4424907831],[76.8573460463,9.4536535923],[76.8545225704,9.457887284],[76.853534341,9.4495848504],[76.8490877037,9.4459338396],[76.8331570496,9.452774409],[76.8294232955,9.4522938744],[76.8245802542,9.4452203779],[76.8188358666,9.4555564509],[76.804399092,9.454931009],[76.8000936195,9.4593862863],[76.798675928,9.4514908683],[76.7947663988,9.4538360681],[76.7923376812,9.4515940385],[76.7930682514,9.4465503736],[76.7819402801,9.4485049283],[76.7678890507,9.442245354],[76.7656304301,9.4354530166],[76.7570833806,9.4520858907],[76.7494372433,9.4519046988],[76.7501705264,9.4601685144],[76.7531052811,9.4621012745],[76.745708633,9.4680099642],[76.7456397125,9.4751619283],[76.7326017774,9.4749933403],[76.731500786,9.4666843924],[76.7228016346,9.4645824872],[76.7083325036,9.4543820224],[76.6993688514,9.467067377],[76.6998659539,9.4767329296],[76.6899861279,9.477159799],[76.680025726,9.4833948329],[76.6730886844,9.4797694446],[76.6591833271,9.48267363],[76.6426787502,9.4792281266],[76.6412849906,9.4673152366],[76.6357771798,9.4624475552],[76.6298215309,9.4720367924],[76.6263955873,9.469222831],[76.6261947428,9.4616050761],[76.6116845633,9.4610954579],[76.6091589526,9.4590268094],[76.6103742797,9.4539107091],[76.6059956045,9.4571558893],[76.6055742991,9.457604357]],[[76.5211815801,9.4581851824],[76.526189324,9.4342478352],[76.5300908304,9.4324318896],[76.5314434929,9.4238685841],[76.5548755224,9.4315660635],[76.5609693026,9.4472957111],[76.5557731882,9.4525176086],[76.5591894031,9.4579935483],[76.5566455853,9.4602999697],[76.5393029467,9.462016486],[76.5307222562,9.4677306342],[76.5203033314,9.4683448732],[76.52117416,9.4583573247],[76.5211815801,9.4581851824]],[[76.6709764551,9.727792325],[76.6750035225,9.7207789681],[76.6705002779,9.7230650978],[76.6651307681,9.7206138749],[76.6670356824,9.7156493535],[76.6627490908,9.7129745342],[76.6636844328,9.7083059358],[76.6583909501,9.7060952967],[76.6640976183,9.6972244072],[76.6678909828,9.6972723231],[76.6735437368,9.7075790669],[76.6767636465,9.706833438],[76.679086485,9.6978184512],[76.6858971216,9.6957591376],[76.6871190028,9.6913289697],[76.6876059248,9.694057672],[76.695696587,9.6920798495],[76.6952805628,9.6954277443],[76.704122284,9.6942623251],[76.6940508042,9.7031230269],[76.694055921,9.7072346956],[76.7067731486,9.7089646678],[76.7106222733,9.712229971],[76.7061006069,9.7267957406],[76.7006410104,9.7278007469],[76.6959345139,9.7369526098],[76.6924338906,9.7346841924],[76.6854424591,9.7399646462],[76.6708259702,9.7279594485],[76.6709764551,9.727792325]],[[76.7962841519,9.685865393],[76.7996095488,9.6875299764],[76.7945798474,9.7050190139],[76.7912959382,9.70609027],[76.784688196,9.7000148064],[76.7726202177,9.6971380056],[76.7678173274,9.6924700756],[76.7654564803,9.6833974451],[76.7736277879,9.6743747495],[76.7790034647,9.673225668],[76.7825106564,9.6793866982],[76.788618709,9.6794686545],[76.7960573587,9.6858935531],[76.7962841519,9.685865393]]]]}},{"type":"Feature","properties":{"name":"Kozhikode","slug":"kozhikode","leading":"UDF","seats":{"LDF":794,"UDF":938,"NDA":46,"OTHERS":125},"declared":1903},"geometry":{"type":"MultiPolygon","coordinates":[[[[75.7332719439,11.3511921992],[75.7000039406,11.4204565163],[75.7034368395,11.4221858332],[75.6990586569,11.4306414296],[75.7049863976,11.4322941261],[75.7088821993,11.4389377933],[75.7281054029,11.4394297625],[75.742351369,11.4643342122],[75.7395956662,11.4729627267],[75.7192755035,11.477499661],[75.7148569425,11.4677343759],[75.7092775706,11.4670542359],[75.7061056935,11.4627489968],[75.6984845447,11.4687898007],[75.6992242826,11.473311566],[75.6936215845,11.476094401],[75.6922477584,11.4815328168],[75.6795043675,11.4886094003],[75.6755825897,11.4857486745],[75.6765660986,11.4761222544],[75.6672086848,11.4730975674],[75.6703649474,11.4698442164],[75.6688059359,11.4611560856],[75.6659747292,11.4606987629],[75.6466091393,11.4684831538],[75.6342857016,11.4618833369],[75.6269062264,11.473222893],[75.6168681823,11.4774317022],[75.6183899107,11.4828204358],[75.6130961263,11.5006039583],[75.6246062965,11.5062669206],[75.6234865501,11.5094287666],[75.6318271114,11.5176941141],[75.6361434825,11.5162895979],[75.6387191407,11.5188704679],[75.6480393608,11.5130931817],[75.6493489436,11.5167294317],[75.6485721745,11.5282520703],[75.6422159349,11.5304461088],[75.639549592,11.5352745888],[75.626712973,11.537861215],[75.6194010623,11.5489649827],[75.618512361,11.5546969147],[75.6238484576,11.5591832205],[75.6139097933,11.5691493362],[75.6217290041,11.5742584533],[75.6208185373,11.578549725],[75.6251852662,11.5849055848],[75.6228949155,11.5869067274],[75.6216761386,11.5828963941],[75.6182920672,11.5844939861],[75.6138358438,11.5818689835],[75.6110383434,11.5866744756],[75.6192156314,11.5995163049],[75.6205025868,11.6116717687],[75.6071851212,11.6099062479],[75.5986782533,11.6221037708],[75.588759304,11.6192869327],[75.5826918241,11.6118931373],[75.5859925656,11.6107403621],[75.5850264801,11.608353192],[75.5743467542,11.6079028619],[75.5539523422,11.6572963693],[75.5463983408,11.662709968],[75.5503426756,11.6601933678],[75.5508123854,11.6630483993],[75.5471116177,11.6635790339],[75.5467378038,11.672146477],[75.5358654848,11.6934059455],[75.5418482836,11.6956710518],[75.5442021078,11.7047251878],[75.5522519324,11.7035983614],[75.5632241868,11.6938364888],[75.5617272018,11.6816614327],[75.5701776133,11.674630172],[75.5903100767,11.6887804298],[75.6006125213,11.6872082191],[75.6036368589,11.6903599724],[75.6025264814,11.694025985],[75.5917047288,11.698410665],[75.5930840917,11.7084380821],[75.5871141229,11.7121394209],[75.5949217621,11.7127597311],[75.6061869467,11.7222561445],[75.6067765341,11.7179063759],[75.6103287274,11.7250166686],[75.6155115261,11.7239403543],[75.6239407186,11.7314215865],[75.6217645323,11.7330181602],[75.6265592849,11.7376915718],[75.6372544442,11.7374480189],[75.6409552042,11.7437441162],[75.6481523028,11.7456895872],[75.6517999907,11.7539097615],[75.6546976344,11.7534124847],[75.6590852699,11.7587116638],[75.6651297477,11.758472961],[75.6693313057,11.7707121065],[75.6842200532,11.776357203],[75.6918418615,11.7999465487],[75.6971406871,11.8015355935],[75.7065538665,11.7969107429],[75.7155972164,11.7985015651],[75.725333415,11.7960137912],[75.7294936829,11.7809717364],[75.7380155221,11.7819570491],[75.7377247507,11.7876061067],[75.7456012737,11.7876334513],[75.7491638007,11.7834698929],[75.7531989077,11.7849645109],[75.7570204738,11.7897377196],[75.7458317585,11.7991823754],[75.7555418253,11.8052181056],[75.7772383332,11.8017179766],[75.7928680052,11.7910856383],[75.7936984612,11.7823127045],[75.7874570935,11.7746296512],[75.788791106,11.7653696876],[75.7833410314,11.761046848],[75.7939189158,11.753561512],[75.8004994574,11.7525571621],[75.7921477149,11.7430095725],[75.8096992231,11.7427586942],[75.8149988147,11.7393426137],[75.8235781793,11.7277799179],[75.8315995993,11.7266675464],[75.8314624331,11.7208693292],[75.8457198262,11.7143292169],[75.8453122629,11.7078055994],[75.8515128358,11.7038934059],[75.8747600417,11.7037393659],[75.8825734821,11.6985972104],[75.8976996069,11.6984373812],[75.9124726957,11.6881291474],[75.9077964477,11.6810152935],[75.9004737892,11.6783108801],[75.9050092902,11.6616751438],[75.9028667514,11.652010674],[75.8959452679,11.6427467537],[75.8999618897,11.6373292751],[75.8983965696,11.6226500387],[75.9059346716,11.6116140196],[75.9085768267,11.6010632533],[75.9297239591,11.5911259311],[75.937300543,11.5914506548],[75.938044601,11.5864991462],[75.9507690856,11.5813309358],[75.958688916,11.5695371361],[75.9573407256,11.560146285],[75.9701361662,11.5513270108],[75.9818619232,11.538040517],[75.9959392333,11.5347643665],[76.0000788262,11.5260368806],[76.0164905854,11.5177685581],[76.0182233993,11.5142149937],[76.0337402331,11.5102195567],[76.0384732273,11.5017549509],[76.04689373,11.5050774102],[76.0514260156,11.5019079323],[76.0588476457,11.5094233264],[76.063567781,11.5098181779],[76.0749734401,11.5232062756],[76.0788861505,11.5224708775],[76.0830149917,11.5144358619],[76.0905971676,11.5112003487],[76.0891941278,11.5058153897],[76.0930827827,11.4928385482],[76.0880769051,11.4901871512],[76.0886094229,11.487030385],[76.09263854,11.4840137848],[76.1060416383,11.4846261581],[76.1077482775,11.480360903],[76.1233652671,11.4730979942],[76.1417916859,11.4514694704],[76.1373323024,11.4436179815],[76.1443889927,11.4299357156],[76.1410293754,11.4197088283],[76.1305123256,11.4263394615],[76.1169160428,11.4085780472],[76.1053354057,11.4102252676],[76.1064758136,11.4032715264],[76.0995439568,11.3961129888],[76.0975593869,11.3836650833],[76.0996779405,11.3720434405],[76.0911836364,11.3670547153],[76.096168945,11.3593471834],[76.0938590805,11.3486995495],[76.1004815678,11.3401475911],[76.1171244353,11.3373357457],[76.1151833572,11.3352674335],[76.1193844442,11.32173765],[76.1136652071,11.3146586909],[76.0860936146,11.3096239101],[76.0847320045,11.3048910256],[76.0696277193,11.2938527233],[76.0724562606,11.2871618079],[76.060367899,11.282299963],[76.0579617341,11.2751733127],[76.0453658233,11.2651658156],[76.0360950166,11.2681515165],[76.0140605322,11.2678923003],[76.0086188301,11.2595586252],[75.9993573203,11.2582643],[75.9955470708,11.2543865795],[75.9738248054,11.2686076871],[75.9597959106,11.2531908587],[75.9264306034,11.2462425286],[75.9171202447,11.2363223699],[75.9007852957,11.2424201954],[75.8969225484,11.2297985715],[75.888454245,11.2290505527],[75.8780341138,11.2230968707],[75.8694313197,11.20692456],[75.8613834505,11.2046160579],[75.8566696974,11.2091538137],[75.8483894526,11.2095845434],[75.8395680606,11.2048410568],[75.8336416014,11.1951911783],[75.8390251709,11.2103952328],[75.8315489149,11.2088758136],[75.8311627015,11.2057936539],[75.8229579907,11.2081054812],[75.8241962158,11.2230781424],[75.8186809942,11.2237294268],[75.8093393218,11.2173995155],[75.810810171,11.2222596009],[75.8061707611,11.2295826945],[75.8136164217,11.226020348],[75.8190652401,11.227131179],[75.8237090751,11.234550608],[75.8225698303,11.2438944439],[75.8316409873,11.2464145955],[75.8333462877,11.2545280292],[75.8422931872,11.2550439268],[75.842935573,11.2510625968],[75.850469851,11.2545836782],[75.8503373552,11.2629649364],[75.8432063562,11.2706317303],[75.8617147163,11.274509405],[75.8643010552,11.2842976872],[75.8719723705,11.2892044835],[75.8617724039,11.289538414],[75.8557243132,11.301078488],[75.8514308671,11.2986900859],[75.8486609426,11.304181043],[75.8433046077,11.3026803242],[75.8405685628,11.3052594254],[75.8298109825,11.2969878766],[75.8239238939,11.3024807509],[75.8152826899,11.3023639742],[75.8158696892,11.3066663862],[75.8007269535,11.3161450947],[75.7970006349,11.3100330218],[75.7842463834,11.3109174031],[75.7821762879,11.3229506466],[75.7757239017,11.3231295195],[75.7717396843,11.3273250478],[75.7717980937,11.3329117581],[75.7642164819,11.3356317892],[75.7624777158,11.3417933899],[75.746534227,11.3357462545],[75.7419934634,11.3547016865],[75.7354940086,11.3559274557],[75.7338362869,11.3513581826],[75.7332719439,11.3511921992]],[[75.9281570494,11.3350662395],[75.9321031109,11.3456447724],[75.9390224291,11.3471113788],[75.9360608387,11.3511245175],[75.9423670352,11.3600885623],[75.9360843621,11.3663778424],[75.9400669679,11.3790599056],[75.9371141649,11.3839511658],[75.9416125877,11.3932758609],[75.9360074818,11.3966877034],[75.9271311727,11.3916901824],[75.9168279983,11.3985622844],[75.9196950639,11.409664591],[75.9101267228,11.3996117056],[75.9122809615,11.3939312681],[75.9087197543,11.3931825215],[75.9131794044,11.3902774701],[75.9111331772,11.3873537542],[75.9135206878,11.3844144031],[75.9089893189,11.3819187598],[75.9082465297,11.3691905912],[75.904637044,11.3659734393],[75.908877205,11.3585660578],[75.9016506486,11.3548488799],[75.8942901084,11.3455402281],[75.8971673521,11.3362592277],[75.9074588367,11.3392402244],[75.9212442972,11.3333572673],[75.9280440707,11.3351061494],[75.9281570494,11.3350662395]],[[75.9692863752,11.3616720209],[75.9371399575,11.3438710026],[75.9414002436,11.3424967881],[75.9421955366,11.3448076111],[75.9451512529,11.3420532242],[75.9490200696,11.3458398068],[75.9518915682,11.344432596],[75.9553971984,11.3514521099],[75.9602063725,11.3487425661],[75.9568988027,11.3260418738],[75.9508203201,11.3239532248],[75.9524972693,11.3138044101],[75.9559531266,11.3088107224],[75.9615716054,11.307234944],[75.9659235241,11.2970760211],[75.9792245055,11.2888982524],[75.9831310157,11.2931182001],[75.9890682357,11.2893569215],[75.9894902265,11.2992449173],[75.9832436729,11.3078266254],[75.9885878453,11.3068134318],[75.9886168255,11.311506737],[75.9930611275,11.3138718861],[75.9919433674,11.3177554522],[75.99866117,11.3180103044],[76.0010484099,11.3235959859],[75.9954372706,11.3246457443],[75.9870951805,11.332706765],[75.9938873876,11.3465568596],[76.000864538,11.3509669444],[75.9966279547,11.3558968742],[76.002562817,11.3631463063],[76.0036865974,11.3776348176],[75.9897588856,11.3806429556],[75.9845061648,11.374659258],[75.9898825902,11.3627335991],[75.9695750051,11.3615339349],[75.9692863752,11.3616720209]]],[[[75.8018551539,11.1594025638],[75.8088088522,11.1647171229],[75.8121355624,11.1638832113],[75.8112458396,11.1581947665],[75.8170707138,11.1605715265],[75.8229131791,11.1565009241],[75.8246511663,11.1592855441],[75.8360986664,11.1602431353],[75.8525796569,11.158163218],[75.8545262257,11.1564483629],[75.8515554314,11.1529633241],[75.8571477905,11.1469419535],[75.8575105672,11.1384925114],[75.8458042488,11.1429627877],[75.8336844381,11.132418359],[75.8311458431,11.1260428354],[75.8253493408,11.1239822546],[75.8137997173,11.1494088467],[75.800966794,11.158846786],[75.8018551539,11.1594025638]]]]}},{"type":"Feature","properties":{"name":"Malappuram","slug":"malappuram","leading":"UDF","seats":{"LDF":468,"UDF":1934,"NDA":33,"OTHERS":353},"declared":2788},"geometry":{"type":"MultiPolygon","coordinates":[[[[75.9361813328,10.7317406704],[75.9370487149,10.7467238558],[75.9443430929,10.7519415226],[75.9404054585,10.7605895834],[75.9534443307,10.7644660154],[75.9502136597,10.7696167289],[75.9509272693,10.7764605853],[75.9710265299,10.7879020427],[75.9705000136,10.7969855526],[75.9731630516,10.8005199632],[75.9673841219,10.8034277917],[75.9627250614,10.8110123577],[75.9647523134,10.8136877304],[75.9586078079,10.8165378764],[75.9477760252,10.8028654809],[75.9327411765,10.7916232852],[75.9092544118,10.7855183342],[75.8769351264,10.9410386246],[75.8815351284,10.9418904973],[75.8757650033,10.9631168935],[75.8816556231,10.9702149148],[75.8840217851,10.9678508766],[75.8932754448,10.9705104523],[75.8908351378,10.9800677865],[75.8971066508,10.9833150791],[75.897952258,10.9942241255],[75.888066176,11.0141038845],[75.8900685602,11.026338713],[75.9056351376,11.031992727],[75.9302037661,11.0335222508],[75.93361148,11.02931362],[75.9289087657,11.0201555169],[75.9302798941,11.0141654958],[75.9365565079,11.0155798142],[75.9500862509,11.0112047881],[75.9552681855,11.0130348493],[75.9474091262,11.0276383823],[75.949371095,11.0290910863],[75.9404867336,11.0370491294],[75.9430861124,11.0458898987],[75.9411968827,11.0427236774],[75.9293684211,11.045753695],[75.9218654504,11.0538824303],[75.9204321005,11.0442991629],[75.9064244799,11.0522657439],[75.8895214194,11.0511122315],[75.87556593,11.0383449788],[75.8732223977,11.0429149502],[75.8808002587,11.0527659786],[75.878136754,11.052728215],[75.8758932008,11.058547103],[75.882091911,11.0604724112],[75.8846209844,11.0667818802],[75.8766740202,11.065972228],[75.8746538799,11.0742221449],[75.8621968087,11.0842872591],[75.854338632,11.0847297067],[75.8547073767,11.0814491548],[75.8469471365,11.0779536408],[75.8413823517,11.0803535298],[75.8253119009,11.1239661274],[75.8311190724,11.126026438],[75.8336714863,11.132380491],[75.8458333676,11.1429360303],[75.8574970553,11.1384425639],[75.8573635953,11.1468197962],[75.8517014378,11.1530810597],[75.859111328,11.1579136807],[75.8607742408,11.1677703386],[75.8650931223,11.1718610719],[75.8702251169,11.1726892631],[75.870280689,11.1695698157],[75.8760347091,11.1662226112],[75.882581011,11.171882941],[75.8879884267,11.1718653864],[75.8848702711,11.1850202027],[75.8765261744,11.182479166],[75.8756841298,11.1864131223],[75.8626761024,11.1888985242],[75.8566220119,11.1939699033],[75.86038651,11.19532],[75.86001438,11.20059423],[75.85504547,11.20212438],[75.8570788345,11.2061519165],[75.8613651861,11.2045225407],[75.8706144368,11.2077827195],[75.8780829752,11.223251464],[75.8971286722,11.2301200017],[75.9008532154,11.2424837576],[75.9171175365,11.2363214375],[75.9273777951,11.2466204909],[75.959786825,11.2531168667],[75.9741540153,11.2686938434],[75.9955561106,11.2544039974],[75.9993655288,11.2582698246],[76.0086214376,11.2595531775],[76.0139292525,11.2679323909],[76.0361186744,11.2681643582],[76.0453563608,11.2651634069],[76.0577100348,11.2749299113],[76.0604614363,11.2823746513],[76.0724638175,11.287190765],[76.0697850666,11.294209541],[76.08454277,11.3046027876],[76.0863753814,11.3097766252],[76.1143443957,11.3152172756],[76.1194767735,11.3220705336],[76.1151952926,11.3352337536],[76.1170706268,11.337639607],[76.1004921239,11.3400675029],[76.0938941473,11.3486877124],[76.0961909741,11.3595460047],[76.0911997544,11.3669005229],[76.0997626454,11.3720997022],[76.0975727872,11.383748606],[76.0995393662,11.3961009109],[76.1064749676,11.4032748938],[76.1053429584,11.4101845284],[76.1169274447,11.4086025787],[76.1305493449,11.4262672419],[76.1410400457,11.419679834],[76.1443817764,11.429948524],[76.1373001974,11.4436299554],[76.1421022569,11.4519309989],[76.1526426119,11.4527708936],[76.1590734454,11.4592471338],[76.1635081361,11.4577792685],[76.1694736847,11.466697718],[76.1857324852,11.4732923663],[76.1869246502,11.4783552903],[76.1819902261,11.483638731],[76.1847546044,11.4840048305],[76.1888938939,11.4943829629],[76.2016595838,11.5081582514],[76.224555162,11.5100782792],[76.229183513,11.5248330207],[76.2340703374,11.529128843],[76.2492342494,11.5129052379],[76.2509222417,11.5026664665],[76.2476096343,11.4684725162],[76.264938578,11.4808984159],[76.2757952896,11.4768918137],[76.2846356878,11.4828218448],[76.2944144838,11.4727749032],[76.2905847919,11.4696158397],[76.2935463889,11.4656923568],[76.3057208504,11.467647868],[76.3257013338,11.4533503598],[76.3424187842,11.467697056],[76.3715002993,11.4541742727],[76.3980436878,11.4350894032],[76.4187571569,11.4418752223],[76.4154604824,11.4227007227],[76.4622900381,11.3873359409],[76.5182498746,11.3711707276],[76.5164333284,11.3600554945],[76.51015573,11.3551277816],[76.5477886543,11.358955154],[76.5498942095,11.3309276799],[76.5373338642,11.3140947786],[76.5393419081,11.3046426373],[76.545800607,11.3003223339],[76.5262659344,11.2882811853],[76.5221667781,11.2713580688],[76.5030869173,11.2624858161],[76.4961998079,11.2633955734],[76.4531824985,11.2402179622],[76.4490078182,11.2055247184],[76.4333996995,11.2030459318],[76.425420488,11.2084283384],[76.4052574797,11.2083969311],[76.4074822255,11.1926638883],[76.4020475515,11.1878676976],[76.4134427767,11.1709969951],[76.4077455667,11.154783645],[76.4148145577,11.1419989254],[76.4107443489,11.1330172895],[76.4149115072,11.1197600839],[76.4090505857,11.1130096302],[76.3922417194,11.1083716919],[76.3875710727,11.0992542282],[76.3607502561,11.0981715978],[76.357900231,11.0934970032],[76.3511458183,11.0926344317],[76.3438943885,11.0878385478],[76.3397392325,11.0780303906],[76.3297470492,11.0741921006],[76.3347913439,11.0629391074],[76.3314645687,11.055025984],[76.3250547928,11.0505236581],[76.3110478994,11.0506020024],[76.3094751234,11.0468634933],[76.2949855865,11.0503615259],[76.292867152,11.040923537],[76.2845273298,11.035567019],[76.2893561062,11.0336738269],[76.2846202525,11.0245123395],[76.2885651605,11.0214942914],[76.2987380831,11.0285440261],[76.3177297772,11.0290549706],[76.3249100348,11.0236367722],[76.3283813469,11.0243100942],[76.3289865704,11.0195253563],[76.3244261527,11.012063131],[76.3254610532,11.0036284829],[76.3512961658,10.9960915803],[76.3528234239,10.9997715195],[76.3713650951,10.9974253996],[76.3619438676,10.9749178165],[76.3377766747,10.9773463006],[76.3329589997,10.9820568736],[76.3285696711,10.9797430088],[76.3261816641,10.9677019904],[76.3286693677,10.964996929],[76.320655423,10.9532395076],[76.3203961237,10.9364204738],[76.3334661303,10.9227667664],[76.3323099849,10.9144673573],[76.3354445005,10.9125936841],[76.335641425,10.9058116607],[76.3222312036,10.9057377509],[76.3193610404,10.9118663793],[76.3052244054,10.9114730705],[76.2964084359,10.9199485223],[76.2844440177,10.9134168285],[76.2795404634,10.9161304354],[76.2684684457,10.9153295611],[76.2532214088,10.8856858846],[76.2326453905,10.88507155],[76.22916647,10.8863255746],[76.2156960195,10.9139977735],[76.2116383542,10.912866874],[76.2037154321,10.8982016879],[76.188302663,10.9001394247],[76.188104646,10.9110729495],[76.1751283714,10.9065779628],[76.1710153797,10.9157741365],[76.1613176951,10.9130100557],[76.1503684279,10.8911281899],[76.1453327541,10.8902925133],[76.1314987288,10.8976333238],[76.1310313773,10.8789205219],[76.1151370764,10.8822392944],[76.112831873,10.8672159855],[76.1024088242,10.8708682053],[76.1021973398,10.8485232523],[76.0992010903,10.8429879352],[76.0675029168,10.8386359852],[76.0502023809,10.8478442902],[76.0425505423,10.8487218509],[76.0358060906,10.8350900797],[76.0299876413,10.8330536271],[76.0262752352,10.8223923168],[76.036582123,10.8158556454],[76.0354473354,10.8085047888],[76.0499706375,10.8006459064],[76.045654831,10.7952953134],[76.0432457428,10.7972206477],[76.0416789146,10.7913274364],[76.0390818115,10.7554032719],[76.0473740259,10.751448557],[76.0467996042,10.7426315028],[76.0542454354,10.7401298697],[76.0640950855,10.7436472984],[76.0697019633,10.7375520236],[76.0694798624,10.7304623583],[76.0657230199,10.7290462514],[76.0672700415,10.7235799184],[76.0596437102,10.7276902908],[76.0615179784,10.7203160332],[76.0551128162,10.7143093573],[76.0520714811,10.7044395821],[76.0374600995,10.7070816497],[76.0343305189,10.7010750857],[76.0199248547,10.6975925803],[76.0102594207,10.6896147256],[75.9992520806,10.6938239967],[75.9854716057,10.6910005406],[75.9812344296,10.6868475045],[75.9773820223,10.6966093913],[75.9769865425,10.6928298726],[75.9675966667,10.6943233333],[75.9562648812,10.6857972892],[75.9364657414,10.7312617921],[75.9361813328,10.7317406704]],[[76.0118112368,11.1039308473],[76.0063326633,11.1113586377],[76.0103021042,11.128161233],[76.0072230968,11.1318900557],[76.0086467425,11.1379096008],[75.9844983128,11.1555243711],[75.9726874432,11.1546040725],[75.9697120913,11.1718711451],[75.9652941392,11.1739037817],[75.9580084652,11.1690190445],[75.9540583041,11.1716136657],[75.94012265,11.16322861],[75.940080801,11.1547712979],[75.9484008285,11.1413389038],[75.95527245,11.1362322957],[75.9673203742,11.1339718496],[75.96434534,11.1191396074],[75.9684585606,11.1148634756],[75.993223672,11.1085302133],[76.00871441,11.0981299999],[76.0127648223,11.1011425604],[76.0116799895,11.1037514818],[76.0118112368,11.1039308473]],[[76.0452500503,11.0867939288],[76.0326760407,11.0592927658],[76.0407986094,11.05582012],[76.0341744528,11.0493124857],[76.0372554388,11.0450706966],[76.0453713387,11.0452268599],[76.0416764321,11.0389892785],[76.0489864694,11.03546397],[76.0553627965,11.0392575342],[76.0563586418,11.0477428664],[76.0609957738,11.0509674171],[76.0663115007,11.0445217612],[76.0623361568,11.0386302877],[76.0704804048,11.0394208271],[76.0698693224,11.0326355996],[76.0753885864,11.0271004591],[76.0780200198,11.037625278],[76.0826528525,11.0350740579],[76.0878119011,11.0372753812],[76.0907495463,11.0312280601],[76.099979214,11.0290455261],[76.1027205835,11.0312340208],[76.0963168698,11.0377518709],[76.0944486751,11.045883533],[76.1011018183,11.0557803412],[76.0814872787,11.0811630569],[76.0842150873,11.0925445204],[76.0781220591,11.0936243969],[76.0742949773,11.0892277984],[76.0638926665,11.0885591436],[76.0615154867,11.0918759224],[76.0571997177,11.0916324003],[76.0454649132,11.0879005074],[76.0452500503,11.0867939288]],[[76.0471828508,10.9964049802],[76.0426338442,10.9980475194],[76.042347375,11.0033230848],[76.0340719807,11.0033883515],[76.0304646924,11.0068977745],[76.0229941585,10.9995314394],[76.0224451128,10.9936078591],[76.0092061958,11.004886507],[75.9988930187,11.0064272481],[75.9951536746,11.0026263358],[75.9893136284,11.0042098001],[75.9867529643,10.9979215481],[75.9917781921,10.9989703846],[75.9966763938,10.979357286],[76.0060450594,10.9769973161],[76.0102304256,10.9710701337],[76.0448059432,10.9731135307],[76.0443713165,10.9684416993],[76.0537329614,10.9640751926],[76.0579423269,10.9709152573],[76.0521468075,10.9769538616],[76.0528845392,10.9848953238],[76.0451885573,10.9867912167],[76.0490959493,10.9942518676],[76.0472811866,10.9962011633],[76.0471828508,10.9964049802]],[[75.9062834038,10.9132393668],[75.9065327946,10.9095160117],[75.9127486915,10.9068746283],[75.9094208928,10.9032097813],[75.9125475831,10.8982272133],[75.909728192,10.8943514091],[75.9199009024,10.8960131486],[75.9255187351,10.8908585416],[75.9330464242,10.8932886722],[75.9359737466,10.9007294492],[75.9413139891,10.9010206301],[75.9392203144,10.902978127],[75.9455289081,10.9148305604],[75.9381892352,10.9200210224],[75.9369866703,10.9309986883],[75.9295205596,10.9364178016],[75.9251114697,10.9453613021],[75.9224388782,10.9409252632],[75.9131458331,10.9395119829],[75.9126393881,10.9339129997],[75.9072551423,10.9298628847],[75.9088422891,10.9278236988],[75.9042564226,10.9173383946],[75.9062281032,10.9134740457],[75.9062834038,10.9132393668]],[[76.0860113756,10.8989653085],[76.087186138,10.9067520958],[76.0825485784,10.9081589121],[76.0710414244,10.9037411191],[76.063417865,10.9201706594],[76.0578400787,10.9218541522],[76.0546182637,10.9270807855],[76.0425966212,10.9271645022],[76.0427700782,10.9114602479],[76.0400585864,10.9060741293],[76.0453826305,10.894561546],[76.0403053449,10.8909786596],[76.0443448939,10.886057418],[76.0420920914,10.8814930862],[76.0472802029,10.8772090388],[76.0449688788,10.8680922078],[76.0630981498,10.8740576025],[76.0714182626,10.8710486729],[76.0745299455,10.8767593421],[76.0840531943,10.8767743252],[76.0857730759,10.8984642178],[76.0860113756,10.8989653085]],[[76.2511419413,10.94553968],[76.2531347123,10.9536048421],[76.2601611629,10.9546653784],[76.2638369456,10.9593239231],[76.263158113,10.965418248],[76.2512761748,10.9742793919],[76.2530894998,10.9825591833],[76.2622938817,10.9913471779],[76.2302906724,11.0050487389],[76.2296345144,11.0010445465],[76.2139704159,10.9911306495],[76.2144280664,10.974962012],[76.2094455721,10.9717796053],[76.2124192353,10.9649264652],[76.2070321323,10.9596672252],[76.2091105502,10.9581411546],[76.2061246969,10.9564417817],[76.2051999526,10.9487101418],[76.2100379413,10.9408114128],[76.2084936251,10.9388508077],[76.2204017355,10.9358138686],[76.229017098,10.9390810957],[76.2353775892,10.9375819759],[76.2377081113,10.9280483071],[76.2446976244,10.9233805825],[76.2442453134,10.9297150846],[76.2510023575,10.9455091397],[76.2511419413,10.94553968]],[[76.0754993152,11.1258521995],[76.0679472227,11.1163168141],[76.0799749153,11.0990867325],[76.0846589451,11.1001205079],[76.0804736711,11.1051329854],[76.0833722371,11.116007299],[76.1012364272,11.1076165086],[76.101378405,11.0995918568],[76.1072444653,11.0927749553],[76.1112792545,11.0965179369],[76.133005061,11.0954901552],[76.1336600436,11.0989745487],[76.1458029851,11.0965867451],[76.1475923137,11.089435879],[76.1537356299,11.0927675294],[76.1619733241,11.0922271607],[76.1637054037,11.0961126078],[76.168012512,11.091439421],[76.1736803286,11.0941065964],[76.1754896684,11.0877381133],[76.1818498262,11.0882321577],[76.186529881,11.0987634576],[76.1912521978,11.0984912511],[76.1877549713,11.1041075033],[76.1926962819,11.1090667272],[76.1823744155,11.113547509],[76.1852311558,11.1232874131],[76.1756347425,11.1262608243],[76.1658970729,11.1347460914],[76.1585094472,11.1357455125],[76.1589292654,11.1317220027],[76.1340803584,11.129240253],[76.1306780649,11.1394502856],[76.123179649,11.136934019],[76.1134645174,11.1429013776],[76.102317116,11.1433805311],[76.1003498984,11.1458187482],[76.1044367381,11.1484260593],[76.1007768306,11.154906509],[76.0990990206,11.1519189432],[76.0967047091,11.1532439438],[76.0959929397,11.1461478387],[76.0918056983,11.1433819666],[76.0875851906,11.1459630218],[76.0857282617,11.1318626217],[76.0781625163,11.1320492085],[76.0795785756,11.1283528914],[76.0758699445,11.1261294441],[76.0754993152,11.1258521995]],[[76.2786324461,11.3035066738],[76.2723271479,11.2992825835],[76.2694011457,11.3093092054],[76.2556618714,11.3051778474],[76.2453244372,11.3163416418],[76.2388260625,11.3154154815],[76.2370595244,11.3119792313],[76.2409257121,11.3035205506],[76.2321269276,11.2968069558],[76.2310309266,11.2864981018],[76.2259326611,11.2812420627],[76.2189817184,11.2865508635],[76.2136295359,11.2856905458],[76.2160184758,11.2756340331],[76.2007639781,11.2644540773],[76.2105965256,11.2596260875],[76.2140820056,11.2608491861],[76.2146561146,11.2652580445],[76.2146272144,11.2550311558],[76.2243972377,11.2541417152],[76.2253687274,11.2585186849],[76.2364763336,11.2616111138],[76.2398783343,11.2663949631],[76.2468361546,11.2623958689],[76.247416809,11.2570883714],[76.2519228995,11.2586371242],[76.2564743578,11.2559052042],[76.2570547481,11.2501242319],[76.261544705,11.2512900285],[76.2651648071,11.2617801064],[76.2641657059,11.2747440038],[76.2737014477,11.2816229321],[76.2756497478,11.2870731108],[76.2733840266,11.2906300713],[76.2785029086,11.3033623442],[76.2786324461,11.3035066738]]]]}},{"type":"Feature","properties":{"name":"Palakkad","slug":"palakkad","leading":"LDF","seats":{"LDF":1009,"UDF":776,"NDA":202,"OTHERS":129},"declared":2116},"geometry":{"type":"MultiPolygon","coordinates":[[[[76.4160592514,10.7495666235],[76.4185682278,10.7520305385],[76.41524878,10.7537497312],[76.4194032248,10.7546751539],[76.4201305804,10.76352734],[76.4242903729,10.7634456388],[76.4232047605,10.7677828916],[76.4274465308,10.7751159139],[76.4239812804,10.775969448],[76.4237329306,10.781376597],[76.3891796856,10.7798494234],[76.3853458891,10.7875816809],[76.3810534544,10.7874763759],[76.3854906121,10.7974291988],[76.3845888496,10.8155977002],[76.3886109735,10.8191434652],[76.3682191889,10.8241166363],[76.3657922087,10.8146710983],[76.3632644573,10.8145777039],[76.3678494955,10.7998885157],[76.361445038,10.7993280053],[76.3609747609,10.8026239331],[76.353404173,10.8043997797],[76.3412321232,10.8007659342],[76.3426417971,10.7882745076],[76.3545417971,10.784927985],[76.3563313447,10.769993752],[76.3654743631,10.7636737326],[76.3577462578,10.7439674872],[76.3382397282,10.7494798246],[76.3239520456,10.7457930724],[76.2994197488,10.7535999514],[76.2991794517,10.7606949933],[76.3079351961,10.7661395072],[76.296531911,10.7808285219],[76.2982058447,10.7972999926],[76.292860327,10.7951600745],[76.282687642,10.8052226416],[76.2722345377,10.8075353561],[76.2682455443,10.8119454349],[76.2681522091,10.8175042087],[76.2627960743,10.817246458],[76.2577978055,10.8084039969],[76.2465693418,10.8131365222],[76.2496702336,10.8079449164],[76.2482720004,10.8026301357],[76.2558860259,10.7976145759],[76.2628202969,10.7851996372],[76.2621316548,10.7797361274],[76.2502039092,10.7798910179],[76.2427724887,10.7734180194],[76.2317653537,10.7725431178],[76.2236912155,10.7806141254],[76.208871082,10.7781109718],[76.1989213608,10.7815538181],[76.203922683,10.787542076],[76.20132856,10.8280281205],[76.1971545162,10.8292283149],[76.1988441667,10.8333563257],[76.1882873812,10.8358241813],[76.1879504778,10.8439356158],[76.1754659055,10.8484197989],[76.178259306,10.8256560378],[76.1762061824,10.8205436239],[76.1787574945,10.815081486],[76.1702329412,10.8004030092],[76.1720724513,10.7963657318],[76.1836317824,10.7984672071],[76.1834405663,10.7859790775],[76.2053319059,10.7687819982],[76.2035694269,10.7523293944],[76.1929186746,10.7516228497],[76.1906899653,10.743539546],[76.181164998,10.7344517864],[76.1815377366,10.7297164534],[76.1750650475,10.7232928241],[76.1720637823,10.7136711217],[76.165750609,10.7115241525],[76.1642690205,10.7063231716],[76.1612009021,10.7072032006],[76.1571129382,10.7175916394],[76.1534940249,10.7112851073],[76.1444128786,10.7195560252],[76.1357675737,10.7192984761],[76.133581563,10.7220177009],[76.1228846503,10.71051991],[76.0965893045,10.7284317301],[76.0835415,10.7269290717],[76.0692588316,10.7300640762],[76.0697019633,10.7375520236],[76.0640950855,10.7436472984],[76.0542454354,10.7401298697],[76.0467996042,10.7426315028],[76.0473740259,10.751448557],[76.0390818115,10.7554032719],[76.0416391828,10.763226669],[76.0393857143,10.7681224258],[76.0432457428,10.7972206477],[76.045654831,10.7952953134],[76.0499706375,10.8006459064],[76.0354473354,10.8085047888],[76.036582123,10.8158556454],[76.0262752352,10.8223923168],[76.0299876413,10.8330536271],[76.0358060906,10.8350900797],[76.0425505423,10.8487218509],[76.0502023809,10.8478442902],[76.0675029168,10.8386359852],[76.0992010903,10.8429879352],[76.1021973398,10.8485232523],[76.1024088242,10.8708682053],[76.112831873,10.8672159855],[76.1151370764,10.8822392944],[76.1310313773,10.8789205219],[76.1314987288,10.8976333238],[76.1453327541,10.8902925133],[76.1503684279,10.8911281899],[76.1571341357,10.9007274661],[76.1587041312,10.9107448097],[76.1686636339,10.9157878463],[76.1712699605,10.915577504],[76.1747330665,10.9066221716],[76.1892154456,10.910683574],[76.1878516793,10.9008620305],[76.1916521545,10.8982747883],[76.2047036003,10.8985767093],[76.214635159,10.9143999773],[76.2295745613,10.8858363632],[76.2510518182,10.8847222851],[76.2684684457,10.9153295611],[76.2741330352,10.9033054671],[76.2773425702,10.9028415401],[76.2779937838,10.8967428481],[76.291276326,10.8896179682],[76.2888115072,10.8831893145],[76.3039323572,10.8646727725],[76.3054610536,10.8565698836],[76.3146324726,10.8583734293],[76.3172219528,10.8643448035],[76.3240554767,10.8644802146],[76.3219696046,10.8552120792],[76.3302548593,10.8553055525],[76.3357586358,10.8637904869],[76.3341346332,10.8655809967],[76.3372348478,10.8677846603],[76.3400596448,10.8802405146],[76.3392578408,10.8824232575],[76.3323551474,10.8812608802],[76.3354445005,10.9125936841],[76.3323099849,10.9144673573],[76.3334661303,10.9227667664],[76.3203961237,10.9364204738],[76.3207636645,10.9538084914],[76.3286693677,10.964996929],[76.3261816641,10.9677019904],[76.3285696711,10.9797430088],[76.3329589997,10.9820568736],[76.3377766747,10.9773463006],[76.3619438676,10.9749178165],[76.3713650951,10.9974253996],[76.3528234239,10.9997715195],[76.3512961658,10.9960915803],[76.3349164117,10.9995128855],[76.3238950899,11.0053531903],[76.3283813469,11.0243100942],[76.3249100348,11.0236367722],[76.3177297772,11.0290549706],[76.2987380831,11.0285440261],[76.2885651605,11.0214942914],[76.2846202525,11.0245123395],[76.2893561062,11.0336738269],[76.2844300903,11.0352281864],[76.292867152,11.040923537],[76.2949855865,11.0503615259],[76.3094751234,11.0468634933],[76.3110478994,11.0506020024],[76.3250547928,11.0505236581],[76.3314645687,11.055025984],[76.3347913439,11.0629391074],[76.3297470492,11.0741921006],[76.3397392325,11.0780303906],[76.3438943885,11.0878385478],[76.3511458183,11.0926344317],[76.357900231,11.0934970032],[76.3607502561,11.0981715978],[76.3875710727,11.0992542282],[76.3922417194,11.1083716919],[76.4090505857,11.1130096302],[76.4149115072,11.1197600839],[76.4107443489,11.1330172895],[76.4148145577,11.1419989254],[76.4077455667,11.154783645],[76.4134427767,11.1709969951],[76.4020475515,11.1878676976],[76.4074822255,11.1926638883],[76.4053914727,11.2084793463],[76.425420488,11.2084283384],[76.4312533593,11.2032516268],[76.4395706779,11.2029478768],[76.4388986018,11.1992581899],[76.4526447984,11.1991148528],[76.4580750074,11.1876322461],[76.4733852797,11.1947664152],[76.4724470968,11.2086791507],[76.4780061464,11.2115998687],[76.5107549479,11.2114145701],[76.5161364665,11.2043670273],[76.5345038792,11.1966323183],[76.6009464115,11.206379599],[76.6298804481,11.1938749829],[76.6522392785,11.2092104598],[76.6781014784,11.2210124732],[76.6842268068,11.2281789209],[76.6847872384,11.2335033497],[76.6965468277,11.2393133299],[76.7065548247,11.2377079927],[76.7212161549,11.2244627688],[76.7254766443,11.2251183467],[76.7253639858,11.2187313342],[76.731914578,11.2152131097],[76.7220005883,11.2030913654],[76.7280670389,11.1908439426],[76.7222905059,11.1912177703],[76.7186197046,11.1861279231],[76.710169879,11.1875800848],[76.7065824744,11.1788029223],[76.7001188747,11.181386252],[76.7013542861,11.1756536461],[76.6932726216,11.1724449186],[76.6894844566,11.1593508145],[76.6962286959,11.155112774],[76.6963042878,11.14992169],[76.7008221667,11.1495724499],[76.7002290003,11.1463145101],[76.7064598257,11.141273797],[76.7126753638,11.1420534895],[76.7090496842,11.1470833681],[76.7180449853,11.1474979501],[76.7170771573,11.1433678475],[76.7283971951,11.1337856422],[76.7279034116,11.1301326797],[76.7345444918,11.136265686],[76.7394705886,11.1315447493],[76.7457254242,11.1377983804],[76.7478148878,11.136137807],[76.7452323204,11.1303103431],[76.748047644,11.1120824083],[76.7458333683,11.1086174149],[76.7407659794,11.1094711756],[76.7388443249,11.103836661],[76.7468985073,11.0924483094],[76.7515353832,11.0933455405],[76.7549371167,11.0789149736],[76.7500045225,11.0790044602],[76.7449694735,11.0720951683],[76.7417336008,11.0731532937],[76.746097536,11.0601589651],[76.744322702,11.0567095429],[76.7612494233,11.0528694771],[76.7651361022,11.0458759134],[76.7769586873,11.0425180674],[76.7872955339,11.0447735241],[76.7964991798,11.0567631873],[76.8010934083,11.0548822988],[76.7918475057,11.0375665391],[76.7656937349,11.0298124507],[76.7377694593,11.0396417472],[76.7152282677,11.0411308951],[76.7107386585,11.0386776102],[76.7086013021,11.0328121572],[76.6943467364,11.0218333509],[76.68994515,11.0132155426],[76.6858049297,10.98928879],[76.6673109897,10.9689110226],[76.6651863395,10.9436224],[76.6559471977,10.9379801644],[76.6591793646,10.9304298351],[76.6766919486,10.9180547839],[76.6953468175,10.9102249902],[76.7085885139,10.9100075758],[76.7126754518,10.9067571564],[76.7149100243,10.9086148261],[76.7385599461,10.8951851258],[76.741140167,10.8901149226],[76.7537300748,10.8947372307],[76.7657137898,10.8921741666],[76.7680698086,10.8878826047],[76.7816814668,10.8915052778],[76.7919062976,10.8820276986],[76.8064618671,10.8795657447],[76.8076469946,10.8770188047],[76.8115322099,10.8789609454],[76.8168272864,10.8735627751],[76.8280239724,10.8730094101],[76.8315905938,10.861030447],[76.8477801526,10.8501517936],[76.8528597975,10.8396067173],[76.8533949283,10.834105765],[76.8448760379,10.8260454926],[76.849388201,10.8178947392],[76.8640808789,10.8184132353],[76.8703733682,10.8084726177],[76.9001401769,10.8081380252],[76.9068476882,10.7826428256],[76.905392227,10.7724212949],[76.9024159446,10.7711510497],[76.9047226813,10.7634454927],[76.8961975968,10.7532634191],[76.8957365794,10.7444781895],[76.8885131646,10.7334154653],[76.89329696,10.7216820706],[76.8904430949,10.7165820529],[76.8820765486,10.717011454],[76.8684280053,10.6956361652],[76.8708466694,10.6931667349],[76.8662427023,10.6858245384],[76.8696419557,10.6771763164],[76.8777662125,10.6772798988],[76.8831411145,10.6531468505],[76.8827604978,10.6403783563],[76.8612016482,10.6328664665],[76.8306696749,10.6377065717],[76.8143371247,10.6362072096],[76.8112993258,10.6222573443],[76.8189166559,10.6117304285],[76.8154360572,10.6079198597],[76.8173774209,10.602964749],[76.8260654529,10.5968285804],[76.8318992213,10.5994961679],[76.8387731997,10.5953261069],[76.8377758659,10.5812685586],[76.8333666876,10.5753547717],[76.8394305017,10.5614013987],[76.8358427027,10.5573433256],[76.8352897315,10.5450249362],[76.8432646765,10.5375066123],[76.8311061816,10.4999611347],[76.8280380343,10.4495625216],[76.8160809777,10.4235085696],[76.8230318403,10.416858969],[76.8253765015,10.4097261506],[76.8300594151,10.4113623879],[76.8329296416,10.4070241008],[76.8337307829,10.4034091037],[76.8235854498,10.3948859506],[76.8308696876,10.3896731453],[76.8337458844,10.3831498622],[76.8443713409,10.3775655131],[76.8487258206,10.3683271463],[76.8452921535,10.3563065746],[76.8362370544,10.3458856195],[76.8379622801,10.3369573368],[76.8353489951,10.3329592876],[76.8222700971,10.3375149136],[76.8157422058,10.3456196438],[76.7974833376,10.3404227774],[76.773005777,10.3524629509],[76.7535052421,10.3590721632],[76.7389424129,10.3572835079],[76.7291889852,10.363946854],[76.6872285973,10.3640053876],[76.6834578342,10.3689917109],[76.6808381735,10.3675175962],[76.6705979385,10.374099402],[76.6615159055,10.3867293038],[76.6574181759,10.3848714681],[76.658906634,10.3802850732],[76.6548079099,10.3772516592],[76.6522580813,10.3819234868],[76.6454092931,10.3843662293],[76.6318073368,10.3773111146],[76.6287593606,10.3838146587],[76.6238463243,10.3794174605],[76.618420372,10.3918988646],[76.6168232742,10.3902701678],[76.6072656308,10.4007193893],[76.601939427,10.4189265073],[76.5952182184,10.4225932333],[76.5911623093,10.432560721],[76.5808794844,10.4444866287],[76.5845536657,10.4474560204],[76.5784103928,10.4445874577],[76.5825756248,10.4371044447],[76.5676181078,10.4381024003],[76.5585894356,10.4344383807],[76.5552181657,10.445419615],[76.5355815786,10.4483431693],[76.5243126942,10.4680418617],[76.5054733666,10.4742103595],[76.5026357209,10.4782427024],[76.4899543998,10.4796814206],[76.4874320618,10.486459112],[76.4741900368,10.4870011207],[76.4673349887,10.5029466695],[76.4595651828,10.5083995872],[76.4504861525,10.5217581166],[76.4415038764,10.5240285718],[76.4329514646,10.5347389389],[76.4393631634,10.5566064254],[76.4350717569,10.5552717425],[76.4303080296,10.5581984833],[76.4251533333,10.5720266667],[76.42057,10.5725966667],[76.4200885027,10.5789120048],[76.4094737932,10.5794221346],[76.4020401208,10.5947779253],[76.4057373937,10.600014995],[76.4136590648,10.594653437],[76.4140713962,10.6046675676],[76.4234868863,10.6053550629],[76.4292815791,10.6147341646],[76.4246982741,10.6190279504],[76.4275284003,10.6193446962],[76.4260529444,10.626983398],[76.4193220236,10.6281667596],[76.4204215624,10.622907918],[76.4173236483,10.6277445137],[76.4246315336,10.644552949],[76.4228271844,10.6477905624],[76.4250728936,10.6504792777],[76.4336802149,10.6497255964],[76.44016824,10.6632528175],[76.4444646152,10.6645387401],[76.4481278925,10.6617397061],[76.451076111,10.6662274474],[76.4482339661,10.6856294066],[76.4403840615,10.6961602037],[76.4515583187,10.7021612425],[76.4565329081,10.6995312214],[76.4616741807,10.7063114691],[76.4658469156,10.7182588806],[76.4641903739,10.7212694189],[76.477627747,10.7306253966],[76.4790206448,10.7345964483],[76.4689394854,10.7414799708],[76.4727848785,10.7495496998],[76.4672991161,10.7527688194],[76.4162697029,10.7493693245],[76.4160592514,10.7495666235]],[[76.4604330198,11.0118502714],[76.4543936527,11.0058756755],[76.456023144,10.9979824714],[76.4466635726,10.9946378663],[76.4396628048,10.9973054987],[76.4362530544,10.9913856318],[76.4389485963,10.9891189409],[76.4369039292,10.977698501],[76.4488204734,10.9731579868],[76.452914545,10.9624740887],[76.4606481352,10.9616555453],[76.4637376035,10.9698800157],[76.4747073726,10.9762063446],[76.471052725,10.9801142755],[76.4703060323,10.9943251904],[76.4744447297,10.9973395338],[76.46889,11.00146],[76.4692116724,11.0137477191],[76.4607391177,11.011802329],[76.4604330198,11.0118502714]],[[76.7019088517,10.7005881579],[76.7027885342,10.6940423255],[76.6972236937,10.6954163947],[76.6970572773,10.6912897281],[76.6924794683,10.6918800403],[76.6894829369,10.6884155451],[76.6952377905,10.6870875032],[76.6949040715,10.6828887017],[76.6996965321,10.6795269616],[76.6964496369,10.6761390627],[76.701348237,10.677659304],[76.7019828108,10.6708221452],[76.7099456242,10.6672444977],[76.7107780898,10.6708355161],[76.7172145558,10.6705847015],[76.7196602143,10.6853085766],[76.7327913984,10.6847784172],[76.7437448658,10.6917321992],[76.7512476235,10.6883829472],[76.7619342636,10.6989945303],[76.7447106417,10.7056063193],[76.7439672557,10.7126926007],[76.7352844874,10.71354942],[76.7346761126,10.7054322017],[76.7269530626,10.7050110604],[76.7234521806,10.700715027],[76.7241015193,10.6952669945],[76.7199313935,10.6925017073],[76.7136689218,10.6977650296],[76.7107881661,10.696190996],[76.709562956,10.6994669773],[76.7048432888,10.6969071834],[76.7048534969,10.7008119682],[76.7020730115,10.7006474928],[76.7019088517,10.7005881579]],[[76.6708639676,10.8048258463],[76.6657063991,10.8079010813],[76.6526768943,10.8025433909],[76.6488815855,10.7972424777],[76.6476823434,10.8047291159],[76.6337626512,10.8010441987],[76.6338736656,10.7768376955],[76.6207463104,10.754134447],[76.6618293624,10.747244185],[76.6720011414,10.750410598],[76.6737293789,10.77267057],[76.6689036452,10.7741635302],[76.6689022659,10.7814726205],[76.6805906062,10.7999974758],[76.6726691882,10.7994984076],[76.6688929795,10.8018587911],[76.6707199425,10.8049149951],[76.6708639676,10.8048258463]]]]}},{"type":"Feature","properties":{"name":"Pathanamthitta","slug":"pathanamthitta","leading":"UDF","seats":{"LDF":327,"UDF":532,"NDA":169,"OTHERS":71},"declared":1099},"geometry":{"type":"MultiPolygon","coordinates":[[[[76.7134982641,9.0847717908],[76.6894042912,9.0911300973],[76.6845942674,9.087369551],[76.6836410407,9.0814204644],[76.6784905105,9.0814498435],[76.6781849339,9.0779538418],[76.6732676654,9.079682001],[76.6718999748,9.0837537124],[76.6771932741,9.0919268808],[76.6757713643,9.1141969084],[76.6729260614,9.1173580519],[76.656399382,9.1134447266],[76.6473308041,9.1167656089],[76.6451872617,9.1222512502],[76.6349526004,9.122245154],[76.6376125493,9.1490149685],[76.6514947061,9.1518769529],[76.6637893052,9.149867558],[76.67041487,9.1526397004],[76.6733798559,9.1553562961],[76.6716120346,9.1647809724],[76.6772344234,9.1721066178],[76.6864783415,9.1679577854],[76.6913196955,9.1776207678],[76.7005997308,9.1762673006],[76.709007416,9.1859181062],[76.7023155397,9.1887158294],[76.702281219,9.1975290999],[76.6970664303,9.2044592307],[76.701865109,9.2097657908],[76.6911940436,9.2240809335],[76.6946287014,9.2301890058],[76.674661138,9.235963962],[76.6706260921,9.2313996603],[76.6686112491,9.2399270058],[76.6634652365,9.2378244415],[76.6561733033,9.2419465522],[76.6590775078,9.2533054267],[76.6544696726,9.2610402538],[76.6641485064,9.2662501478],[76.6624691945,9.2691217533],[76.6667121681,9.2701121618],[76.6695595511,9.2781505676],[76.6772456397,9.2829804339],[76.674477601,9.2911597956],[76.6524268073,9.2929074178],[76.6508013413,9.3083081002],[76.6446342227,9.3099028261],[76.6413754763,9.323193285],[76.6348484918,9.3270469625],[76.641336408,9.3322454853],[76.6397303511,9.336157662],[76.6422579016,9.3408652704],[76.6286343453,9.3420066023],[76.6283493523,9.3369202329],[76.5982919848,9.3461729851],[76.5951084496,9.3523949096],[76.5877561853,9.3516749414],[76.5817188003,9.3470973602],[76.5796706613,9.3533199135],[76.5670164296,9.3557044804],[76.5604364909,9.3506682392],[76.5507016832,9.3504487737],[76.5581375733,9.3435700033],[76.5502247242,9.3245655554],[76.5367209989,9.3221228698],[76.5316172152,9.3296870762],[76.526881211,9.3260946354],[76.5171580358,9.3272974055],[76.4998479239,9.3236508279],[76.4877163384,9.3294299195],[76.4743983519,9.3288794954],[76.4732728635,9.3317515116],[76.4749572801,9.3375664757],[76.4840586172,9.3457764331],[76.4958927583,9.3467626313],[76.5089012221,9.3547070726],[76.5167508359,9.3541781505],[76.5161911126,9.3648724247],[76.5241751455,9.3670146709],[76.5149499255,9.370093062],[76.5098584714,9.3763149037],[76.5140695673,9.3900212141],[76.5107330755,9.3914606413],[76.5119596417,9.4004801683],[76.5161649017,9.399825478],[76.5161010643,9.4074985536],[76.5254935482,9.4093207435],[76.5263156092,9.4135962979],[76.5311183098,9.4132682618],[76.5306584801,9.4164324264],[76.5392053012,9.4142220586],[76.5404231274,9.4205978282],[76.544007067,9.422945458],[76.5537860875,9.4239300686],[76.5553852573,9.4131771467],[76.5658629074,9.4077428417],[76.559918753,9.3987972973],[76.5633555709,9.3983419833],[76.5637958323,9.3949580957],[76.5605104407,9.395770717],[76.5599975077,9.3907202095],[76.5552079298,9.3942035226],[76.5485817645,9.3926175171],[76.5513820063,9.3857071494],[76.5491986813,9.3846576404],[76.5539172024,9.3786076739],[76.551386805,9.3758794308],[76.5525330548,9.3687687549],[76.5608470283,9.3637094658],[76.5625296944,9.3676290312],[76.5761795556,9.3682518564],[76.5755302282,9.3601751688],[76.582320657,9.3632642635],[76.58731086,9.3613004286],[76.5904653266,9.3682817042],[76.5975527736,9.3717348169],[76.6027275229,9.3837738491],[76.5970064862,9.3912511271],[76.5965090363,9.4102075803],[76.5901839412,9.4189258728],[76.5932458772,9.4143186693],[76.5967439831,9.4205313607],[76.5927272386,9.4232488639],[76.5942420652,9.4355260595],[76.5911198544,9.4445817641],[76.5997685438,9.4503419583],[76.6048939273,9.4498492962],[76.6021619595,9.457749803],[76.6106200766,9.4539824991],[76.6091289646,9.4589073253],[76.6116127931,9.4611237849],[76.6261373746,9.4615061609],[76.6286500606,9.4716200568],[76.6312703318,9.4720263506],[76.6363247991,9.4627826096],[76.6412750499,9.4672000937],[76.642834617,9.4791692454],[76.6592307256,9.4826796815],[76.6727486718,9.4797406358],[76.680025726,9.4833948329],[76.6888474776,9.4778565028],[76.699327364,9.4770115802],[76.6990926847,9.4670646463],[76.708359219,9.4543843146],[76.7231501924,9.4647450069],[76.7314726038,9.4666486798],[76.7326974192,9.4750645558],[76.7456724659,9.4751639818],[76.7459235716,9.4677052999],[76.7531549626,9.4620425786],[76.7502040993,9.4601149542],[76.7494190481,9.4519227086],[76.7571181668,9.4522674814],[76.7657104724,9.4354898099],[76.7678259525,9.4422198528],[76.7815037755,9.4483684668],[76.7868264732,9.4497855476],[76.793039041,9.446671665],[76.7937137662,9.4536967059],[76.7986818773,9.4515056246],[76.8013784766,9.4581434975],[76.8044861223,9.4548996626],[76.818778629,9.4556242286],[76.8251593105,9.444998451],[76.8290903061,9.451758684],[76.8330562952,9.4526437172],[76.8491309543,9.4457768101],[76.8532620806,9.4498551098],[76.8546520577,9.4579459345],[76.8573002087,9.453643062],[76.8867802865,9.4424355843],[76.911883636,9.4232152049],[76.9214857633,9.424594167],[76.9241051649,9.4154697219],[76.9370067627,9.4210618731],[76.9429852404,9.4187969586],[76.9593810445,9.420185653],[76.9688969787,9.4250479111],[76.9738738933,9.4219839613],[76.9764967595,9.4245882757],[76.9925565763,9.4216865284],[76.997156599,9.4236269582],[77.0032681687,9.4190444755],[77.0110504768,9.4203717795],[77.0097499095,9.4093057096],[77.0214738924,9.4064922346],[77.0554365511,9.4179260226],[77.0669879127,9.4167463805],[77.0624276312,9.4260033887],[77.0590545433,9.4261823531],[77.0579367245,9.4435327874],[77.0668434037,9.4532089677],[77.0836979744,9.4576150669],[77.091644851,9.4639833287],[77.111443165,9.4674913462],[77.1154707102,9.4631820464],[77.1352211883,9.4582479792],[77.1547149286,9.4701611612],[77.1663720366,9.4689338823],[77.1686449041,9.4609103652],[77.1812314326,9.4712759919],[77.1843978493,9.4619745808],[77.1832276215,9.4538451876],[77.1881066417,9.4554884798],[77.1906304007,9.4488392773],[77.1969336729,9.4512455066],[77.2067453935,9.4497283858],[77.2096049809,9.4470169897],[77.2079575719,9.4406394187],[77.2119106468,9.4430660308],[77.2151601847,9.4371144528],[77.2237043675,9.4338663601],[77.2205499537,9.4205837248],[77.2288787949,9.4188976562],[77.2282301549,9.4100019156],[77.231359179,9.4033613354],[77.2388860117,9.3982544642],[77.2458468785,9.3864635788],[77.2481607084,9.3770325408],[77.2418344822,9.3696039852],[77.2411924605,9.3604285699],[77.2349438534,9.3499962966],[77.2380293514,9.3396840238],[77.2304498499,9.3299811749],[77.235089459,9.3234796168],[77.2246257866,9.3111387507],[77.2245076111,9.2954525486],[77.2290306107,9.296662837],[77.2354523603,9.2925531619],[77.2371345151,9.2821056707],[77.2395391164,9.2846452322],[77.2431114183,9.2831099981],[77.2446976868,9.2894017306],[77.2488321013,9.2889953399],[77.2611173609,9.2808967803],[77.2727508383,9.2784646392],[77.2815735072,9.2725134451],[77.2832969299,9.2675169188],[77.2823767915,9.2562454815],[77.278797134,9.25223793],[77.2799705401,9.2399735983],[77.2742847947,9.2356148435],[77.2822937151,9.2172666398],[77.2709245041,9.2056448772],[77.2704423707,9.2007621414],[77.256334869,9.1994543748],[77.2530587014,9.1897338871],[77.2660960232,9.1821592447],[77.2672693471,9.1542816902],[77.2528718606,9.1392499897],[77.2471710024,9.1248251161],[77.2423115405,9.1253368768],[77.2285887672,9.117154916],[77.2262472436,9.108041565],[77.2191052413,9.1017543958],[77.2123268401,9.1003578175],[77.2058176322,9.0847408719],[77.2100663715,9.0748479278],[77.2086123777,9.0714427025],[77.190209874,9.0768265806],[77.1802397414,9.0755672226],[77.1747511188,9.0795358404],[77.1677125239,9.0788435698],[77.1627338865,9.0828418071],[77.1560617597,9.0826583403],[77.1543617469,9.0882033857],[77.1464599798,9.0843487997],[77.1455532363,9.0867801362],[77.1304377392,9.08941429],[77.1229696896,9.0975945898],[77.1104929026,9.0933079199],[77.0976522324,9.1030936211],[77.0809078645,9.108935638],[77.0797407121,9.1126742522],[77.0672949401,9.1139777298],[77.065382679,9.119234923],[77.0585011614,9.1170348342],[77.0535800804,9.127864494],[77.0460234958,9.1226210743],[77.0183306302,9.1311920329],[77.0171773088,9.1358466539],[77.0099498629,9.1400744259],[77.0036409267,9.1361308183],[76.9837863633,9.1414465653],[76.9798888275,9.1470773296],[76.9669576348,9.1509827018],[76.9616974026,9.1477104211],[76.9608814025,9.1508865699],[76.9415790869,9.1631754073],[76.9395397934,9.16795069],[76.9287995298,9.1733424135],[76.9263384505,9.139159952],[76.936715452,9.1359130474],[76.9402508269,9.1389085914],[76.9495651144,9.1311308631],[76.9596714586,9.1299117769],[76.9485047071,9.1174937098],[76.9251672631,9.116649379],[76.9196354129,9.1234296048],[76.9017217082,9.1252699621],[76.8990736727,9.1300756217],[76.8836268325,9.1215773859],[76.8755340402,9.131181353],[76.8665155588,9.1202690561],[76.8659275364,9.1141078837],[76.8566669486,9.1174523282],[76.8540406393,9.1120347253],[76.8516982991,9.1128181806],[76.8518540436,9.0992052676],[76.846396299,9.0990168117],[76.8422903705,9.0922179922],[76.8225489896,9.0933130358],[76.8096356464,9.1091157837],[76.7953290581,9.1096488545],[76.7841815293,9.1150028401],[76.7832876814,9.1107571474],[76.7743740506,9.1051597633],[76.7756432116,9.1002606939],[76.7705519626,9.1011652043],[76.7664076689,9.095045582],[76.7715189894,9.073952223],[76.7582552838,9.072365122],[76.7555684702,9.0884367932],[76.7453725608,9.0795452339],[76.7376616901,9.0855941037],[76.7335236485,9.0806430061],[76.7141890541,9.0849713695],[76.7134982641,9.0847717908]],[[76.7344359092,9.1407497432],[76.7451797786,9.1384654878],[76.7483000142,9.1517348503],[76.7602692663,9.1425848084],[76.7657982822,9.1443401391],[76.7686717857,9.1512735332],[76.7683146513,9.1679012812],[76.7569569287,9.1681008965],[76.7515186122,9.1717211096],[76.7489692171,9.1868227447],[76.7445343982,9.1916426712],[76.7395819794,9.1873178923],[76.7394201354,9.1835479271],[76.7436697124,9.1819095839],[76.7408856348,9.1756095168],[76.7088582186,9.1811978514],[76.7200157516,9.1637736553],[76.7181826895,9.1549464658],[76.721521192,9.1521216286],[76.7167751372,9.1412227823],[76.7269071235,9.1441256494],[76.7341699933,9.1407452444],[76.7344359092,9.1407497432]],[[76.7656741962,9.2858733651],[76.7615523014,9.2859684025],[76.7615165402,9.2718266174],[76.7759016189,9.2583640639],[76.7717263219,9.2513004694],[76.7791227848,9.2441065341],[76.7822676223,9.244127371],[76.7821020418,9.2475943297],[76.785255138,9.246067754],[76.7889858058,9.2581296622],[76.7988109769,9.2521160235],[76.8012520325,9.2577085167],[76.7989282072,9.2612524526],[76.8054180418,9.2575684751],[76.8083273631,9.262001619],[76.8166889935,9.2550713627],[76.8200856325,9.2562709345],[76.8229855892,9.262329736],[76.8261493198,9.2617176246],[76.8258275376,9.2714115773],[76.8281724393,9.2726362064],[76.8222580208,9.28459944],[76.8143153781,9.2912744906],[76.8103758774,9.288939761],[76.8134101163,9.286069964],[76.8110545264,9.2733945009],[76.8018955367,9.278175719],[76.7997509361,9.2728040594],[76.7947044322,9.2726149565],[76.7958206937,9.280434887],[76.7893448989,9.2877826178],[76.7890530022,9.3014337895],[76.78065803,9.2943583317],[76.7653457715,9.2909207424],[76.7656447899,9.2860888399],[76.7656741962,9.2858733651]]]]}},{"type":"Feature","properties":{"name":"Thiruvananthapuram","slug":"thiruvananthapuram","leading":"LDF","seats":{"LDF":799,"UDF":654,"NDA":320,"OTHERS":64},"declared":1837},"geometry":{"type":"MultiPolygon","coordinates":[[[[76.9528853102,8.5636761946],[76.9468845569,8.5702165577],[76.9419957427,8.5696219342],[76.9368753375,8.573287182],[76.9417726012,8.5794856606],[76.9345156735,8.5858931175],[76.9349751025,8.5890059904],[76.9277530401,8.5905952878],[76.9255097394,8.606031663],[76.9176459089,8.6081062173],[76.9130541731,8.6051916391],[76.9121826644,8.5992495761],[76.9151774382,8.5962283455],[76.9120498134,8.5935331176],[76.8988599498,8.6044586916],[76.8896238,8.6043585998],[76.8841569361,8.6082021221],[76.8681181716,8.5952086455],[76.8649918125,8.5851880576],[76.8557315941,8.5790707314],[76.8591958563,8.5706023165],[76.8713419539,8.5569282486],[76.86574428,8.5499101941],[76.8557854993,8.546548371],[76.7988376014,8.6164736892],[76.8006607915,8.6181991481],[76.798647879,8.6166255105],[76.7842415824,8.6319016594],[76.7859323214,8.633487748],[76.7189163339,8.7167038457],[76.7349018436,8.7297744018],[76.7413942125,8.7282446088],[76.7428735922,8.740436119],[76.734128908,8.7451763997],[76.7320411631,8.7538105647],[76.7255067512,8.7570808728],[76.7262584471,8.7619306234],[76.717976803,8.7700186518],[76.7081373149,8.7678849802],[76.7100575142,8.7514070834],[76.7048293327,8.7521780629],[76.6968364422,8.7455799141],[76.6731667696,8.7814652028],[76.6767486302,8.7885640258],[76.6840188692,8.7766643861],[76.685064987,8.7795432976],[76.6906574039,8.7794346481],[76.6934183418,8.79179444],[76.709842594,8.7916984598],[76.7090885284,8.7950596445],[76.7146643651,8.7963604597],[76.7203741343,8.8032915896],[76.7443287687,8.7946440553],[76.7584538198,8.7952608944],[76.760416866,8.7917187611],[76.7615478341,8.8001369299],[76.7703381205,8.800143271],[76.7683496915,8.8033135663],[76.7721063679,8.805526443],[76.7718152248,8.8110793359],[76.7777440482,8.8091445634],[76.7928799016,8.8131427887],[76.7894096774,8.814531781],[76.7895350426,8.8179984457],[76.7831472862,8.8188472504],[76.7870754761,8.8229179931],[76.7911365717,8.8219903498],[76.7942077715,8.8281743772],[76.7883491317,8.8355738685],[76.7846898992,8.8356267887],[76.7817629742,8.842473749],[76.7757258877,8.8437021437],[76.783087656,8.8520427293],[76.7803968622,8.8604443398],[76.7835567239,8.8625153447],[76.7902171119,8.8525841948],[76.7943100465,8.8562463439],[76.8008574372,8.8482939373],[76.8060913149,8.8567719097],[76.8107437536,8.8540918407],[76.8163748681,8.859741622],[76.8198692373,8.8535451823],[76.8237703681,8.8552991364],[76.8264479442,8.85287497],[76.8256020555,8.8425420989],[76.8296281303,8.8449272882],[76.8477736696,8.8351236087],[76.8450261059,8.8283212906],[76.8489282482,8.8258527012],[76.8517391495,8.8173251248],[76.8553010567,8.815880224],[76.8570978221,8.8183503572],[76.8707960414,8.8091515843],[76.8759029359,8.8105375219],[76.8835824419,8.8070751175],[76.88664939,8.8104427157],[76.9003154551,8.8123126776],[76.920939272,8.7878094089],[76.9147720483,8.7821270131],[76.915057868,8.7765984743],[76.9340983117,8.7614991351],[76.9472728842,8.7710552797],[76.9600892121,8.7703871026],[76.9723991589,8.7758482365],[76.9746570222,8.7845024212],[76.9836013993,8.7902718782],[76.9972662408,8.7845838757],[77.0036915307,8.7709132727],[77.0163256758,8.770765264],[77.0246307946,8.7742167078],[77.0101487045,8.7961525363],[77.0075567676,8.8131249297],[77.0132574889,8.8176537704],[77.020167163,8.8169529799],[77.0190502355,8.8287857606],[77.0290866999,8.8362183855],[77.0319485464,8.8431615537],[77.0506188582,8.8465219319],[77.0844090208,8.8411580497],[77.0897066663,8.8321083559],[77.1014406807,8.8294758606],[77.1092633773,8.832463581],[77.1103296748,8.8267188179],[77.1196037686,8.8225117196],[77.1360249513,8.8058190005],[77.1432561585,8.8049007314],[77.1534430224,8.7951204848],[77.155668912,8.7961327919],[77.1914445275,8.7726901231],[77.199996268,8.7710849077],[77.1969413816,8.7679049605],[77.2002756414,8.7620274769],[77.1974238344,8.7499864626],[77.1925919807,8.7445184284],[77.1829674711,8.7425909579],[77.1715695228,8.7503472507],[77.1702227147,8.7417838999],[77.1753116007,8.7364073261],[77.1626750202,8.7150564603],[77.1764952541,8.712677488],[77.1846897526,8.7166679489],[77.1953758175,8.7073716944],[77.2083865543,8.6800457441],[77.2011251638,8.6689037571],[77.2090376811,8.6635291113],[77.2140685719,8.6494928778],[77.2249454533,8.6392555391],[77.2298581078,8.6403781974],[77.2347805369,8.6268183246],[77.2439903482,8.6220755427],[77.2460066393,8.6246058631],[77.2506818412,8.6227863816],[77.2532250661,8.6124671367],[77.2470322908,8.6035055964],[77.2557822562,8.5965751044],[77.2571926193,8.5905275925],[77.266319084,8.5854580916],[77.2732094569,8.5678693915],[77.25711274433469,8.57736031920908],[77.2712990963,8.5676349417],[77.2740249036,8.5581507458],[77.2820095857,8.5501401717],[77.2822952887,8.545859114],[77.2741801519,8.538232188],[77.2614666475,8.506610259],[77.2513916235,8.5058040982],[77.2402835708,8.4975606374],[77.2300452981,8.5091038675],[77.2150261021,8.5130631663],[77.2022245301,8.5015507581],[77.2040273492,8.4966367705],[77.2115111033,8.4925608749],[77.2138459244,8.4854286188],[77.2113214734,8.4780495173],[77.2145738868,8.4703798289],[77.2270680555,8.4590033946],[77.2284125613,8.4483967554],[77.2186805396,8.4521570845],[77.2262583366,8.4486270586],[77.2248434532,8.4464215816],[77.2066295925,8.4446954683],[77.2032255597,8.4351032185],[77.1959135922,8.4287108972],[77.1968012822,8.4194613169],[77.1820521238,8.4051024146],[77.1820815086,8.3968525],[77.1678114963,8.3834447373],[77.1612857954,8.3900748948],[77.1509758516,8.3845151013],[77.1519629042,8.381066454],[77.1599180646,8.381183312],[77.1611547959,8.3727626033],[77.1534498244,8.3614594621],[77.1525816485,8.3550170353],[77.1574590082,8.3593253589],[77.1597213362,8.3570919544],[77.163346227,8.3618027142],[77.1668014827,8.3601634686],[77.1677016449,8.363441521],[77.1742507245,8.3586552612],[77.1748854004,8.3500082776],[77.1670550448,8.3426606514],[77.1696996463,8.3345833246],[77.1804612416,8.3231580963],[77.1733768128,8.3197060588],[77.1692133335,8.3327065862],[77.1532909601,8.3279439973],[77.1492114328,8.3317265749],[77.1398533384,8.3294500736],[77.1291067406,8.3255390213],[77.1294488765,8.3218303227],[77.1200789657,8.3216138487],[77.119990222,8.3141294968],[77.1242278986,8.3117275098],[77.122745461,8.3088011055],[77.1165714182,8.3103520498],[77.1135525453,8.3043235121],[77.1016956612,8.306441918],[77.0969343108,8.2930004707],[77.0288237693,8.3457974043],[77.0299215025,8.3489326948],[77.0088672955,8.3574860795],[77.0067874371,8.3635590851],[77.0129480157,8.3652913246],[77.0235976584,8.39475824],[77.0072545363,8.4013931772],[76.9965184023,8.3909514971],[76.9826723778,8.3879903241],[76.9782068579,8.3933601878],[76.9821080408,8.3978314963],[76.9757576462,8.4075478525],[76.9762762885,8.4149720194],[76.9902970318,8.416076909],[76.9918110595,8.4209049745],[76.98729064,8.4238686899],[76.9800522894,8.4204246578],[76.9736847918,8.4225358533],[76.9698766752,8.4316719963],[76.9794898012,8.4417888557],[76.9753167342,8.4493437244],[76.980761141,8.4471777466],[76.988865234,8.4542836856],[76.9993130656,8.453709763],[77.0031427463,8.4483949036],[77.0064426868,8.448705512],[77.0046570804,8.4557012887],[77.0067795344,8.4586346509],[77.0023659865,8.4714307124],[77.0052487638,8.4765727858],[77.0038266194,8.5023631491],[77.0064723375,8.5048326135],[77.0030822896,8.5091004589],[77.0067341955,8.5183104389],[77.0148747931,8.5207340807],[77.012017265,8.5253494177],[77.0142872897,8.5283290734],[77.0063835813,8.5385631306],[77.013069847,8.5445867746],[77.0128139296,8.5496014533],[77.0021295321,8.5491437382],[76.9910339557,8.5529428962],[76.9870398331,8.5471016491],[76.9767493315,8.5457811963],[76.9699815077,8.5485473988],[76.968404879,8.5568352508],[76.9626371388,8.5635997013],[76.9529820641,8.5636260723],[76.9528853102,8.5636761946]],[[76.956797334,8.6038039973],[76.956851683,8.5959958067],[76.9628618632,8.5985040747],[76.9725111006,8.5926510792],[76.9776244037,8.5936579237],[76.9813073203,8.5895129978],[76.9922407651,8.586906791],[76.9948717104,8.5822035261],[77.0146750224,8.5915178558],[77.017536612,8.5982665748],[77.0230368123,8.5985828286],[77.0227435313,8.6044506365],[77.0305654229,8.6028875763],[77.0356678789,8.6170169161],[77.0491323934,8.6332315686],[77.0440523693,8.6392004391],[77.0338466462,8.6415757979],[77.0312281236,8.6378540877],[77.0221570706,8.6371918711],[77.0227272125,8.6263198809],[77.0097875297,8.6234394364],[77.0001782762,8.626186768],[76.9971389504,8.6130902038],[76.9883253492,8.6145417259],[76.9819687391,8.6232002549],[76.9636242885,8.6263845349],[76.9585021729,8.6234556818],[76.9564666677,8.6172801898],[76.9602420281,8.6107990181],[76.9572346563,8.6042965729],[76.956797334,8.6038039973]],[[76.7990132535,8.6799394722],[76.8061708401,8.6769214596],[76.8128654449,8.6876705165],[76.8179169754,8.6901233874],[76.8208080872,8.6804832114],[76.8230780231,8.6808046099],[76.8217920389,8.6763742466],[76.8334716935,8.6756900966],[76.8363878567,8.6775271621],[76.8386913239,8.689878121],[76.8456720646,8.6902824979],[76.8463421611,8.6929849825],[76.8423085728,8.6917563122],[76.8378806779,8.6964394274],[76.8362035969,8.7042364431],[76.8283107231,8.7038770934],[76.8172542334,8.7084133093],[76.8182286216,8.7225769458],[76.8140166845,8.7295249483],[76.8104148579,8.7270633083],[76.809828152,8.7212789091],[76.8034111958,8.7189792761],[76.8083993654,8.7082059042],[76.7957962583,8.6994006012],[76.7969950947,8.6907086543],[76.8021973805,8.6876734744],[76.7990153905,8.6798178249],[76.7990132535,8.6799394722]],[[77.0818347178,8.3679248676],[77.0874200254,8.3655880842],[77.0867734959,8.3795125516],[77.0900085614,8.383883515],[77.1141192026,8.385306223],[77.1139820406,8.3889121448],[77.1041145314,8.3943189769],[77.1051927154,8.4025757241],[77.1165238336,8.4021367045],[77.12555693,8.4090325199],[77.1022228348,8.414898588],[77.0928365791,8.423543425],[77.0926524488,8.4268259223],[77.1019794066,8.4367206961],[77.0986403022,8.439711138],[77.1028636157,8.4545978514],[77.0951369301,8.4559928904],[77.088502605,8.4449878719],[77.0822835161,8.4440042721],[77.0743407696,8.4326679284],[77.0675993635,8.4362056462],[77.0641412772,8.4340546414],[77.0630704072,8.4293204893],[77.0716692662,8.4219286568],[77.0737190932,8.4129737077],[77.0676491616,8.4145727353],[77.0645659459,8.4210670153],[77.0559279136,8.4217143035],[77.0508182465,8.4174476505],[77.0641389398,8.4071123666],[77.068097888,8.4060293267],[77.0722653972,8.4094635338],[77.0749046322,8.407411866],[77.0716558984,8.3928579076],[77.0799597874,8.3778482965],[77.0783901252,8.374594299],[77.0817200838,8.3680961576],[77.0818347178,8.3679248676]]]]}},{"type":"Feature","properties":{"name":"Thrissur","slug":"thrissur","leading":"LDF","seats":{"LDF":1018,"UDF":870,"NDA":220,"OTHERS":96},"declared":2204},"geometry":{"type":"MultiPolygon","coordinates":[[[[76.2232560627,10.2574429617],[76.2010164659,10.2576468988],[76.2008643027,10.2435405412],[76.1776131045,10.240136291],[76.1779564788,10.234335546],[76.1830810656,10.226372406],[76.1882424604,10.2253006019],[76.1903084559,10.2188775813],[76.1803105319,10.2162565705],[76.1747442006,10.2095060032],[76.1814697652,10.1901383826],[76.1690280438,10.1849121645],[76.1625490246,10.1777858637],[76.1234585978,10.3114372826],[76.0888345948,10.4031376412],[76.0648438356,10.4596337765],[76.0335982753,10.5149663097],[76.008990607,10.5690148559],[76.0168116774,10.5737881407],[76.0256269416,10.5731226806],[76.0301170173,10.5809548285],[76.0403751102,10.5627148991],[76.041744865,10.5685309564],[76.0465538663,10.5661387626],[76.047000614,10.5702108582],[76.0635267633,10.5739668488],[76.0634213985,10.5789029909],[76.0747270167,10.5822642088],[76.0698733102,10.6001292282],[76.06491553,10.6005983281],[76.0601103838,10.6057932338],[76.067372911,10.6174410768],[76.0774470009,10.6164064991],[76.0797644787,10.630910787],[76.0842657076,10.6316386039],[76.0826630745,10.6558558388],[76.0874944097,10.6599227062],[76.0862125155,10.6695137155],[76.0795093212,10.6677473981],[76.0783926024,10.673856343],[76.0740017116,10.666811404],[76.0601936785,10.6678100723],[76.0556703714,10.6621412809],[76.0431561505,10.6597496846],[76.0320498423,10.6690687201],[76.0341411621,10.6641846766],[76.0279095618,10.6599201638],[76.0283614055,10.6528048249],[76.0368210499,10.6348613317],[76.0191555662,10.6363773205],[76.020137358,10.630163847],[76.0119740985,10.6251033836],[76.0164861341,10.6156236582],[76.0032660807,10.6078866989],[76.0010155912,10.6109906963],[75.994436025,10.6080008637],[75.9934600314,10.6106400097],[75.989456105,10.6091260217],[75.9562468426,10.6858514379],[75.9626177963,10.6914826254],[75.9682243222,10.6943483849],[75.9757457036,10.6922975974],[75.9775559676,10.6965122692],[75.9812000762,10.6868887558],[75.9850824261,10.6908847036],[75.9995052341,10.6938507662],[76.0095470308,10.6894912336],[76.0199034166,10.6975326513],[76.0344791184,10.7009960952],[76.0373703322,10.7070407292],[76.0520480588,10.70444656],[76.0553135035,10.7146269092],[76.0614957962,10.7201577608],[76.0596200908,10.7277251497],[76.067229691,10.7235779588],[76.065711528,10.7289331467],[76.0688647011,10.7303803139],[76.0830326676,10.7270306993],[76.0966624551,10.7282597044],[76.1228733698,10.7105470568],[76.1330450117,10.7221506717],[76.1357025099,10.7193273325],[76.1444042183,10.7194617574],[76.1534732854,10.7112765036],[76.1567618027,10.717708671],[76.1611925099,10.7072325771],[76.1642623378,10.7063264781],[76.1655512133,10.7113543107],[76.1720409794,10.7136534574],[76.1750386061,10.7233227507],[76.1815754238,10.7298400024],[76.1811900602,10.7345770292],[76.1907039942,10.743566428],[76.1928677984,10.7515619029],[76.2035970807,10.7522396079],[76.2054057402,10.7687233365],[76.1945306797,10.7780713845],[76.1921493515,10.7770241025],[76.1885175506,10.7828082085],[76.2098099409,10.7777051878],[76.2202213523,10.7822741587],[76.2298462006,10.7731466225],[76.2426660407,10.7735378496],[76.247899899,10.7623272403],[76.245613514,10.7495766347],[76.2516879191,10.7467808433],[76.2654290778,10.7536898054],[76.2809432723,10.752524823],[76.2881615295,10.756347476],[76.3238484691,10.7458051111],[76.3380470514,10.7495158729],[76.3537921621,10.743240051],[76.359324295,10.7477780413],[76.3645970952,10.7629822507],[76.3828693625,10.7684765748],[76.3897099236,10.7649519633],[76.3964442128,10.7470318417],[76.4692439157,10.7520632005],[76.4727375518,10.7494936491],[76.4687499289,10.7413543148],[76.4787214129,10.7353133079],[76.4778149424,10.7308629618],[76.4643427177,10.7215130407],[76.4658814578,10.7184446068],[76.4617119948,10.706473444],[76.4566044849,10.6996135173],[76.4516234154,10.7021689155],[76.4403328159,10.6961659655],[76.4514481183,10.6763104659],[76.4507017893,10.6655785464],[76.4479402669,10.6617142729],[76.4445702657,10.6645727116],[76.4400655791,10.6632863036],[76.4338007699,10.6496995363],[76.4250793465,10.6504484257],[76.4175680627,10.631299907],[76.4197594346,10.6229867685],[76.419353697,10.6281542719],[76.4261152534,10.6269509382],[76.4274779455,10.6192975219],[76.4246935616,10.6189841294],[76.4293956765,10.6148416867],[76.4236186872,10.6052872397],[76.4140240604,10.6046692226],[76.4158912814,10.599681404],[76.4137384854,10.5948446538],[76.4057072859,10.6000369296],[76.4020356912,10.5949215369],[76.4093040337,10.5794805893],[76.4196098167,10.5792488256],[76.4203874232,10.5725810193],[76.4252539618,10.5721861301],[76.4302590384,10.5581913018],[76.4351627341,10.5551942989],[76.4393338469,10.5564534551],[76.4318902023,10.5371048147],[76.4413237513,10.5242340854],[76.4504753826,10.5218350966],[76.4593033398,10.5119909406],[76.4596923629,10.5082464256],[76.467279442,10.5029886459],[76.4745542045,10.4867729793],[76.4878435512,10.4860986688],[76.4902835081,10.4794864809],[76.5019718054,10.4784561453],[76.5050355096,10.4744613515],[76.5241140417,10.4677743136],[76.5320493876,10.4593423764],[76.5362044802,10.4485795958],[76.5564758517,10.4444980662],[76.5584241508,10.4344098377],[76.5669373137,10.4378434988],[76.5883463515,10.4359819862],[76.5956852516,10.421638927],[76.6018272969,10.4188981525],[76.6054248704,10.4106563472],[76.6035117189,10.4087658542],[76.6074711217,10.4050214708],[76.6065222778,10.4001513459],[76.6103790243,10.3991518082],[76.6160126367,10.3904436981],[76.6186312847,10.3912177387],[76.6226030156,10.3799829695],[76.6289072334,10.3830765161],[76.6310108505,10.3816003744],[76.6288499804,10.3767034156],[76.6327388529,10.3764108493],[76.6364681967,10.3811626849],[76.6457545742,10.3839419275],[76.6546225049,10.3777132918],[76.661683366,10.3863829477],[76.6706912152,10.3740101391],[76.6808381735,10.3675175962],[76.6834578342,10.3689917109],[76.6872285973,10.3640053876],[76.7026563897,10.3635370967],[76.7074169656,10.3712429948],[76.7192108517,10.3732132322],[76.7487230395,10.3666036324],[76.7548954786,10.3612714433],[76.7634389051,10.3618556891],[76.7638494955,10.3549394441],[76.7959392074,10.3413355006],[76.8167514815,10.3447223844],[76.823986531,10.3374243191],[76.8358308175,10.3329147149],[76.8286629652,10.3078547133],[76.8302662073,10.3036322635],[76.8380501932,10.3017165445],[76.8446105348,10.29522674],[76.8430648879,10.2895200322],[76.8518985275,10.2849172288],[76.8513972584,10.2902456583],[76.8551035582,10.2928409237],[76.8622502173,10.2920067235],[76.8731212816,10.2984968464],[76.8734208032,10.2763327061],[76.8914425194,10.2630571211],[76.897698312,10.2620273897],[76.9034269695,10.251523859],[76.9024393184,10.2446192906],[76.8981697312,10.2412884604],[76.8457503007,10.261003934],[76.8371442113,10.2594615229],[76.8332159099,10.2535736212],[76.8289850207,10.2541079944],[76.8290724562,10.257276646],[76.8230986069,10.2571529868],[76.821705683,10.2541530005],[76.8160261884,10.2557814653],[76.8137892889,10.25217518],[76.8189147833,10.2507345686],[76.8162046672,10.2498055189],[76.8175901883,10.2463034032],[76.7989122305,10.2475991567],[76.8039694936,10.2504211968],[76.8037349505,10.2550163494],[76.8001052424,10.2515555363],[76.7851118591,10.2543936317],[76.7786703132,10.2504700554],[76.7658411097,10.2544599151],[76.7540429716,10.2509517823],[76.7562312655,10.2532719757],[76.7398480224,10.2531424867],[76.7296094424,10.256698612],[76.7065833277,10.2553807062],[76.7064671057,10.252398534],[76.711405065,10.252105794],[76.7035772504,10.2518486216],[76.6966418235,10.2556537848],[76.6957188099,10.2637224709],[76.6696471238,10.2722837956],[76.6621124313,10.2806617489],[76.6461983499,10.2808944666],[76.6367137733,10.2739889212],[76.6215320871,10.2743109865],[76.6189644794,10.2811505001],[76.6034442469,10.2810520744],[76.5902373988,10.2933705645],[76.5900067047,10.2994817917],[76.5771837639,10.3034298807],[76.5665888078,10.2934054762],[76.57399006,10.2856114098],[76.5547773642,10.283586038],[76.5462495282,10.2900781638],[76.5240467371,10.2844410823],[76.5161887497,10.2879318223],[76.4975885805,10.2877649106],[76.4899294345,10.2937760302],[76.4735982961,10.2913310426],[76.4590674787,10.2966056056],[76.4479113721,10.2970624438],[76.4295221111,10.2893078888],[76.4158180526,10.2941154553],[76.417349776,10.288324474],[76.4118214729,10.2872108051],[76.4133417489,10.2809786801],[76.4016229397,10.2765052945],[76.3969357901,10.2674998821],[76.3901081016,10.2638951804],[76.3908736988,10.2556570179],[76.3777471366,10.2546537337],[76.3796848933,10.2449018767],[76.3406688523,10.2316628524],[76.3368772357,10.215753743],[76.3313243135,10.2092901808],[76.3104908271,10.2057368826],[76.3117450207,10.1822906267],[76.301460462,10.1851696702],[76.2969876077,10.1764603786],[76.2869329211,10.1783554696],[76.2798841054,10.17397307],[76.273299861,10.1757589323],[76.2743775382,10.1847422619],[76.2671154068,10.1851218953],[76.2610255771,10.1898191637],[76.2637732411,10.2012445684],[76.2498284135,10.2005583977],[76.2434923637,10.2054148008],[76.2344582149,10.2022176635],[76.2212417272,10.2066193565],[76.2172005151,10.2133064681],[76.2243264622,10.221098621],[76.2231153475,10.2312319507],[76.2304957602,10.2485667586],[76.2234960658,10.2576265557],[76.2232560627,10.2574429617]],[[76.2651645187,10.6474200751],[76.2662426433,10.6518176079],[76.2770917218,10.6530715618],[76.2814083879,10.6592744692],[76.2809183421,10.6686661661],[76.269633073,10.6758497571],[76.2748684475,10.6845429005],[76.26596069,10.6846916178],[76.2643889502,10.689430672],[76.2398816959,10.6848927731],[76.2383331003,10.6784888358],[76.2346282991,10.6776524218],[76.2300130835,10.669271181],[76.2269466603,10.6747330693],[76.2198161258,10.6691622949],[76.2048829052,10.6716545841],[76.1913658707,10.6658402871],[76.1895657802,10.6605988155],[76.1824066066,10.6597725876],[76.1788679309,10.65176146],[76.1831726353,10.6474059061],[76.1803012268,10.6420057913],[76.1811737669,10.6327610479],[76.1772625306,10.6296301708],[76.1874780848,10.6276772618],[76.1893954079,10.6189128999],[76.2008436864,10.6175044309],[76.200865478,10.6152192521],[76.2017965712,10.6174618494],[76.2052980687,10.6148657056],[76.2120716026,10.6164218079],[76.217096141,10.6125734649],[76.2195416803,10.6135027268],[76.2179400722,10.6183059411],[76.2277314013,10.6175893907],[76.2284285517,10.6302898303],[76.2333044948,10.632710604],[76.2417691106,10.6313284511],[76.2444398994,10.6353696622],[76.250208662,10.6355646013],[76.252116,10.6436153836],[76.2650573017,10.6472513381],[76.2651645187,10.6474200751]],[[76.2072051586,10.5635501618],[76.2088059929,10.5549865971],[76.202392178,10.5491883106],[76.1997065885,10.5531603015],[76.1929722428,10.5488798248],[76.1819624409,10.5488768234],[76.1705532832,10.5332520381],[76.1469587531,10.5305997837],[76.1474252659,10.5142347578],[76.1588322192,10.5149271971],[76.1636664564,10.4998574861],[76.1723067111,10.5041827033],[76.1754176604,10.5029018536],[76.1771474478,10.489802278],[76.1794281921,10.4896767796],[76.1737992515,10.4797563928],[76.193779683,10.4789191189],[76.2021357082,10.4748057811],[76.2250718538,10.4814399613],[76.2376894,10.4815604844],[76.2354377136,10.4722161489],[76.2387029364,10.4663757779],[76.2351333509,10.463205327],[76.2346084965,10.4564629998],[76.2371429528,10.4560520841],[76.2361599805,10.4484588924],[76.2391952891,10.4438746708],[76.2435537455,10.4477400053],[76.2475809934,10.4470693571],[76.2499160153,10.4543951205],[76.2478105815,10.4619601277],[76.2526228646,10.4620251264],[76.255157826,10.4667157074],[76.2528221855,10.4710858948],[76.2479973274,10.47059864],[76.2487695408,10.4781264978],[76.2452851943,10.4771103872],[76.2422819001,10.4830490971],[76.2448015759,10.4879311293],[76.2509875889,10.4845498074],[76.2530652575,10.4884196957],[76.2611093394,10.4866289265],[76.258119432,10.4906819682],[76.2631334833,10.4947168731],[76.2585034842,10.5092006886],[76.2619082444,10.5166105357],[76.266009976,10.5173768499],[76.2641731537,10.5213552773],[76.2683508718,10.5265395775],[76.2711933051,10.5221477456],[76.278128369,10.5239456004],[76.2867927466,10.5325239645],[76.2903817578,10.5321736051],[76.2901126642,10.5359216846],[76.293112051,10.5343312322],[76.2917435809,10.5280797901],[76.2941694433,10.5278944372],[76.2957860769,10.5382036028],[76.3000046446,10.5392777076],[76.2994555923,10.5326793141],[76.3060108412,10.539337119],[76.3059895771,10.5492713061],[76.2789673194,10.5410727077],[76.2596333739,10.542429304],[76.2534199026,10.5501363316],[76.2500492189,10.5501602042],[76.2551627912,10.5635872788],[76.2412094869,10.5649994295],[76.2395127848,10.5695128407],[76.2254235552,10.5727527158],[76.2272224597,10.5681761784],[76.2229765301,10.5653787243],[76.2071118342,10.5637124259],[76.2072051586,10.5635501618]],[[76.1839787652,10.3406712025],[76.192568569,10.3360759439],[76.2069101155,10.3382998514],[76.2246791678,10.3339885456],[76.2286915179,10.3404412877],[76.2325196309,10.3409716224],[76.2287551537,10.3498930492],[76.2319610882,10.3631749954],[76.2483187014,10.3618056096],[76.2474355016,10.3821235045],[76.2288156015,10.3891520817],[76.2226407525,10.397123016],[76.2261172517,10.3989330842],[76.2252010867,10.4051587404],[76.2208031783,10.4025673378],[76.2087583827,10.4040601218],[76.2023140654,10.4103487576],[76.2003021381,10.3947674031],[76.2077089535,10.3890388827],[76.2038533994,10.3804481952],[76.1953902948,10.3790489357],[76.1946635454,10.3724127621],[76.2013705871,10.3709156418],[76.1963187384,10.3653332892],[76.195839193,10.3569782002],[76.1818349485,10.3551733409],[76.1834773877,10.3471391966],[76.1807614332,10.3468802321],[76.1838239527,10.3410913903],[76.1839787652,10.3406712025]],[[76.309662101,10.2920062379],[76.3032476635,10.2905415205],[76.3039390316,10.2739144489],[76.3084072447,10.2794116194],[76.3287278731,10.2878511524],[76.3334051671,10.2945712006],[76.3442581933,10.2874298916],[76.347445052,10.2899375296],[76.3452127838,10.2998791936],[76.3520024239,10.3128271843],[76.3489351883,10.3287961373],[76.3510755313,10.3324138719],[76.3445467809,10.3323283787],[76.3456670403,10.3372738014],[76.3308049757,10.3447160567],[76.3223079915,10.3441696609],[76.322261906,10.3408573404],[76.3128191594,10.3414728713],[76.3155486321,10.3349757347],[76.3090934797,10.3186095697],[76.3118857694,10.3121746993],[76.3093002287,10.307468399],[76.3096985414,10.2920943596],[76.309662101,10.2920062379]]]]}},{"type":"Feature","properties":{"name":"Wayanad","slug":"wayanad","leading":"UDF","seats":{"LDF":213,"UDF":357,"NDA":21,"OTHERS":38},"declared":629},"geometry":{"type":"MultiPolygon","coordinates":[[[[75.9031580333,11.6575596896],[75.9048314072,11.6640218807],[75.9003302269,11.6781916594],[75.9119516293,11.6848071846],[75.911243102,11.6893051938],[75.8977637069,11.698429494],[75.8826368635,11.6985628586],[75.8748087124,11.7037697898],[75.8522127754,11.7035682882],[75.8453122632,11.7078055996],[75.8457198262,11.7143292169],[75.8314624334,11.7208693289],[75.831599599,11.7266675465],[75.8235781789,11.7277799181],[75.8220702534,11.7332233723],[75.8098121655,11.7427640782],[75.7921519778,11.74306477],[75.8004843076,11.7525730711],[75.7938055544,11.7535248428],[75.7832872077,11.7610706729],[75.7887465823,11.7653785725],[75.787526344,11.7751075325],[75.7927069786,11.7796225274],[75.7937443962,11.7895770574],[75.7733799238,11.802458689],[75.7796470967,11.8051234206],[75.7812258544,11.8102633298],[75.7998133208,11.817609183],[75.7977244881,11.8285567463],[75.7899067879,11.836230893],[75.7903516085,11.8420626881],[75.7930344612,11.8457473659],[75.8042522883,11.847283479],[75.8081277363,11.8562999951],[75.8169426733,11.8559572291],[75.819363121,11.8587024122],[75.8278694499,11.8510772534],[75.8438895106,11.8561301792],[75.8540055279,11.8477357462],[75.8716631716,11.8489103336],[75.8823289929,11.8449028295],[75.8874802723,11.846758537],[75.8921626608,11.8425588323],[75.911466787,11.8462092671],[75.9173533545,11.8444989016],[75.9209349906,11.8471985256],[75.9258250884,11.8463506265],[75.9262629345,11.8422824836],[75.9250713138,11.8482404388],[75.9308421137,11.8582124549],[75.9215024626,11.8688279869],[75.9110676646,11.8745037465],[75.9187737518,11.8800735702],[75.9302316528,11.8824358602],[75.936165831,11.8907972595],[75.9360734348,11.9004909671],[75.9388273245,11.903078873],[75.9350740231,11.9116758262],[75.9245629608,11.9198888928],[75.9261474848,11.9333702486],[75.93650082,11.9339151468],[75.9393725192,11.9411360042],[75.9546373007,11.9422021468],[75.9760258705,11.9336496144],[75.9896474411,11.9347488365],[76.0027842834,11.9311278856],[76.0123181421,11.9416019726],[76.0223610609,11.944006466],[76.0338308807,11.9404682665],[76.0700288346,11.9669816083],[76.0935866715,11.9684714641],[76.1120984198,11.9787550569],[76.1117462856,11.8841496254],[76.1148847764,11.8669846685],[76.1128800592,11.8581948702],[76.1213547261,11.8504042667],[76.1318433502,11.8538671838],[76.1452656673,11.8670425205],[76.1561521732,11.8708431612],[76.1650004225,11.8681669963],[76.1736640455,11.8718097428],[76.1915110549,11.8714283474],[76.2022855014,11.8626978252],[76.2077911482,11.8619622667],[76.2104740692,11.8448204435],[76.2131686072,11.8429181229],[76.2098904526,11.8283521717],[76.2263714479,11.8065505014],[76.219522773,11.7870486561],[76.2232774542,11.7702059195],[76.2287680588,11.765617895],[76.2243576209,11.7560379514],[76.2226070514,11.7392041785],[76.2292192933,11.7299949288],[76.2322426848,11.7141940893],[76.2211324498,11.7064642617],[76.2216507283,11.7033558183],[76.2358313412,11.6945657768],[76.232299373,11.6945212682],[76.2309482915,11.6901823912],[76.2200941878,11.688164659],[76.2181598751,11.6811906151],[76.2135590977,11.67951769],[76.2134401185,11.6761781601],[76.2202873822,11.6706822133],[76.2143120458,11.6680152031],[76.2178819148,11.6517822609],[76.2258572019,11.6474358377],[76.2276342025,11.6495498034],[76.2273552963,11.6450962046],[76.2382571347,11.6384684877],[76.2435810793,11.6403702533],[76.2467033609,11.6359028909],[76.2546034321,11.6376128996],[76.2611157606,11.6480293506],[76.2644131473,11.6452736063],[76.2766910304,11.6571152513],[76.290190475,11.6546985823],[76.2907715655,11.6584719226],[76.2942443671,11.6594050809],[76.3008055757,11.6561813973],[76.3019166488,11.6499481568],[76.3035789543,11.6519011399],[76.2999426675,11.6614875538],[76.287838134,11.6737162241],[76.2842331984,11.6728598393],[76.2869549967,11.6770093122],[76.2853302875,11.6931500468],[76.2957903497,11.7040625264],[76.283680739,11.7139709024],[76.2532435884,11.7141079926],[76.2506336097,11.7235199201],[76.2590286544,11.7349235188],[76.269297707,11.7385888492],[76.2694216358,11.7416655852],[76.2786479743,11.7397150639],[76.2762803314,11.7694854489],[76.2623051795,11.7819353489],[76.2614011922,11.8090600096],[76.2768889894,11.8123800114],[76.2802508032,11.8116406799],[76.2900848125,11.7929183864],[76.3077306055,11.7842124242],[76.3170011456,11.75223838],[76.3303473745,11.7476024857],[76.3404470083,11.7381992831],[76.3526325088,11.7383077246],[76.3622481591,11.7482437982],[76.3791754015,11.7451604443],[76.392111694,11.7552115629],[76.3988922694,11.7515393509],[76.4135041868,11.7591805446],[76.4158016245,11.7549341087],[76.4125885735,11.752755906],[76.4103313309,11.7415272695],[76.4127114792,11.7394367655],[76.4178612629,11.7421571113],[76.4272619572,11.725599616],[76.4239461147,11.7200562575],[76.4164346772,11.7173786788],[76.4135657618,11.7108079482],[76.4105299655,11.7154911175],[76.4032928357,11.7114603687],[76.4028846736,11.7077294029],[76.4083970973,11.7061193391],[76.4116569532,11.6947962911],[76.4079788336,11.6894449985],[76.4125970096,11.6859736807],[76.4146591858,11.6740221814],[76.4278242648,11.6698990299],[76.4358359741,11.6542610091],[76.4445324027,11.6485336965],[76.4326195347,11.6313392141],[76.4068256303,11.634377467],[76.3878202541,11.6295961707],[76.3828647985,11.623754413],[76.3839893033,11.611666337],[76.378582525,11.6084152516],[76.377415282,11.6017161636],[76.3544638089,11.5892670424],[76.3426888404,11.5873375494],[76.3399387478,11.5870112293],[76.3396155277,11.5929487594],[76.335853368,11.5954230558],[76.3226922478,11.5874165785],[76.3156195726,11.5765168483],[76.3105042411,11.5775390717],[76.3020286194,11.5711085986],[76.2955375916,11.5903585463],[76.2861532916,11.5897975445],[76.2788070004,11.6007318601],[76.2737231907,11.5935524],[76.2644124475,11.5923381885],[76.2329240129,11.5704838576],[76.2402217466,11.5557154032],[76.2445393194,11.5538635715],[76.242114099,11.5505474655],[76.2465052419,11.5458687859],[76.2439312183,11.5431068008],[76.251778924,11.5380838275],[76.2490155975,11.530085545],[76.2508891418,11.5277443606],[76.2390301548,11.5262998538],[76.2338460132,11.5290604323],[76.2290953959,11.5246376581],[76.2245653275,11.5100646216],[76.2204207443,11.511696711],[76.2012877759,11.5079396569],[76.1819945741,11.4836537753],[76.186909107,11.4784185819],[76.1858872473,11.4734394097],[76.1694594853,11.466695944],[76.1634811252,11.457757661],[76.1590070938,11.4592007028],[76.1526503768,11.4527775883],[76.1417773976,11.4514779908],[76.1220622185,11.4741839591],[76.1077579697,11.480356258],[76.1060394413,11.4846237406],[76.0926345848,11.4840130159],[76.0886087876,11.4870347113],[76.0880113944,11.4901128234],[76.0930819422,11.4928379233],[76.0891994173,11.505826911],[76.0906000714,11.5112088376],[76.0828840336,11.514527563],[76.0789020795,11.5224692006],[76.0749858731,11.5232106278],[76.0635702972,11.5098222781],[76.0588496719,11.509418425],[76.0514416206,11.501902036],[76.0468165896,11.5050884925],[76.0384683489,11.5017606012],[76.0337358542,11.5102240392],[76.0181660893,11.5142257221],[76.0164785609,11.5177555139],[76.0000470278,11.5260479267],[75.9940640333,11.536023893],[75.98176267,11.5380837175],[75.9568467017,11.5607170265],[75.9586893081,11.5695361322],[75.9531371483,11.579359342],[75.9380435579,11.5864916913],[75.9374609762,11.5913817865],[75.9298956074,11.5911641303],[75.9085892765,11.6010192355],[75.9059733447,11.6115841118],[75.898384105,11.6225738993],[75.8999679507,11.6373291491],[75.8959254116,11.6427434697],[75.9028688641,11.6519965731],[75.902407122,11.6568991228],[75.9031580333,11.6575596896]],[[76.0666581679,11.6419423767],[76.0649300016,11.6345009657],[76.0567443075,11.6401473246],[76.0485997122,11.6320285277],[76.0545455532,11.6207629219],[76.0640563828,11.6195340904],[76.0562406652,11.6106302062],[76.0465459658,11.6077334391],[76.0548791282,11.5890266066],[76.0610807718,11.5869171089],[76.0683060348,11.5747179394],[76.078989226,11.5715876087],[76.0874113477,11.5741199979],[76.0882969509,11.581833838],[76.0937135226,11.580621223],[76.1041447605,11.5883727846],[76.1025624913,11.5993674691],[76.111722942,11.6091584829],[76.1126397679,11.6171407821],[76.1023622614,11.6212993914],[76.0952302866,11.6283922761],[76.0929052625,11.636792165],[76.0961033125,11.6392407125],[76.0955733119,11.6447733747],[76.0870982992,11.6431930417],[76.087219878,11.6468137488],[76.0771183936,11.6482393361],[76.0667626159,11.6421494951],[76.0666581679,11.6419423767]],[[75.9597951728,11.8653965678],[75.9568388828,11.85214693],[75.9811579206,11.8404598256],[75.9823714187,11.8373417757],[75.9822060479,11.8328432023],[75.9758560844,11.8299926318],[75.9750152604,11.8226772703],[75.9671602631,11.8206375855],[75.9696929481,11.8167006494],[75.9639099545,11.80781483],[75.9628889536,11.7978347626],[75.9729694165,11.7958187724],[75.9803961097,11.800120772],[75.9982803695,11.7997590386],[75.9984791963,11.7924786896],[76.0021914887,11.7932380086],[76.0004996404,11.7872131269],[76.0073004288,11.7874373704],[76.0098636169,11.7805402309],[76.0161310854,11.779525099],[76.0150229371,11.7882439642],[76.0244789245,11.7887041412],[76.0303271726,11.8012412724],[76.0357001751,11.8021804365],[76.0417872062,11.7890168635],[76.0450002131,11.7880458079],[76.0415500222,11.781067041],[76.0485098016,11.7802695877],[76.0526660109,11.7740604982],[76.0539104183,11.7778487712],[76.0589339393,11.7764951863],[76.061346082,11.7935159333],[76.0698150922,11.7934634527],[76.0792679274,11.8085827546],[76.0852468606,11.8076719366],[76.0858345124,11.8126377687],[76.0898364162,11.8134426177],[76.0914078428,11.8177031977],[76.0881023408,11.8264736231],[76.0833882633,11.8218709959],[76.0780955738,11.8223538884],[76.0765144644,11.8273919022],[76.0706120946,11.8268123508],[76.0716991225,11.8326433031],[76.0664002131,11.8346005225],[76.0651858786,11.8301251615],[76.0592288068,11.8325470533],[76.0562291263,11.8298589889],[76.0514995664,11.8319969837],[76.0495284929,11.8293004002],[76.0361319557,11.8296723719],[76.0259655231,11.8241679123],[76.0276507815,11.8355878589],[76.0156900719,11.8417961086],[76.0154833866,11.8462760419],[76.0113834684,11.8466186056],[76.0082362217,11.8584448742],[75.9983735832,11.8672596902],[75.9964932647,11.8794864256],[75.990502568,11.879162391],[75.9874912688,11.8848159896],[75.9756347871,11.8889789738],[75.9621315597,11.8767791759],[75.9598504183,11.8656886249],[75.9597951728,11.8653965678]]]]}}]}
